日期,訂單編號,會員編號,商品分類,商品名稱,結帳金額,付款方式
2026-04-14 23:34,SA-833319,M00627,3C家電,LG 掃地機器人,15306,LinePay
2026-04-24 20:01,SA-505046,M00606,3C家電,Sony 降噪耳機,10270,信用卡
2026-04-09 01:31,SA-390325,M00727,母嬰用品,明治 金選奶粉,693,超商貨到付款
2026-04-07 17:19,SA-101186,M00496,生活居家,舒潔 抽取式衛生紙(箱),851,信用卡
2026-04-04 02:20,SA-714396,M00662,3C家電,Nintendo Switch,9492,信用卡
2026-04-13 13:44,SA-624470,M00178,生活居家,舒潔 抽取式衛生紙(箱),851,超商貨到付款
2026-04-27 02:46,SA-543480,M00819,3C家電,LG 掃地機器人,14397,街口支付
2026-04-21 10:27,SA-655195,M01444,服飾配件,Nike Air Force 1,3240,信用卡
2026-04-20 08:20,SA-629188,M01426,美妝保養,理膚寶水 B5全面修復霜,849,LinePay
2026-04-03 10:14,SA-641088,M00257,服飾配件,G-Shock 經典運動錶,3041,信用卡
2026-04-09 15:52,SA-657580,M00193,美妝保養,SK-II 青春露,6228,信用卡
2026-04-21 11:28,SA-942982,M01049,3C家電,Sony 降噪耳機,10445,超商貨到付款
2026-04-22 05:45,SA-435270,M00023,3C家電,Apple Watch S9,12961,LinePay
2026-04-29 03:43,SA-361951,M01376,保健食品,娘家 益生菌,1162,超商貨到付款
2026-04-12 06:43,SA-850537,M01174,生活居家,宜得利 N-COOL涼感床墊,1265,街口支付
2026-04-07 21:44,SA-962630,M00343,生活居家,3M 淨水器濾心,2460,LinePay
2026-04-27 19:49,SA-477372,M00590,美妝保養,雅詩蘭黛 小棕瓶,3850,LinePay
2026-04-06 22:15,SA-699821,M00570,生活居家,TOTO 溫水洗淨便座,9464,LinePay
2026-04-22 01:35,SA-444171,M00831,美妝保養,資生堂 百優精純乳霜,2549,超商貨到付款
2026-04-22 00:53,SA-345489,M00908,生活居家,舒潔 抽取式衛生紙(箱),832,信用卡
2026-04-13 17:56,SA-877536,M00753,服飾配件,G-Shock 經典運動錶,3176,信用卡
2026-04-21 08:30,SA-878104,M01006,生活居家,舒潔 抽取式衛生紙(箱),852,超商貨到付款
2026-04-19 03:50,SA-729613,M01017,美妝保養,資生堂 百優精純乳霜,2578,信用卡
2026-04-21 12:05,SA-963314,M00197,生活居家,宜得利 N-COOL涼感床墊,1241,超商貨到付款
2026-04-19 14:46,SA-384590,M00851,3C家電,Nintendo Switch,8858,信用卡
2026-04-20 15:06,SA-896736,M01282,生活居家,TOTO 溫水洗淨便座,9611,ATM轉帳
2026-04-19 15:36,SA-804199,M01402,3C家電,Apple Watch S9,13309,信用卡
2026-04-10 10:58,SA-421672,M01159,3C家電,LG 掃地機器人,15226,信用卡
2026-04-13 22:05,SA-849620,M00459,3C家電,Nintendo Switch,9366,街口支付
2026-04-03 18:34,SA-749015,M00303,保健食品,白蘭氏 雙認證雞精(盒),1306,LinePay
2026-04-16 13:19,SA-281552,M00179,3C家電,iPhone 15 Pro,35927,街口支付
2026-04-12 17:50,SA-241043,M00366,生活居家,舒潔 抽取式衛生紙(箱),826,LinePay
2026-04-25 13:19,SA-374387,M01102,服飾配件,G-Shock 經典運動錶,2994,信用卡
2026-04-06 10:39,SA-733094,M00608,生活居家,TOTO 溫水洗淨便座,9369,LinePay
2026-04-05 10:54,SA-908509,M01088,美妝保養,雅詩蘭黛 小棕瓶,3926,街口支付
2026-04-10 13:13,SA-130665,M00846,美妝保養,雅詩蘭黛 小棕瓶,3980,LinePay
2026-04-15 19:06,SA-132840,M00948,服飾配件,Uniqlo 極暖發熱衣,749,LinePay
2026-04-01 01:10,SA-990777,M00587,母嬰用品,Joie 輕量雙向推車,6730,超商貨到付款
2026-04-16 19:45,SA-300634,M00162,生活居家,TOTO 溫水洗淨便座,9278,LinePay
2026-04-04 16:53,SA-340936,M00915,3C家電,iPhone 15 Pro,33497,超商貨到付款
2026-04-22 08:40,SA-484541,M01459,服飾配件,G-Shock 經典運動錶,3119,超商貨到付款
2026-04-24 17:52,SA-448615,M00782,服飾配件,Uniqlo 極暖發熱衣,755,LinePay
2026-04-02 04:34,SA-779559,M00290,美妝保養,SK-II 青春露,6132,信用卡
2026-04-06 19:18,SA-672237,M00069,生活居家,TOTO 溫水洗淨便座,9011,LinePay
2026-04-29 06:09,SA-361230,M00959,生活居家,舒潔 抽取式衛生紙(箱),868,LinePay
2026-04-10 05:19,SA-900052,M00423,生活居家,3M 淨水器濾心,2300,ATM轉帳
2026-04-30 07:44,SA-430506,M01230,服飾配件,G-Shock 經典運動錶,3017,LinePay
2026-04-13 04:57,SA-230862,M01263,3C家電,Apple Watch S9,12205,LinePay
2026-04-04 04:00,SA-146993,M00997,美妝保養,SK-II 青春露,5758,信用卡
2026-04-14 03:41,SA-134493,M00524,母嬰用品,Joie 輕量雙向推車,6349,超商貨到付款
2026-04-13 23:20,SA-419537,M00522,美妝保養,理膚寶水 B5全面修復霜,817,信用卡
2026-04-13 18:58,SA-746762,M00109,3C家電,Sony 降噪耳機,10005,信用卡
2026-04-04 13:21,SA-226353,M00946,生活居家,無印良品 PP收納盒,439,LinePay
2026-04-15 06:21,SA-654303,M01016,3C家電,LG 掃地機器人,14536,超商貨到付款
2026-04-04 06:00,SA-724769,M00012,3C家電,iPhone 15 Pro,33624,LinePay
2026-04-07 13:04,SA-807790,M01179,3C家電,iPhone 15 Pro,34003,信用卡
2026-04-12 17:18,SA-316710,M00020,服飾配件,Ray-Ban 飛行員太陽眼鏡,5130,信用卡
2026-04-23 15:53,SA-917339,M00090,美妝保養,SK-II 青春露,5752,LinePay
2026-04-15 08:59,SA-773653,M01078,服飾配件,Nike Air Force 1,3396,信用卡
2026-04-01 20:08,SA-358277,M00329,服飾配件,Ray-Ban 飛行員太陽眼鏡,5451,超商貨到付款
2026-04-24 09:10,SA-648549,M00023,服飾配件,Uniqlo 極暖發熱衣,783,信用卡
2026-04-05 13:54,SA-864379,M01316,母嬰用品,Joie 輕量雙向推車,6456,信用卡
2026-04-17 14:17,SA-889893,M00401,服飾配件,G-Shock 經典運動錶,3100,LinePay
2026-04-18 23:44,SA-302976,M00632,美妝保養,SK-II 青春露,6123,信用卡
2026-04-07 14:48,SA-790555,M00574,服飾配件,G-Shock 經典運動錶,3111,超商貨到付款
2026-04-26 14:26,SA-385229,M00112,母嬰用品,Joie 輕量雙向推車,6247,信用卡
2026-04-01 14:40,SA-128070,M00678,生活居家,無印良品 PP收納盒,415,ATM轉帳
2026-04-16 03:52,SA-257334,M01036,3C家電,Apple Watch S9,12261,LinePay
2026-04-19 17:19,SA-535382,M00255,生活居家,舒潔 抽取式衛生紙(箱),884,信用卡
2026-04-13 00:15,SA-123446,M01357,美妝保養,雅詩蘭黛 小棕瓶,3850,超商貨到付款
2026-04-06 07:31,SA-269513,M00869,3C家電,Nintendo Switch,9508,超商貨到付款
2026-04-27 02:26,SA-825155,M00861,美妝保養,蘭蔻 極光水,3372,超商貨到付款
2026-04-18 07:53,SA-606216,M01412,母嬰用品,Joie 輕量雙向推車,6249,超商貨到付款
2026-04-19 14:16,SA-750171,M00434,保健食品,桂格 大燕麥片,236,ATM轉帳
2026-04-04 02:07,SA-774106,M00447,3C家電,Sony 降噪耳機,10295,信用卡
2026-04-05 11:56,SA-988743,M00725,3C家電,Dyson 吹風機,14136,LinePay
2026-04-17 22:17,SA-870881,M00479,美妝保養,資生堂 百優精純乳霜,2560,超商貨到付款
2026-04-13 06:23,SA-838111,M01017,3C家電,Dyson 吹風機,14503,LinePay
2026-04-28 15:49,SA-197757,M00588,生活居家,無印良品 PP收納盒,427,LinePay
2026-04-11 21:56,SA-268320,M01454,3C家電,iPhone 15 Pro,35615,信用卡
2026-04-09 11:20,SA-180602,M00864,美妝保養,蘭蔻 極光水,3451,LinePay
2026-04-18 13:53,SA-559402,M00216,3C家電,Apple Watch S9,12247,LinePay
2026-04-29 02:48,SA-824431,M01447,生活居家,無印良品 PP收納盒,436,ATM轉帳
2026-04-26 09:38,SA-124879,M00576,保健食品,善存 綜合維他命,936,信用卡
2026-04-20 06:16,SA-362642,M01398,3C家電,LG 掃地機器人,14890,街口支付
2026-04-16 03:12,SA-149793,M01172,3C家電,Sony 降噪耳機,10290,LinePay
2026-04-13 12:32,SA-526645,M01297,3C家電,LG 掃地機器人,15410,信用卡
2026-04-11 18:28,SA-764257,M00814,美妝保養,雅詩蘭黛 小棕瓶,3847,信用卡
2026-04-25 08:10,SA-306366,M00782,3C家電,Nintendo Switch,9348,超商貨到付款
2026-04-12 00:19,SA-481782,M00507,服飾配件,Ray-Ban 飛行員太陽眼鏡,5448,LinePay
2026-04-26 07:36,SA-772365,M01127,美妝保養,資生堂 百優精純乳霜,2522,信用卡
2026-04-15 21:58,SA-802963,M01489,3C家電,iPhone 15 Pro,33596,LinePay
2026-04-28 13:38,SA-419146,M00788,服飾配件,G-Shock 經典運動錶,3178,LinePay
2026-04-06 02:15,SA-885408,M00607,3C家電,Nintendo Switch,9375,LinePay
2026-04-29 03:57,SA-351499,M00938,美妝保養,SK-II 青春露,5776,超商貨到付款
2026-04-05 21:52,SA-607937,M01165,美妝保養,雅詩蘭黛 小棕瓶,4065,LinePay
2026-04-27 05:01,SA-600821,M00083,美妝保養,資生堂 百優精純乳霜,2526,街口支付
2026-04-26 19:28,SA-286670,M00851,美妝保養,雅詩蘭黛 小棕瓶,4100,街口支付
2026-04-10 07:32,SA-898744,M01192,3C家電,Nintendo Switch,9748,LinePay
2026-04-26 18:20,SA-101569,M00010,美妝保養,SK-II 青春露,5802,信用卡
2026-04-15 16:17,SA-777963,M01229,服飾配件,Levi's 501牛仔褲,3956,信用卡
2026-04-08 02:17,SA-109424,M01269,美妝保養,蘭蔻 極光水,3539,ATM轉帳
2026-04-02 06:35,SA-911948,M00973,服飾配件,Nike Air Force 1,3173,ATM轉帳
2026-04-26 03:48,SA-638704,M00318,母嬰用品,Joie 輕量雙向推車,6586,信用卡
2026-04-19 21:53,SA-349302,M00667,母嬰用品,幫寶適 一級幫紙尿褲(箱),1487,超商貨到付款
2026-04-10 16:15,SA-270704,M00447,3C家電,iPhone 15 Pro,33410,信用卡
2026-04-10 13:41,SA-843207,M00796,3C家電,LG 掃地機器人,14690,LinePay
2026-04-19 02:49,SA-568028,M00883,3C家電,Dyson 吹風機,13910,信用卡
2026-04-25 04:25,SA-793840,M00387,美妝保養,蘭蔻 極光水,3446,超商貨到付款
2026-04-25 14:22,SA-897931,M00305,生活居家,無印良品 PP收納盒,419,信用卡
2026-04-30 08:28,SA-880437,M00024,服飾配件,Nike Air Force 1,3237,LinePay
2026-04-21 12:17,SA-223694,M00769,服飾配件,Ray-Ban 飛行員太陽眼鏡,5065,LinePay
2026-04-23 19:35,SA-801992,M00801,母嬰用品,明治 金選奶粉,717,信用卡
2026-04-21 10:57,SA-894313,M01291,3C家電,Sony 降噪耳機,9924,街口支付
2026-04-15 06:28,SA-917727,M00426,母嬰用品,明治 金選奶粉,710,街口支付
2026-04-17 19:57,SA-446836,M01500,服飾配件,Nike Air Force 1,3326,街口支付
2026-04-20 18:45,SA-236296,M00767,生活居家,無印良品 PP收納盒,439,LinePay
2026-04-04 11:41,SA-353991,M00238,生活居家,TOTO 溫水洗淨便座,9136,信用卡
2026-04-21 12:04,SA-222536,M00385,美妝保養,雅詩蘭黛 小棕瓶,3986,信用卡
2026-04-17 17:42,SA-952280,M01459,服飾配件,Levi's 501牛仔褲,3703,街口支付
2026-04-08 14:37,SA-313309,M00456,服飾配件,Uniqlo 極暖發熱衣,734,LinePay
2026-04-29 12:57,SA-462419,M00262,服飾配件,Uniqlo 極暖發熱衣,720,街口支付
2026-04-15 20:30,SA-452645,M00857,美妝保養,資生堂 百優精純乳霜,2609,街口支付
2026-04-25 13:06,SA-828388,M00047,3C家電,Sony 降噪耳機,10534,超商貨到付款
2026-04-06 03:30,SA-592682,M00479,生活居家,無印良品 PP收納盒,424,超商貨到付款
2026-04-02 02:36,SA-461831,M00433,服飾配件,Levi's 501牛仔褲,3741,信用卡
2026-04-08 09:25,SA-646992,M00870,美妝保養,雅詩蘭黛 小棕瓶,4067,信用卡
2026-04-22 09:12,SA-834824,M01445,美妝保養,SK-II 青春露,6091,超商貨到付款
2026-04-24 16:42,SA-575295,M00747,3C家電,Apple Watch S9,12932,信用卡
2026-04-06 19:05,SA-819486,M00407,3C家電,iPhone 15 Pro,36296,信用卡
2026-04-15 07:55,SA-475857,M00021,生活居家,宜得利 N-COOL涼感床墊,1272,信用卡
2026-04-08 17:20,SA-412319,M01059,3C家電,iPhone 15 Pro,33753,信用卡
2026-04-08 13:29,SA-293995,M00980,3C家電,Dyson 吹風機,14372,信用卡
2026-04-16 00:15,SA-317469,M00158,美妝保養,蘭蔻 極光水,3514,超商貨到付款
2026-04-27 07:10,SA-364811,M00513,生活居家,TOTO 溫水洗淨便座,9466,超商貨到付款
2026-04-13 13:46,SA-540034,M00309,服飾配件,Uniqlo 極暖發熱衣,739,信用卡
2026-04-07 03:45,SA-628413,M01470,服飾配件,Ray-Ban 飛行員太陽眼鏡,5120,LinePay
2026-04-22 16:34,SA-105056,M01112,生活居家,宜得利 N-COOL涼感床墊,1238,信用卡
2026-04-15 19:33,SA-689545,M01230,生活居家,舒潔 抽取式衛生紙(箱),874,街口支付
2026-04-25 02:07,SA-481013,M01314,3C家電,Dyson 吹風機,13207,信用卡
2026-04-11 03:22,SA-491574,M01415,3C家電,Sony 降噪耳機,10237,LinePay
2026-04-23 06:13,SA-853490,M00552,服飾配件,Nike Air Force 1,3116,街口支付
2026-04-11 17:28,SA-209563,M01246,美妝保養,資生堂 百優精純乳霜,2627,LinePay
2026-04-02 17:27,SA-907995,M00418,母嬰用品,明治 金選奶粉,683,LinePay
2026-04-20 08:31,SA-976758,M01093,服飾配件,Nike Air Force 1,3350,LinePay
2026-04-01 07:12,SA-133512,M00890,3C家電,Sony 降噪耳機,10456,信用卡
2026-04-18 11:41,SA-997249,M01321,3C家電,Sony 降噪耳機,10299,街口支付
2026-04-15 20:22,SA-887563,M00849,服飾配件,Levi's 501牛仔褲,3979,信用卡
2026-04-03 18:56,SA-618400,M00777,服飾配件,Ray-Ban 飛行員太陽眼鏡,5350,街口支付
2026-04-13 10:36,SA-833960,M00248,3C家電,Apple Watch S9,13325,LinePay
2026-04-11 23:29,SA-520270,M00935,生活居家,TOTO 溫水洗淨便座,9728,街口支付
2026-04-01 05:40,SA-442206,M00925,生活居家,TOTO 溫水洗淨便座,9629,信用卡
2026-04-07 11:22,SA-430785,M00282,服飾配件,G-Shock 經典運動錶,3171,超商貨到付款
2026-04-06 12:43,SA-383663,M00793,服飾配件,Uniqlo 極暖發熱衣,726,LinePay
2026-04-28 07:21,SA-109754,M00308,保健食品,桂格 大燕麥片,228,信用卡
2026-04-18 12:03,SA-824149,M00704,美妝保養,蘭蔻 極光水,3358,ATM轉帳
2026-04-27 22:27,SA-768277,M00500,3C家電,LG 掃地機器人,15640,信用卡
2026-04-15 13:34,SA-678774,M00579,母嬰用品,Combi 奶瓶消毒鍋,3055,信用卡
2026-04-26 18:26,SA-526904,M00542,3C家電,Dyson 吹風機,14151,街口支付
2026-04-20 01:48,SA-712027,M01026,美妝保養,理膚寶水 B5全面修復霜,810,信用卡
2026-04-16 00:47,SA-412740,M01260,3C家電,iPhone 15 Pro,33632,信用卡
2026-04-18 12:48,SA-290372,M01051,3C家電,Dyson 吹風機,13531,信用卡
2026-04-30 12:23,SA-836248,M00131,美妝保養,SK-II 青春露,5666,LinePay
2026-04-19 14:29,SA-142913,M00457,保健食品,桂格 大燕麥片,232,信用卡
2026-04-06 16:27,SA-262433,M00055,美妝保養,雅詩蘭黛 小棕瓶,3871,超商貨到付款
2026-04-11 10:15,SA-680697,M00726,美妝保養,雅詩蘭黛 小棕瓶,4150,ATM轉帳
2026-04-25 10:48,SA-729322,M01297,生活居家,舒潔 抽取式衛生紙(箱),862,超商貨到付款
2026-04-10 19:15,SA-519667,M00869,保健食品,桂格 大燕麥片,233,街口支付
2026-04-10 00:56,SA-326210,M01177,3C家電,Sony 降噪耳機,9951,信用卡
2026-04-21 06:59,SA-672301,M00767,美妝保養,資生堂 百優精純乳霜,2772,信用卡
2026-04-23 10:26,SA-121404,M00750,美妝保養,SK-II 青春露,5985,信用卡
2026-04-26 20:32,SA-633448,M00599,生活居家,3M 淨水器濾心,2411,超商貨到付款
2026-04-04 01:14,SA-866387,M01379,生活居家,TOTO 溫水洗淨便座,9044,LinePay
2026-04-07 16:33,SA-817044,M00984,生活居家,3M 淨水器濾心,2425,街口支付
2026-04-25 08:47,SA-110918,M00956,美妝保養,理膚寶水 B5全面修復霜,853,信用卡
2026-04-28 12:11,SA-868269,M00789,服飾配件,Nike Air Force 1,3336,信用卡
2026-04-02 18:49,SA-127896,M00572,母嬰用品,幫寶適 一級幫紙尿褲(箱),1457,信用卡
2026-04-18 10:43,SA-180976,M00583,美妝保養,資生堂 百優精純乳霜,2592,信用卡
2026-04-14 01:32,SA-565155,M01420,3C家電,Nintendo Switch,9215,信用卡
2026-04-23 08:53,SA-218463,M00989,3C家電,iPhone 15 Pro,35779,信用卡
2026-04-11 18:31,SA-784279,M00632,母嬰用品,Joie 輕量雙向推車,6394,LinePay
2026-04-07 07:14,SA-529783,M00875,美妝保養,雅詩蘭黛 小棕瓶,4110,街口支付
2026-04-23 17:35,SA-490935,M00005,服飾配件,Uniqlo 極暖發熱衣,748,超商貨到付款
2026-04-16 23:54,SA-112384,M00960,服飾配件,Levi's 501牛仔褲,3788,街口支付
2026-04-14 18:17,SA-836560,M00804,3C家電,Apple Watch S9,12503,街口支付
2026-04-19 02:17,SA-267013,M00808,服飾配件,Nike Air Force 1,3223,信用卡
2026-04-30 09:02,SA-340759,M00183,服飾配件,Levi's 501牛仔褲,3605,LinePay
2026-04-09 11:16,SA-393367,M00005,美妝保養,資生堂 百優精純乳霜,2735,LinePay
2026-04-23 20:36,SA-690798,M00642,服飾配件,G-Shock 經典運動錶,3175,信用卡
2026-04-30 17:35,SA-882170,M01478,母嬰用品,Joie 輕量雙向推車,6240,超商貨到付款
2026-04-10 15:16,SA-478151,M00818,服飾配件,Nike Air Force 1,3142,超商貨到付款
2026-04-01 01:28,SA-414786,M00139,保健食品,善存 綜合維他命,936,街口支付
2026-04-19 02:00,SA-104782,M01481,3C家電,Nintendo Switch,9644,超商貨到付款
2026-04-23 15:14,SA-190421,M00319,3C家電,iPhone 15 Pro,34606,LinePay
2026-04-21 01:59,SA-860030,M01326,生活居家,TOTO 溫水洗淨便座,9525,街口支付
2026-04-04 16:22,SA-527229,M00932,服飾配件,Levi's 501牛仔褲,3739,LinePay
2026-04-14 09:50,SA-372058,M00545,服飾配件,Nike Air Force 1,3141,街口支付
2026-04-21 23:06,SA-667708,M00385,保健食品,桂格 大燕麥片,227,信用卡
2026-04-01 01:53,SA-464849,M00663,3C家電,Sony 降噪耳機,10423,超商貨到付款
2026-04-25 18:17,SA-412020,M00442,3C家電,Dyson 吹風機,14189,信用卡
2026-04-21 17:24,SA-561478,M00423,服飾配件,Nike Air Force 1,3250,LinePay
2026-04-27 20:58,SA-992524,M00421,3C家電,Dyson 吹風機,14170,信用卡
2026-04-28 18:18,SA-751745,M01166,美妝保養,理膚寶水 B5全面修復霜,796,超商貨到付款
2026-04-16 02:22,SA-388119,M00746,保健食品,桂格 大燕麥片,223,信用卡
2026-04-03 20:26,SA-524339,M00331,母嬰用品,明治 金選奶粉,686,信用卡
2026-04-24 14:46,SA-273016,M00143,服飾配件,G-Shock 經典運動錶,3099,信用卡
2026-04-20 20:22,SA-791049,M00086,美妝保養,理膚寶水 B5全面修復霜,819,超商貨到付款
2026-04-30 14:42,SA-109941,M01451,服飾配件,Uniqlo 極暖發熱衣,720,信用卡
2026-04-01 06:13,SA-931394,M00352,美妝保養,SK-II 青春露,6215,信用卡
2026-04-16 16:29,SA-671979,M00764,服飾配件,Uniqlo 極暖發熱衣,722,超商貨到付款
2026-04-09 18:20,SA-483317,M00043,3C家電,LG 掃地機器人,14773,信用卡
2026-04-26 09:37,SA-103078,M00760,美妝保養,理膚寶水 B5全面修復霜,798,信用卡
2026-04-29 08:36,SA-794712,M00627,生活居家,3M 淨水器濾心,2348,街口支付
2026-04-10 08:59,SA-231350,M00690,3C家電,LG 掃地機器人,15375,信用卡
2026-04-07 14:32,SA-459534,M00790,3C家電,iPhone 15 Pro,35229,信用卡
2026-04-09 01:13,SA-732107,M01478,服飾配件,Uniqlo 極暖發熱衣,742,LinePay
2026-04-17 11:11,SA-880783,M00278,服飾配件,Ray-Ban 飛行員太陽眼鏡,5103,信用卡
2026-04-24 07:08,SA-610800,M01451,美妝保養,雅詩蘭黛 小棕瓶,4167,信用卡
2026-04-30 11:23,SA-402439,M00829,服飾配件,Levi's 501牛仔褲,3614,信用卡
2026-04-30 02:22,SA-163475,M01180,美妝保養,雅詩蘭黛 小棕瓶,3849,信用卡
2026-04-23 07:47,SA-994814,M01362,服飾配件,Levi's 501牛仔褲,3710,街口支付
2026-04-06 08:10,SA-603389,M01366,服飾配件,Ray-Ban 飛行員太陽眼鏡,5191,LinePay
2026-04-30 18:15,SA-312339,M00915,母嬰用品,Combi 奶瓶消毒鍋,2970,ATM轉帳
2026-04-17 17:10,SA-913569,M00462,美妝保養,資生堂 百優精純乳霜,2637,LinePay
2026-04-12 12:12,SA-784492,M00785,母嬰用品,Combi 奶瓶消毒鍋,3068,信用卡
2026-04-12 12:55,SA-541708,M00259,美妝保養,資生堂 百優精純乳霜,2561,信用卡
2026-04-19 19:37,SA-814423,M00496,生活居家,無印良品 PP收納盒,405,LinePay
2026-04-16 06:15,SA-462232,M01325,生活居家,宜得利 N-COOL涼感床墊,1284,信用卡
2026-04-08 11:01,SA-217966,M00466,母嬰用品,Combi 奶瓶消毒鍋,3051,信用卡
2026-04-13 16:12,SA-674157,M01193,3C家電,Sony 降噪耳機,10317,信用卡
2026-04-29 18:21,SA-886416,M01398,母嬰用品,明治 金選奶粉,720,信用卡
2026-04-28 00:18,SA-356674,M00147,服飾配件,Ray-Ban 飛行員太陽眼鏡,5240,超商貨到付款
2026-04-21 04:26,SA-166208,M01415,3C家電,Dyson 吹風機,14126,信用卡
2026-04-03 01:57,SA-760847,M00506,美妝保養,SK-II 青春露,5662,超商貨到付款
2026-04-12 12:07,SA-416136,M00591,3C家電,Sony 降噪耳機,10830,信用卡
2026-04-20 06:05,SA-930724,M00228,3C家電,Dyson 吹風機,14183,信用卡
2026-04-09 05:37,SA-770190,M00882,美妝保養,雅詩蘭黛 小棕瓶,3890,LinePay
2026-04-10 14:02,SA-791891,M01432,服飾配件,Levi's 501牛仔褲,3689,信用卡
2026-04-04 10:28,SA-207327,M00990,生活居家,舒潔 抽取式衛生紙(箱),815,LinePay
2026-04-12 15:18,SA-705648,M01258,保健食品,善存 綜合維他命,863,信用卡
2026-04-10 23:20,SA-867048,M00301,美妝保養,蘭蔻 極光水,3487,信用卡
2026-04-01 07:00,SA-915901,M00854,保健食品,娘家 益生菌,1112,LinePay
2026-04-05 14:40,SA-801439,M00414,服飾配件,Uniqlo 極暖發熱衣,717,信用卡
2026-04-21 01:33,SA-507941,M00558,母嬰用品,Combi 奶瓶消毒鍋,3195,LinePay
2026-04-24 15:24,SA-834892,M01331,3C家電,Sony 降噪耳機,10796,信用卡
2026-04-21 23:39,SA-710210,M00083,服飾配件,G-Shock 經典運動錶,3144,信用卡
2026-04-03 05:20,SA-569977,M00222,服飾配件,G-Shock 經典運動錶,3100,信用卡
2026-04-25 02:00,SA-382710,M00760,3C家電,Apple Watch S9,12773,信用卡
2026-04-01 20:40,SA-422423,M01296,3C家電,LG 掃地機器人,14740,信用卡
2026-04-05 18:25,SA-419472,M00138,美妝保養,雅詩蘭黛 小棕瓶,3845,LinePay
2026-04-17 06:08,SA-565359,M00283,母嬰用品,Joie 輕量雙向推車,6609,超商貨到付款
2026-04-06 11:15,SA-935867,M00911,3C家電,Nintendo Switch,9333,超商貨到付款
2026-04-18 08:18,SA-594795,M01045,母嬰用品,Joie 輕量雙向推車,6329,超商貨到付款
2026-04-04 14:15,SA-331793,M01159,3C家電,Apple Watch S9,12568,信用卡
2026-04-25 06:56,SA-788828,M00124,3C家電,Dyson 吹風機,13470,信用卡
2026-04-07 09:38,SA-640333,M01266,3C家電,Sony 降噪耳機,10282,超商貨到付款
2026-04-18 05:36,SA-268223,M00681,3C家電,Dyson 吹風機,13248,信用卡
2026-04-27 04:45,SA-768331,M01297,美妝保養,資生堂 百優精純乳霜,2699,信用卡
2026-04-21 06:56,SA-802056,M00250,服飾配件,Levi's 501牛仔褲,3768,超商貨到付款
2026-04-27 09:57,SA-184306,M00915,服飾配件,Nike Air Force 1,3074,超商貨到付款
2026-04-25 23:33,SA-100868,M00834,母嬰用品,貝親 寬口玻璃奶瓶,535,信用卡
2026-04-10 09:34,SA-753986,M00488,服飾配件,Nike Air Force 1,3323,信用卡
2026-04-29 06:16,SA-664733,M00713,3C家電,iPhone 15 Pro,34915,信用卡
2026-04-10 10:26,SA-995716,M00650,服飾配件,G-Shock 經典運動錶,2943,LinePay
2026-04-21 16:06,SA-891991,M00836,服飾配件,Levi's 501牛仔褲,3654,街口支付
2026-04-29 22:16,SA-315340,M01119,美妝保養,SK-II 青春露,5657,信用卡
2026-04-22 04:33,SA-228345,M00870,3C家電,Sony 降噪耳機,10202,信用卡
2026-04-05 02:54,SA-115309,M00068,3C家電,iPhone 15 Pro,33900,ATM轉帳
2026-04-13 20:35,SA-371438,M00564,母嬰用品,貝親 寬口玻璃奶瓶,545,LinePay
2026-04-18 01:12,SA-267855,M01464,3C家電,Sony 降噪耳機,10542,信用卡
2026-04-19 02:36,SA-685340,M00617,3C家電,iPhone 15 Pro,36118,信用卡
2026-04-10 22:24,SA-381594,M00545,服飾配件,Levi's 501牛仔褲,3717,信用卡
2026-04-26 16:12,SA-882647,M01446,服飾配件,G-Shock 經典運動錶,2882,超商貨到付款
2026-04-06 15:45,SA-745505,M00810,美妝保養,蘭蔻 極光水,3276,信用卡
2026-04-05 01:08,SA-107221,M00877,服飾配件,Uniqlo 極暖發熱衣,751,信用卡
2026-04-13 06:52,SA-376076,M01272,美妝保養,資生堂 百優精純乳霜,2678,信用卡
2026-04-15 10:06,SA-500802,M01142,生活居家,TOTO 溫水洗淨便座,9422,超商貨到付款
2026-04-13 09:22,SA-412406,M01270,保健食品,桂格 大燕麥片,219,信用卡
2026-04-12 22:41,SA-670210,M00782,3C家電,Sony 降噪耳機,10310,LinePay
2026-04-02 17:47,SA-722597,M00019,服飾配件,Levi's 501牛仔褲,3837,信用卡
2026-04-21 10:14,SA-977293,M01117,服飾配件,Nike Air Force 1,3377,街口支付
2026-04-21 07:14,SA-965739,M00183,服飾配件,Nike Air Force 1,3277,超商貨到付款
2026-04-24 04:31,SA-855968,M00171,生活居家,宜得利 N-COOL涼感床墊,1218,街口支付
2026-04-24 16:45,SA-291668,M00843,服飾配件,Ray-Ban 飛行員太陽眼鏡,5536,信用卡
2026-04-16 15:33,SA-330009,M00711,3C家電,Sony 降噪耳機,10756,LinePay
2026-04-08 15:38,SA-438522,M00663,生活居家,無印良品 PP收納盒,405,LinePay
2026-04-16 10:19,SA-948210,M00510,3C家電,Nintendo Switch,8984,信用卡
2026-04-04 15:50,SA-711987,M01344,服飾配件,Nike Air Force 1,3112,信用卡
2026-04-23 13:58,SA-220183,M00215,母嬰用品,Joie 輕量雙向推車,6390,信用卡
2026-04-16 20:32,SA-413146,M00673,3C家電,LG 掃地機器人,14871,超商貨到付款
2026-04-26 13:48,SA-990784,M01238,美妝保養,資生堂 百優精純乳霜,2730,信用卡
2026-04-14 07:38,SA-710164,M01196,美妝保養,SK-II 青春露,6242,信用卡
2026-04-24 13:32,SA-795379,M00799,服飾配件,Ray-Ban 飛行員太陽眼鏡,5241,超商貨到付款
2026-04-27 08:32,SA-983924,M01148,美妝保養,理膚寶水 B5全面修復霜,846,信用卡
2026-04-24 23:30,SA-348337,M00399,美妝保養,資生堂 百優精純乳霜,2781,超商貨到付款
2026-04-18 12:11,SA-819817,M01054,3C家電,Sony 降噪耳機,10401,信用卡
2026-04-19 00:26,SA-929212,M01218,母嬰用品,幫寶適 一級幫紙尿褲(箱),1578,超商貨到付款
2026-04-02 16:33,SA-948132,M01230,服飾配件,Nike Air Force 1,3079,LinePay
2026-04-18 18:58,SA-857128,M00483,美妝保養,SK-II 青春露,5939,超商貨到付款
2026-04-29 20:48,SA-609058,M00253,美妝保養,資生堂 百優精純乳霜,2584,LinePay
2026-04-12 14:18,SA-101869,M01055,美妝保養,蘭蔻 極光水,3488,信用卡
2026-04-05 00:54,SA-375642,M00311,母嬰用品,貝親 寬口玻璃奶瓶,571,信用卡
2026-04-22 03:39,SA-705110,M00210,保健食品,善存 綜合維他命,924,超商貨到付款
2026-04-10 23:35,SA-744849,M01064,保健食品,娘家 大紅麴,2467,超商貨到付款
2026-04-09 17:24,SA-392308,M00380,3C家電,iPhone 15 Pro,34351,信用卡
2026-04-14 08:20,SA-912062,M00031,美妝保養,SK-II 青春露,5782,信用卡
2026-04-07 11:59,SA-443689,M00131,3C家電,iPhone 15 Pro,34210,信用卡
2026-04-24 08:45,SA-785454,M00739,3C家電,iPhone 15 Pro,36812,信用卡
2026-04-24 15:44,SA-932957,M01430,3C家電,iPhone 15 Pro,35365,超商貨到付款
2026-04-21 13:52,SA-681524,M00285,服飾配件,G-Shock 經典運動錶,3011,信用卡
2026-04-23 05:56,SA-956364,M00816,3C家電,Apple Watch S9,13472,街口支付
2026-04-03 13:08,SA-826181,M00230,生活居家,宜得利 N-COOL涼感床墊,1265,信用卡
2026-04-01 06:51,SA-644626,M01170,美妝保養,SK-II 青春露,5674,信用卡
2026-04-22 02:55,SA-315664,M00117,服飾配件,Levi's 501牛仔褲,3739,街口支付
2026-04-09 17:35,SA-916310,M00277,服飾配件,Ray-Ban 飛行員太陽眼鏡,5456,超商貨到付款
2026-04-05 04:51,SA-200158,M00095,生活居家,TOTO 溫水洗淨便座,9260,超商貨到付款
2026-04-29 16:40,SA-313181,M01353,美妝保養,資生堂 百優精純乳霜,2535,信用卡
2026-04-27 00:20,SA-758307,M00768,美妝保養,雅詩蘭黛 小棕瓶,3861,街口支付
2026-04-01 06:15,SA-297575,M01019,服飾配件,Levi's 501牛仔褲,3926,LinePay
2026-04-16 04:24,SA-526086,M00828,3C家電,Sony 降噪耳機,10861,ATM轉帳
2026-04-16 06:57,SA-727002,M00964,保健食品,白蘭氏 雙認證雞精(盒),1249,LinePay
2026-04-06 07:59,SA-194603,M01084,美妝保養,理膚寶水 B5全面修復霜,879,ATM轉帳
2026-04-02 01:31,SA-737682,M01377,3C家電,Nintendo Switch,9253,信用卡
2026-04-22 14:30,SA-207113,M00738,美妝保養,理膚寶水 B5全面修復霜,836,LinePay
2026-04-29 20:29,SA-592050,M01328,生活居家,無印良品 PP收納盒,422,超商貨到付款
2026-04-21 19:40,SA-210192,M00677,美妝保養,蘭蔻 極光水,3357,信用卡
2026-04-27 05:52,SA-416886,M00983,服飾配件,G-Shock 經典運動錶,3142,超商貨到付款
2026-04-24 11:29,SA-641853,M00569,美妝保養,SK-II 青春露,5877,信用卡
2026-04-05 12:41,SA-998298,M00654,美妝保養,SK-II 青春露,5983,LinePay
2026-04-22 02:53,SA-880999,M00016,服飾配件,Uniqlo 極暖發熱衣,741,LinePay
2026-04-07 15:53,SA-984673,M01473,服飾配件,Ray-Ban 飛行員太陽眼鏡,5497,信用卡
2026-04-16 19:38,SA-883028,M00632,3C家電,Sony 降噪耳機,10234,ATM轉帳
2026-04-27 12:45,SA-104190,M00271,3C家電,Apple Watch S9,12652,信用卡
2026-04-08 02:52,SA-955585,M01327,3C家電,Dyson 吹風機,13305,LinePay
2026-04-19 11:28,SA-783361,M00330,生活居家,舒潔 抽取式衛生紙(箱),860,信用卡
2026-04-09 00:05,SA-289216,M00208,母嬰用品,明治 金選奶粉,723,信用卡
2026-04-07 10:08,SA-477705,M00963,服飾配件,Uniqlo 極暖發熱衣,718,LinePay
2026-04-24 12:42,SA-977563,M00247,美妝保養,資生堂 百優精純乳霜,2529,信用卡
2026-04-18 22:50,SA-268639,M01381,3C家電,Sony 降噪耳機,10534,LinePay
2026-04-06 13:19,SA-188271,M01292,美妝保養,蘭蔻 極光水,3357,街口支付
2026-04-12 22:05,SA-292480,M00803,保健食品,娘家 益生菌,1085,信用卡
2026-04-15 07:31,SA-488775,M00017,美妝保養,蘭蔻 極光水,3461,信用卡
2026-04-15 10:28,SA-802414,M00527,美妝保養,雅詩蘭黛 小棕瓶,4198,信用卡
2026-04-28 10:02,SA-447028,M01228,服飾配件,Ray-Ban 飛行員太陽眼鏡,5364,信用卡
2026-04-29 17:44,SA-521361,M00138,3C家電,iPhone 15 Pro,35650,超商貨到付款
2026-04-29 10:29,SA-743857,M01262,母嬰用品,明治 金選奶粉,696,超商貨到付款
2026-04-11 15:59,SA-375922,M01029,3C家電,Apple Watch S9,12883,信用卡
2026-04-27 02:49,SA-690685,M00422,服飾配件,Ray-Ban 飛行員太陽眼鏡,5383,信用卡
2026-04-06 16:07,SA-408377,M01151,服飾配件,Levi's 501牛仔褲,3884,街口支付
2026-04-23 07:48,SA-747717,M01339,服飾配件,Levi's 501牛仔褲,3668,超商貨到付款
2026-04-02 13:40,SA-205980,M00502,3C家電,Apple Watch S9,13410,信用卡
2026-04-24 11:49,SA-913677,M00287,服飾配件,Levi's 501牛仔褲,3940,LinePay
2026-04-15 13:11,SA-361354,M00784,服飾配件,G-Shock 經典運動錶,3062,超商貨到付款
2026-04-22 13:34,SA-389934,M01475,美妝保養,SK-II 青春露,5815,超商貨到付款
2026-04-21 07:49,SA-424178,M00249,3C家電,Apple Watch S9,13207,LinePay
2026-04-16 04:45,SA-753410,M00100,母嬰用品,明治 金選奶粉,688,ATM轉帳
2026-04-06 05:36,SA-461039,M01315,美妝保養,蘭蔻 極光水,3462,信用卡
2026-04-03 15:13,SA-521313,M01030,3C家電,Apple Watch S9,13243,超商貨到付款
2026-04-17 20:55,SA-542984,M00602,美妝保養,蘭蔻 極光水,3485,信用卡
2026-04-07 15:39,SA-820727,M01122,美妝保養,資生堂 百優精純乳霜,2735,信用卡
2026-04-04 23:02,SA-985930,M01339,3C家電,Sony 降噪耳機,10731,LinePay
2026-04-01 05:18,SA-129543,M01004,生活居家,宜得利 N-COOL涼感床墊,1175,信用卡
2026-04-07 02:40,SA-983562,M00241,3C家電,iPhone 15 Pro,35086,超商貨到付款
2026-04-09 06:41,SA-975703,M01077,生活居家,舒潔 抽取式衛生紙(箱),831,超商貨到付款
2026-04-26 09:33,SA-640390,M01055,服飾配件,G-Shock 經典運動錶,3183,ATM轉帳
2026-04-21 11:05,SA-561553,M00960,保健食品,桂格 大燕麥片,228,LinePay
2026-04-01 03:05,SA-446442,M00243,美妝保養,蘭蔻 極光水,3531,信用卡
2026-04-02 21:31,SA-649895,M00537,3C家電,LG 掃地機器人,15117,LinePay
2026-04-14 20:05,SA-851682,M00437,3C家電,Dyson 吹風機,14555,LinePay
2026-04-07 02:46,SA-930485,M00005,生活居家,宜得利 N-COOL涼感床墊,1182,信用卡
2026-04-15 05:58,SA-517528,M01433,服飾配件,G-Shock 經典運動錶,3160,信用卡
2026-04-06 16:17,SA-609697,M01100,美妝保養,SK-II 青春露,6171,LinePay
2026-04-23 09:26,SA-673853,M01397,母嬰用品,Joie 輕量雙向推車,6524,超商貨到付款
2026-04-03 17:02,SA-172773,M00364,3C家電,LG 掃地機器人,14620,信用卡
2026-04-18 01:24,SA-755871,M00819,生活居家,舒潔 抽取式衛生紙(箱),840,超商貨到付款
2026-04-14 16:30,SA-346914,M00393,美妝保養,資生堂 百優精純乳霜,2689,街口支付
2026-04-06 23:40,SA-381845,M01488,服飾配件,Uniqlo 極暖發熱衣,750,信用卡
2026-04-13 21:03,SA-887608,M01089,生活居家,宜得利 N-COOL涼感床墊,1288,信用卡
2026-04-18 04:27,SA-376160,M00410,生活居家,無印良品 PP收納盒,441,超商貨到付款
2026-04-11 03:16,SA-344198,M01215,服飾配件,Uniqlo 極暖發熱衣,714,超商貨到付款
2026-04-29 12:19,SA-704300,M01177,美妝保養,資生堂 百優精純乳霜,2624,信用卡
2026-04-16 05:02,SA-883661,M00783,美妝保養,SK-II 青春露,6009,LinePay
2026-04-26 10:17,SA-828694,M01361,服飾配件,Ray-Ban 飛行員太陽眼鏡,5392,超商貨到付款
2026-04-04 19:29,SA-781029,M00822,美妝保養,SK-II 青春露,6128,信用卡
2026-04-24 04:57,SA-249091,M00088,3C家電,Apple Watch S9,12996,LinePay
2026-04-18 01:30,SA-446434,M01214,美妝保養,雅詩蘭黛 小棕瓶,4104,街口支付
2026-04-16 15:57,SA-450823,M00986,美妝保養,SK-II 青春露,6046,LinePay
2026-04-06 02:13,SA-472896,M00194,美妝保養,SK-II 青春露,5666,信用卡
2026-04-19 20:30,SA-616950,M00580,3C家電,Nintendo Switch,8969,街口支付
2026-04-26 14:16,SA-212188,M00100,母嬰用品,Combi 奶瓶消毒鍋,3052,LinePay
2026-04-02 02:56,SA-871226,M00873,母嬰用品,貝親 寬口玻璃奶瓶,572,信用卡
2026-04-25 19:12,SA-442306,M01499,母嬰用品,Combi 奶瓶消毒鍋,3204,LinePay
2026-04-29 05:35,SA-505986,M00453,美妝保養,資生堂 百優精純乳霜,2750,信用卡
2026-04-29 18:57,SA-594593,M00811,生活居家,宜得利 N-COOL涼感床墊,1288,信用卡
2026-04-29 03:22,SA-629651,M00350,母嬰用品,Joie 輕量雙向推車,6323,ATM轉帳
2026-04-06 19:41,SA-515892,M00274,3C家電,Sony 降噪耳機,10776,信用卡
2026-04-12 18:33,SA-575594,M00187,美妝保養,理膚寶水 B5全面修復霜,852,街口支付
2026-04-21 11:42,SA-706046,M00579,美妝保養,理膚寶水 B5全面修復霜,864,LinePay
2026-04-27 20:29,SA-629902,M01483,服飾配件,Nike Air Force 1,3146,信用卡
2026-04-24 14:00,SA-184620,M00488,3C家電,Sony 降噪耳機,9941,ATM轉帳
2026-04-19 22:16,SA-295090,M00105,保健食品,娘家 大紅麴,2381,超商貨到付款
2026-04-10 15:58,SA-264157,M00664,服飾配件,Uniqlo 極暖發熱衣,785,超商貨到付款
2026-04-26 17:59,SA-510279,M00524,美妝保養,SK-II 青春露,5916,街口支付
2026-04-20 03:09,SA-562824,M00688,3C家電,Dyson 吹風機,14025,LinePay
2026-04-12 20:09,SA-265962,M00477,服飾配件,Levi's 501牛仔褲,3636,LinePay
2026-04-15 18:29,SA-932852,M00887,3C家電,Dyson 吹風機,13270,信用卡
2026-04-08 01:42,SA-563586,M00454,3C家電,Nintendo Switch,9690,信用卡
2026-04-13 15:04,SA-144719,M00886,美妝保養,資生堂 百優精純乳霜,2528,ATM轉帳
2026-04-27 15:59,SA-875314,M01472,服飾配件,G-Shock 經典運動錶,3017,信用卡
2026-04-28 05:31,SA-461304,M00168,美妝保養,SK-II 青春露,6061,LinePay
2026-04-05 03:25,SA-424117,M00109,生活居家,無印良品 PP收納盒,429,信用卡
2026-04-10 02:37,SA-451174,M01149,美妝保養,資生堂 百優精純乳霜,2590,LinePay
2026-04-25 21:47,SA-822069,M00133,生活居家,舒潔 抽取式衛生紙(箱),861,信用卡
2026-04-16 18:34,SA-501599,M00539,生活居家,舒潔 抽取式衛生紙(箱),835,超商貨到付款
2026-04-28 21:27,SA-323688,M00885,服飾配件,Nike Air Force 1,3122,信用卡
2026-04-07 10:30,SA-336262,M01197,3C家電,Nintendo Switch,9743,LinePay
2026-04-24 05:27,SA-501380,M01222,生活居家,TOTO 溫水洗淨便座,9196,LinePay
2026-04-29 05:12,SA-481501,M01380,服飾配件,Uniqlo 極暖發熱衣,737,信用卡
2026-04-29 00:51,SA-423464,M01431,保健食品,白蘭氏 雙認證雞精(盒),1342,街口支付
2026-04-01 20:38,SA-368743,M01066,母嬰用品,明治 金選奶粉,729,街口支付
2026-04-08 00:38,SA-590629,M00189,3C家電,Apple Watch S9,12686,街口支付
2026-04-19 11:26,SA-415204,M00139,服飾配件,Nike Air Force 1,3256,信用卡
2026-04-20 02:44,SA-173944,M00625,美妝保養,SK-II 青春露,5746,LinePay
2026-04-10 18:29,SA-704416,M00339,3C家電,iPhone 15 Pro,34788,信用卡
2026-04-03 16:23,SA-361021,M01235,服飾配件,G-Shock 經典運動錶,2939,信用卡
2026-04-02 10:27,SA-102340,M00799,服飾配件,Uniqlo 極暖發熱衣,783,LinePay
2026-04-03 20:02,SA-474025,M00539,保健食品,桂格 大燕麥片,230,ATM轉帳
2026-04-10 13:15,SA-423619,M00213,3C家電,Apple Watch S9,13065,信用卡
2026-04-26 01:02,SA-797212,M00872,3C家電,LG 掃地機器人,15370,信用卡
2026-04-10 10:34,SA-247932,M00183,生活居家,無印良品 PP收納盒,438,LinePay
2026-04-11 23:35,SA-473553,M00389,保健食品,白蘭氏 雙認證雞精(盒),1269,超商貨到付款
2026-04-18 21:09,SA-472473,M00890,3C家電,iPhone 15 Pro,35047,超商貨到付款
2026-04-28 01:22,SA-172868,M01055,3C家電,iPhone 15 Pro,34867,信用卡
2026-04-13 03:08,SA-382628,M00249,美妝保養,蘭蔻 極光水,3569,信用卡
2026-04-01 03:11,SA-382399,M01187,母嬰用品,Joie 輕量雙向推車,6620,LinePay
2026-04-11 23:50,SA-230800,M00439,美妝保養,SK-II 青春露,6168,LinePay
2026-04-01 10:18,SA-953003,M00807,美妝保養,雅詩蘭黛 小棕瓶,3955,信用卡
2026-04-15 22:00,SA-528814,M00353,3C家電,Apple Watch S9,12457,信用卡
2026-04-15 18:54,SA-299379,M00449,服飾配件,Ray-Ban 飛行員太陽眼鏡,5407,信用卡
2026-04-20 06:05,SA-912251,M00908,3C家電,Sony 降噪耳機,10033,信用卡
2026-04-07 20:11,SA-895064,M01091,3C家電,Nintendo Switch,9763,LinePay
2026-04-16 19:44,SA-821561,M01086,服飾配件,Levi's 501牛仔褲,3701,信用卡
2026-04-20 22:25,SA-916403,M00646,美妝保養,SK-II 青春露,6015,信用卡
2026-04-12 15:56,SA-126441,M00464,3C家電,Dyson 吹風機,14315,信用卡
2026-04-16 13:40,SA-438987,M00470,3C家電,Apple Watch S9,13169,ATM轉帳
2026-04-12 05:24,SA-143418,M00058,服飾配件,Uniqlo 極暖發熱衣,775,信用卡
2026-04-07 05:28,SA-792129,M00801,生活居家,無印良品 PP收納盒,437,街口支付
2026-04-24 21:40,SA-911687,M00242,服飾配件,G-Shock 經典運動錶,3001,信用卡
2026-04-28 07:30,SA-531453,M00652,美妝保養,資生堂 百優精純乳霜,2716,信用卡
2026-04-04 10:45,SA-293284,M00474,美妝保養,雅詩蘭黛 小棕瓶,3881,信用卡
2026-04-03 08:43,SA-239315,M00671,3C家電,iPhone 15 Pro,34348,信用卡
2026-04-13 20:59,SA-886897,M01301,3C家電,Dyson 吹風機,13407,LinePay
2026-04-28 15:14,SA-778844,M00118,美妝保養,蘭蔻 極光水,3254,信用卡
2026-04-23 08:01,SA-236415,M00344,保健食品,白蘭氏 雙認證雞精(盒),1252,LinePay
2026-04-12 22:46,SA-521027,M01218,生活居家,舒潔 抽取式衛生紙(箱),869,信用卡
2026-04-30 15:42,SA-432190,M00932,美妝保養,蘭蔻 極光水,3297,信用卡
2026-04-02 23:37,SA-880001,M00294,服飾配件,Ray-Ban 飛行員太陽眼鏡,5264,ATM轉帳
2026-04-14 19:12,SA-142723,M00257,生活居家,TOTO 溫水洗淨便座,9637,LinePay
2026-04-25 09:48,SA-573903,M00142,生活居家,無印良品 PP收納盒,439,LinePay
2026-04-25 23:50,SA-672953,M01215,美妝保養,雅詩蘭黛 小棕瓶,4128,信用卡
2026-04-25 07:29,SA-306408,M00938,母嬰用品,明治 金選奶粉,748,信用卡
2026-04-27 07:15,SA-338434,M00525,生活居家,宜得利 N-COOL涼感床墊,1222,街口支付
2026-04-09 12:22,SA-495836,M00153,母嬰用品,幫寶適 一級幫紙尿褲(箱),1496,超商貨到付款
2026-04-24 02:51,SA-134643,M00776,保健食品,娘家 益生菌,1100,信用卡
2026-04-08 03:09,SA-833201,M00828,美妝保養,SK-II 青春露,5877,信用卡
2026-04-30 22:11,SA-413156,M00407,3C家電,Nintendo Switch,8871,超商貨到付款
2026-04-14 16:56,SA-451425,M00806,3C家電,LG 掃地機器人,14561,LinePay
2026-04-24 23:30,SA-217033,M00859,3C家電,Dyson 吹風機,14477,信用卡
2026-04-04 23:20,SA-401852,M00569,美妝保養,理膚寶水 B5全面修復霜,870,LinePay
2026-04-11 02:12,SA-342290,M01275,母嬰用品,Combi 奶瓶消毒鍋,3084,信用卡
2026-04-10 18:21,SA-516849,M01457,服飾配件,G-Shock 經典運動錶,3185,街口支付
2026-04-30 09:56,SA-435290,M00257,服飾配件,Ray-Ban 飛行員太陽眼鏡,5480,信用卡
2026-04-06 09:37,SA-491065,M01468,3C家電,LG 掃地機器人,14790,信用卡
2026-04-17 14:08,SA-288363,M00077,美妝保養,SK-II 青春露,5854,信用卡
2026-04-30 19:51,SA-585613,M01126,母嬰用品,Joie 輕量雙向推車,6584,信用卡
2026-04-18 15:52,SA-158354,M01487,母嬰用品,貝親 寬口玻璃奶瓶,534,LinePay
2026-04-30 07:10,SA-657154,M01180,3C家電,iPhone 15 Pro,35557,信用卡
2026-04-03 21:23,SA-990302,M00263,美妝保養,雅詩蘭黛 小棕瓶,3813,信用卡
2026-04-09 14:41,SA-664224,M00994,保健食品,白蘭氏 雙認證雞精(盒),1348,LinePay
2026-04-08 01:13,SA-997489,M00173,3C家電,Dyson 吹風機,13523,超商貨到付款
2026-04-12 05:40,SA-663440,M01319,美妝保養,SK-II 青春露,5908,信用卡
2026-04-19 13:50,SA-216888,M01095,美妝保養,蘭蔻 極光水,3284,信用卡
2026-04-03 04:36,SA-263738,M01238,美妝保養,雅詩蘭黛 小棕瓶,3791,信用卡
2026-04-02 09:22,SA-400629,M00431,美妝保養,理膚寶水 B5全面修復霜,793,信用卡
2026-04-25 05:50,SA-176975,M01173,母嬰用品,貝親 寬口玻璃奶瓶,564,街口支付
2026-04-28 22:04,SA-630026,M00615,美妝保養,理膚寶水 B5全面修復霜,852,街口支付
2026-04-18 05:00,SA-961527,M01337,服飾配件,G-Shock 經典運動錶,2961,超商貨到付款
2026-04-07 22:52,SA-472558,M00699,3C家電,Apple Watch S9,13154,信用卡
2026-04-02 00:25,SA-185952,M00745,3C家電,Apple Watch S9,12296,街口支付
2026-04-25 06:21,SA-220113,M01192,3C家電,iPhone 15 Pro,35392,信用卡
2026-04-26 11:55,SA-119521,M00018,生活居家,無印良品 PP收納盒,414,LinePay
2026-04-01 13:55,SA-702364,M00991,美妝保養,資生堂 百優精純乳霜,2656,信用卡
2026-04-07 20:37,SA-382114,M01135,生活居家,舒潔 抽取式衛生紙(箱),823,超商貨到付款
2026-04-27 18:04,SA-705482,M00367,3C家電,Dyson 吹風機,13467,信用卡
2026-04-04 23:05,SA-946474,M00235,美妝保養,理膚寶水 B5全面修復霜,818,信用卡
2026-04-18 05:32,SA-775696,M01291,美妝保養,雅詩蘭黛 小棕瓶,4177,信用卡
2026-04-12 18:10,SA-970513,M00164,美妝保養,理膚寶水 B5全面修復霜,820,信用卡
2026-04-25 22:16,SA-206318,M00318,服飾配件,Nike Air Force 1,3390,超商貨到付款
2026-04-22 02:05,SA-520004,M00306,美妝保養,資生堂 百優精純乳霜,2749,LinePay
2026-04-20 16:26,SA-836021,M01389,美妝保養,雅詩蘭黛 小棕瓶,4140,信用卡
2026-04-28 00:49,SA-875959,M00550,3C家電,iPhone 15 Pro,34318,街口支付
2026-04-07 15:27,SA-909433,M00945,3C家電,Sony 降噪耳機,10659,街口支付
2026-04-30 00:38,SA-176939,M00688,美妝保養,蘭蔻 極光水,3552,信用卡
2026-04-27 06:01,SA-488454,M01434,生活居家,TOTO 溫水洗淨便座,9001,LinePay
2026-04-09 22:46,SA-798513,M00439,3C家電,LG 掃地機器人,14329,信用卡
2026-04-15 12:35,SA-172586,M00675,服飾配件,Uniqlo 極暖發熱衣,749,信用卡
2026-04-17 15:22,SA-966281,M00865,3C家電,iPhone 15 Pro,35447,LinePay
2026-04-07 06:58,SA-930188,M00452,保健食品,桂格 大燕麥片,235,信用卡
2026-04-30 21:09,SA-780907,M00158,生活居家,舒潔 抽取式衛生紙(箱),868,LinePay
2026-04-04 10:47,SA-587172,M00145,母嬰用品,幫寶適 一級幫紙尿褲(箱),1456,LinePay
2026-04-27 09:45,SA-605319,M01310,母嬰用品,Joie 輕量雙向推車,6214,信用卡
2026-04-27 08:04,SA-820356,M00935,美妝保養,資生堂 百優精純乳霜,2799,超商貨到付款
2026-04-06 23:58,SA-548028,M00030,服飾配件,Nike Air Force 1,3393,超商貨到付款
2026-04-24 07:35,SA-681000,M00998,生活居家,TOTO 溫水洗淨便座,9828,信用卡
2026-04-18 07:10,SA-351879,M01058,服飾配件,G-Shock 經典運動錶,3133,超商貨到付款
2026-04-07 20:54,SA-689430,M00450,服飾配件,G-Shock 經典運動錶,3024,LinePay
2026-04-13 22:53,SA-989102,M01241,服飾配件,G-Shock 經典運動錶,2990,信用卡
2026-04-06 21:09,SA-144662,M00344,3C家電,Dyson 吹風機,14101,信用卡
2026-04-11 15:37,SA-453535,M00109,3C家電,Sony 降噪耳機,10744,LinePay
2026-04-20 11:26,SA-974441,M00147,母嬰用品,Joie 輕量雙向推車,6637,街口支付
2026-04-12 11:28,SA-349078,M00962,美妝保養,理膚寶水 B5全面修復霜,820,街口支付
2026-04-14 13:23,SA-142478,M00066,生活居家,無印良品 PP收納盒,409,LinePay
2026-04-16 13:56,SA-855010,M01149,美妝保養,理膚寶水 B5全面修復霜,824,信用卡
2026-04-23 15:05,SA-713955,M00711,3C家電,Sony 降噪耳機,10494,信用卡
2026-04-16 21:24,SA-521005,M01244,3C家電,Apple Watch S9,12691,街口支付
2026-04-30 08:20,SA-273997,M00718,服飾配件,Ray-Ban 飛行員太陽眼鏡,5467,超商貨到付款
2026-04-25 08:44,SA-639370,M00140,生活居家,舒潔 抽取式衛生紙(箱),887,街口支付
2026-04-17 20:28,SA-234411,M00523,美妝保養,資生堂 百優精純乳霜,2789,街口支付
2026-04-25 17:56,SA-950435,M00970,生活居家,宜得利 N-COOL涼感床墊,1244,超商貨到付款
2026-04-03 13:20,SA-262509,M01290,生活居家,宜得利 N-COOL涼感床墊,1236,LinePay
2026-04-26 02:44,SA-821778,M00296,生活居家,舒潔 抽取式衛生紙(箱),871,超商貨到付款
2026-04-13 18:16,SA-601627,M00455,美妝保養,資生堂 百優精純乳霜,2700,超商貨到付款
2026-04-15 13:55,SA-567281,M01244,服飾配件,Ray-Ban 飛行員太陽眼鏡,5172,超商貨到付款
2026-04-24 02:42,SA-261611,M00412,美妝保養,蘭蔻 極光水,3550,信用卡
2026-04-05 16:16,SA-719985,M00797,3C家電,iPhone 15 Pro,36640,LinePay
2026-04-30 23:26,SA-178407,M00251,3C家電,Nintendo Switch,8858,信用卡
2026-04-09 10:55,SA-112115,M00074,3C家電,Sony 降噪耳機,10786,信用卡
2026-04-28 21:08,SA-744943,M01215,服飾配件,Levi's 501牛仔褲,3873,信用卡
2026-04-03 11:14,SA-898859,M00284,生活居家,宜得利 N-COOL涼感床墊,1250,信用卡
2026-04-22 08:37,SA-790059,M00491,服飾配件,G-Shock 經典運動錶,2968,LinePay
2026-04-17 22:36,SA-474307,M00836,3C家電,Sony 降噪耳機,10649,信用卡
2026-04-22 17:12,SA-169848,M00621,生活居家,TOTO 溫水洗淨便座,9845,街口支付
2026-04-21 21:55,SA-792867,M00412,美妝保養,資生堂 百優精純乳霜,2525,LinePay
2026-04-13 08:22,SA-126638,M01222,3C家電,LG 掃地機器人,15660,LinePay
2026-04-10 10:49,SA-329642,M01193,生活居家,3M 淨水器濾心,2312,ATM轉帳
2026-04-27 04:48,SA-100979,M00306,3C家電,Sony 降噪耳機,10658,信用卡
2026-04-18 15:17,SA-727554,M01495,保健食品,娘家 益生菌,1108,信用卡
2026-04-27 20:39,SA-629666,M00757,母嬰用品,Joie 輕量雙向推車,6442,信用卡
2026-04-11 08:30,SA-781988,M00900,服飾配件,Uniqlo 極暖發熱衣,781,LinePay
2026-04-05 21:14,SA-701403,M00447,美妝保養,資生堂 百優精純乳霜,2671,信用卡
2026-04-19 19:34,SA-635123,M00520,生活居家,無印良品 PP收納盒,420,LinePay
2026-04-18 21:45,SA-583027,M00841,生活居家,舒潔 抽取式衛生紙(箱),827,LinePay
2026-04-02 04:07,SA-142019,M00039,服飾配件,Nike Air Force 1,3108,LinePay
2026-04-19 07:57,SA-519837,M00423,3C家電,LG 掃地機器人,14848,LinePay
2026-04-07 08:36,SA-168747,M01309,美妝保養,理膚寶水 B5全面修復霜,873,信用卡
2026-04-09 04:40,SA-669247,M00359,生活居家,舒潔 抽取式衛生紙(箱),890,LinePay
2026-04-05 02:22,SA-767099,M00595,美妝保養,資生堂 百優精純乳霜,2733,ATM轉帳
2026-04-24 05:05,SA-494746,M01127,服飾配件,Uniqlo 極暖發熱衣,746,街口支付
2026-04-16 10:47,SA-951617,M01153,美妝保養,資生堂 百優精純乳霜,2590,信用卡
2026-04-14 05:39,SA-881195,M01143,美妝保養,蘭蔻 極光水,3506,信用卡
2026-04-24 21:22,SA-708302,M00271,3C家電,Dyson 吹風機,13622,LinePay
2026-04-10 07:38,SA-498739,M00805,3C家電,iPhone 15 Pro,35210,LinePay
2026-04-22 16:47,SA-827725,M00191,保健食品,白蘭氏 雙認證雞精(盒),1323,超商貨到付款
2026-04-08 18:27,SA-808331,M00655,美妝保養,SK-II 青春露,5921,超商貨到付款
2026-04-07 21:16,SA-594280,M01036,美妝保養,蘭蔻 極光水,3317,街口支付
2026-04-24 02:56,SA-620229,M00643,3C家電,Apple Watch S9,12304,超商貨到付款
2026-04-01 02:06,SA-504163,M01032,生活居家,TOTO 溫水洗淨便座,9305,信用卡
2026-04-23 07:30,SA-477443,M00433,美妝保養,理膚寶水 B5全面修復霜,794,信用卡
2026-04-15 03:56,SA-171889,M00280,美妝保養,資生堂 百優精純乳霜,2546,LinePay
2026-04-28 00:54,SA-766765,M00422,保健食品,白蘭氏 雙認證雞精(盒),1301,街口支付
2026-04-04 22:51,SA-831832,M01168,美妝保養,理膚寶水 B5全面修復霜,851,信用卡
2026-04-16 07:54,SA-584464,M01105,美妝保養,雅詩蘭黛 小棕瓶,3966,LinePay
2026-04-26 06:41,SA-804988,M00959,美妝保養,資生堂 百優精純乳霜,2614,信用卡
2026-04-23 10:54,SA-545337,M00592,生活居家,宜得利 N-COOL涼感床墊,1251,超商貨到付款
2026-04-03 04:04,SA-828958,M00160,母嬰用品,Combi 奶瓶消毒鍋,2983,街口支付
2026-04-03 02:05,SA-268947,M01169,生活居家,TOTO 溫水洗淨便座,8965,信用卡
2026-04-07 02:54,SA-989145,M01366,3C家電,LG 掃地機器人,14777,LinePay
2026-04-03 11:08,SA-662621,M00538,美妝保養,資生堂 百優精純乳霜,2662,超商貨到付款
2026-04-10 23:28,SA-119632,M01367,美妝保養,資生堂 百優精純乳霜,2717,信用卡
2026-04-30 13:02,SA-783307,M01325,美妝保養,SK-II 青春露,5921,信用卡
2026-04-27 18:53,SA-625840,M01321,服飾配件,Nike Air Force 1,3235,信用卡
2026-04-12 22:36,SA-701485,M00753,美妝保養,雅詩蘭黛 小棕瓶,4043,LinePay
2026-04-03 01:35,SA-551979,M01481,3C家電,LG 掃地機器人,15882,LinePay
2026-04-16 10:55,SA-114347,M01254,服飾配件,Uniqlo 極暖發熱衣,779,信用卡
2026-04-03 19:09,SA-702385,M00980,生活居家,無印良品 PP收納盒,422,LinePay
2026-04-24 04:50,SA-413138,M00553,服飾配件,Uniqlo 極暖發熱衣,738,超商貨到付款
2026-04-15 22:58,SA-578722,M00015,母嬰用品,明治 金選奶粉,676,信用卡
2026-04-07 18:43,SA-885622,M01240,服飾配件,Levi's 501牛仔褲,3856,LinePay
2026-04-01 16:31,SA-604750,M00826,服飾配件,Nike Air Force 1,3101,街口支付
2026-04-24 09:41,SA-743043,M00939,服飾配件,Uniqlo 極暖發熱衣,745,ATM轉帳
2026-04-13 03:15,SA-938587,M00837,3C家電,Apple Watch S9,13347,LinePay
2026-04-21 08:09,SA-934116,M01319,3C家電,Nintendo Switch,9159,信用卡
2026-04-15 08:24,SA-930761,M01236,服飾配件,Nike Air Force 1,3125,信用卡
2026-04-21 21:46,SA-796621,M01193,美妝保養,蘭蔻 極光水,3520,LinePay
2026-04-15 09:46,SA-467872,M00189,生活居家,舒潔 抽取式衛生紙(箱),877,LinePay
2026-04-04 10:46,SA-448929,M00308,美妝保養,資生堂 百優精純乳霜,2525,LinePay
2026-04-11 11:41,SA-470967,M00643,3C家電,Nintendo Switch,9622,LinePay
2026-04-24 10:57,SA-357117,M00190,美妝保養,蘭蔻 極光水,3491,信用卡
2026-04-09 21:12,SA-358285,M00522,3C家電,iPhone 15 Pro,35483,LinePay
2026-04-24 05:09,SA-784507,M00697,3C家電,Dyson 吹風機,13646,信用卡
2026-04-11 05:03,SA-201819,M00504,服飾配件,Nike Air Force 1,3376,街口支付
2026-04-30 10:35,SA-932888,M00963,生活居家,3M 淨水器濾心,2345,LinePay
2026-04-28 20:51,SA-964002,M01148,3C家電,Nintendo Switch,9164,信用卡
2026-04-21 17:27,SA-764735,M00553,3C家電,Sony 降噪耳機,10872,信用卡
2026-04-19 19:26,SA-801723,M01060,母嬰用品,貝親 寬口玻璃奶瓶,537,街口支付
2026-04-05 09:56,SA-544569,M01084,服飾配件,Nike Air Force 1,3346,超商貨到付款
2026-04-23 20:19,SA-641811,M00599,3C家電,Sony 降噪耳機,10235,LinePay
2026-04-25 03:16,SA-655626,M00674,3C家電,Nintendo Switch,9233,街口支付
2026-04-24 17:36,SA-344757,M01021,美妝保養,SK-II 青春露,6062,街口支付
2026-04-12 20:22,SA-731457,M00595,服飾配件,Uniqlo 極暖發熱衣,786,LinePay
2026-04-17 00:42,SA-209795,M00737,3C家電,Dyson 吹風機,13642,信用卡
2026-04-13 14:45,SA-681893,M01375,美妝保養,雅詩蘭黛 小棕瓶,4153,LinePay
2026-04-19 19:39,SA-213919,M00749,生活居家,宜得利 N-COOL涼感床墊,1259,信用卡
2026-04-09 13:21,SA-162030,M00749,3C家電,Dyson 吹風機,13390,LinePay
2026-04-14 04:57,SA-872079,M01249,母嬰用品,貝親 寬口玻璃奶瓶,565,LinePay
2026-04-06 12:56,SA-232935,M01460,服飾配件,Levi's 501牛仔褲,3605,街口支付
2026-04-03 11:10,SA-417438,M01162,美妝保養,資生堂 百優精純乳霜,2789,信用卡
2026-04-27 00:52,SA-531130,M00401,生活居家,舒潔 抽取式衛生紙(箱),888,信用卡
2026-04-30 09:01,SA-789666,M00227,3C家電,Dyson 吹風機,13546,信用卡
2026-04-20 11:17,SA-225858,M01299,生活居家,TOTO 溫水洗淨便座,9499,信用卡
2026-04-30 02:51,SA-382895,M00827,生活居家,3M 淨水器濾心,2258,ATM轉帳
2026-04-05 20:07,SA-403249,M00091,3C家電,Apple Watch S9,13092,LinePay
2026-04-08 11:16,SA-537335,M00797,美妝保養,雅詩蘭黛 小棕瓶,4100,超商貨到付款
2026-04-01 01:07,SA-281829,M00421,3C家電,Nintendo Switch,9643,ATM轉帳
2026-04-27 08:19,SA-548196,M01340,服飾配件,G-Shock 經典運動錶,3046,LinePay
2026-04-30 20:10,SA-585281,M00683,美妝保養,雅詩蘭黛 小棕瓶,4193,信用卡
2026-04-09 19:36,SA-561076,M01223,服飾配件,Ray-Ban 飛行員太陽眼鏡,5165,超商貨到付款
2026-04-20 15:44,SA-942809,M01441,美妝保養,蘭蔻 極光水,3332,LinePay
2026-04-28 04:41,SA-867625,M00997,保健食品,娘家 益生菌,1176,超商貨到付款
2026-04-05 13:58,SA-950632,M00264,3C家電,Apple Watch S9,12266,信用卡
2026-04-03 14:22,SA-161896,M00155,美妝保養,蘭蔻 極光水,3400,街口支付
2026-04-18 05:07,SA-194187,M00068,生活居家,宜得利 N-COOL涼感床墊,1282,LinePay
2026-04-29 08:49,SA-374935,M00059,生活居家,宜得利 N-COOL涼感床墊,1174,ATM轉帳
2026-04-26 09:00,SA-127350,M00166,母嬰用品,幫寶適 一級幫紙尿褲(箱),1598,超商貨到付款
2026-04-10 14:56,SA-332853,M00860,美妝保養,資生堂 百優精純乳霜,2610,信用卡
2026-04-09 08:14,SA-347613,M00585,母嬰用品,明治 金選奶粉,716,信用卡
2026-04-05 02:12,SA-874340,M00149,3C家電,Sony 降噪耳機,10470,街口支付
2026-04-14 07:29,SA-720792,M00225,生活居家,舒潔 抽取式衛生紙(箱),888,LinePay
2026-04-19 02:03,SA-488503,M00778,美妝保養,SK-II 青春露,5636,信用卡
2026-04-25 23:12,SA-310113,M01048,母嬰用品,貝親 寬口玻璃奶瓶,577,超商貨到付款
2026-04-27 13:32,SA-777546,M00845,服飾配件,G-Shock 經典運動錶,3053,LinePay
2026-04-15 22:16,SA-337143,M00743,3C家電,Apple Watch S9,12855,LinePay
2026-04-25 14:01,SA-330908,M01061,生活居家,宜得利 N-COOL涼感床墊,1245,信用卡
2026-04-18 12:29,SA-648371,M01115,美妝保養,雅詩蘭黛 小棕瓶,3919,LinePay
2026-04-15 16:56,SA-828483,M00726,3C家電,Dyson 吹風機,14392,LinePay
2026-04-29 06:02,SA-120615,M00851,3C家電,iPhone 15 Pro,34456,信用卡
2026-04-03 13:24,SA-469280,M01355,3C家電,LG 掃地機器人,15658,街口支付
2026-04-27 13:43,SA-567705,M00272,美妝保養,SK-II 青春露,5771,信用卡
2026-04-29 20:21,SA-179392,M00444,服飾配件,Ray-Ban 飛行員太陽眼鏡,5515,超商貨到付款
2026-04-21 07:29,SA-348048,M01406,美妝保養,SK-II 青春露,6220,信用卡
2026-04-13 17:20,SA-863725,M00457,母嬰用品,明治 金選奶粉,692,LinePay
2026-04-12 00:06,SA-483570,M01233,服飾配件,G-Shock 經典運動錶,3009,街口支付
2026-04-29 07:05,SA-399111,M01466,美妝保養,資生堂 百優精純乳霜,2575,信用卡
2026-04-28 23:28,SA-644438,M01042,服飾配件,Ray-Ban 飛行員太陽眼鏡,5436,信用卡
2026-04-11 01:17,SA-163576,M01124,美妝保養,理膚寶水 B5全面修復霜,846,ATM轉帳
2026-04-25 02:16,SA-667001,M00077,服飾配件,Levi's 501牛仔褲,3815,LinePay
2026-04-07 22:09,SA-427907,M01294,美妝保養,SK-II 青春露,6097,LinePay
2026-04-21 16:19,SA-169692,M00439,美妝保養,雅詩蘭黛 小棕瓶,3867,信用卡
2026-04-11 09:16,SA-202438,M00036,美妝保養,SK-II 青春露,5667,超商貨到付款
2026-04-02 06:41,SA-553366,M00377,生活居家,TOTO 溫水洗淨便座,9740,LinePay
2026-04-15 18:13,SA-867898,M01295,母嬰用品,貝親 寬口玻璃奶瓶,526,信用卡
2026-04-16 04:48,SA-967452,M01193,美妝保養,蘭蔻 極光水,3348,信用卡
2026-04-22 10:42,SA-313406,M00351,生活居家,宜得利 N-COOL涼感床墊,1203,信用卡
2026-04-24 09:54,SA-891181,M01454,服飾配件,G-Shock 經典運動錶,3074,超商貨到付款
2026-04-08 07:35,SA-765276,M01163,3C家電,Nintendo Switch,9157,信用卡
2026-04-13 17:49,SA-515160,M00789,3C家電,iPhone 15 Pro,35385,信用卡
2026-04-30 14:57,SA-722484,M00364,3C家電,Nintendo Switch,9318,超商貨到付款
2026-04-02 19:25,SA-737839,M01021,服飾配件,Uniqlo 極暖發熱衣,722,超商貨到付款
2026-04-17 02:48,SA-238124,M01453,美妝保養,SK-II 青春露,6015,超商貨到付款
2026-04-01 06:26,SA-871461,M00215,生活居家,舒潔 抽取式衛生紙(箱),839,ATM轉帳
2026-04-05 20:52,SA-833120,M00309,服飾配件,Nike Air Force 1,3154,超商貨到付款
2026-04-18 07:17,SA-464031,M00276,服飾配件,Levi's 501牛仔褲,3798,信用卡
2026-04-16 20:41,SA-422512,M00665,服飾配件,Nike Air Force 1,3083,信用卡
2026-04-03 20:41,SA-835402,M00348,3C家電,Apple Watch S9,12513,信用卡
2026-04-08 00:55,SA-861886,M00993,3C家電,iPhone 15 Pro,35708,LinePay
2026-04-05 13:20,SA-343814,M00353,3C家電,Sony 降噪耳機,10214,LinePay
2026-04-29 17:20,SA-917315,M01451,3C家電,Dyson 吹風機,13581,信用卡
2026-04-10 21:53,SA-183373,M00674,3C家電,Apple Watch S9,12515,LinePay
2026-04-28 15:24,SA-220867,M00408,保健食品,白蘭氏 雙認證雞精(盒),1270,超商貨到付款
2026-04-14 22:40,SA-435641,M00188,美妝保養,蘭蔻 極光水,3500,信用卡
2026-04-09 21:33,SA-173423,M00011,服飾配件,Uniqlo 極暖發熱衣,739,超商貨到付款
2026-04-18 03:22,SA-190075,M00399,保健食品,桂格 大燕麥片,237,LinePay
2026-04-12 07:32,SA-166580,M01130,服飾配件,Ray-Ban 飛行員太陽眼鏡,5202,超商貨到付款
2026-04-19 01:34,SA-735617,M00894,生活居家,舒潔 抽取式衛生紙(箱),819,信用卡
2026-04-28 07:42,SA-836544,M01306,3C家電,Sony 降噪耳機,10587,信用卡
2026-04-24 14:37,SA-158321,M01116,保健食品,娘家 益生菌,1195,LinePay
2026-04-02 07:45,SA-496973,M00319,生活居家,無印良品 PP收納盒,418,LinePay
2026-04-19 23:41,SA-371884,M01397,美妝保養,理膚寶水 B5全面修復霜,846,超商貨到付款
2026-04-03 17:07,SA-343336,M00293,3C家電,LG 掃地機器人,15726,LinePay
2026-04-22 00:05,SA-954792,M00215,3C家電,Sony 降噪耳機,10436,LinePay
2026-04-03 04:43,SA-717276,M00867,服飾配件,G-Shock 經典運動錶,2894,超商貨到付款
2026-04-13 09:03,SA-107692,M00323,美妝保養,理膚寶水 B5全面修復霜,834,信用卡
2026-04-01 09:49,SA-475797,M00367,服飾配件,Uniqlo 極暖發熱衣,769,ATM轉帳
2026-04-05 03:11,SA-287472,M01090,3C家電,Apple Watch S9,12854,LinePay
2026-04-05 17:11,SA-904198,M01380,保健食品,白蘭氏 雙認證雞精(盒),1273,LinePay
2026-04-13 18:41,SA-977503,M00251,母嬰用品,Joie 輕量雙向推車,6328,LinePay
2026-04-29 20:47,SA-733470,M00494,美妝保養,SK-II 青春露,5878,街口支付
2026-04-21 00:45,SA-162997,M00505,3C家電,Apple Watch S9,12581,信用卡
2026-04-06 15:41,SA-712961,M00053,母嬰用品,貝親 寬口玻璃奶瓶,561,LinePay
2026-04-12 22:36,SA-176043,M01383,美妝保養,蘭蔻 極光水,3355,信用卡
2026-04-05 03:57,SA-933345,M01351,生活居家,無印良品 PP收納盒,436,街口支付
2026-04-25 17:31,SA-155703,M01152,母嬰用品,Joie 輕量雙向推車,6370,信用卡
2026-04-30 07:22,SA-689171,M01279,服飾配件,Uniqlo 極暖發熱衣,746,信用卡
2026-04-13 05:26,SA-481087,M00204,服飾配件,Nike Air Force 1,3088,LinePay
2026-04-18 12:50,SA-445075,M00193,3C家電,Sony 降噪耳機,10110,LinePay
2026-04-08 07:32,SA-458445,M00066,生活居家,3M 淨水器濾心,2251,信用卡
2026-04-26 22:57,SA-424482,M00958,3C家電,Sony 降噪耳機,10108,信用卡
2026-04-07 02:46,SA-692266,M00297,3C家電,iPhone 15 Pro,34255,街口支付
2026-04-21 10:02,SA-204443,M00596,3C家電,iPhone 15 Pro,36276,LinePay
2026-04-19 23:25,SA-897933,M01349,生活居家,舒潔 抽取式衛生紙(箱),879,信用卡
2026-04-11 14:03,SA-132883,M01101,服飾配件,Uniqlo 極暖發熱衣,767,LinePay
2026-04-05 13:01,SA-148774,M01472,母嬰用品,幫寶適 一級幫紙尿褲(箱),1533,ATM轉帳
2026-04-28 06:08,SA-510201,M00940,服飾配件,Nike Air Force 1,3206,ATM轉帳
2026-04-06 12:19,SA-950408,M00043,美妝保養,資生堂 百優精純乳霜,2538,信用卡
2026-04-13 00:24,SA-846532,M00302,美妝保養,理膚寶水 B5全面修復霜,832,信用卡
2026-04-29 22:18,SA-188031,M00099,3C家電,Nintendo Switch,9457,超商貨到付款
2026-04-29 14:09,SA-568937,M00524,美妝保養,SK-II 青春露,5906,信用卡
2026-04-13 15:57,SA-628062,M01026,服飾配件,Nike Air Force 1,3157,LinePay
2026-04-18 09:11,SA-966451,M00149,3C家電,Apple Watch S9,13274,超商貨到付款
2026-04-10 03:51,SA-213949,M00206,美妝保養,SK-II 青春露,5983,ATM轉帳
2026-04-27 21:47,SA-880078,M01309,美妝保養,資生堂 百優精純乳霜,2665,街口支付
2026-04-22 13:57,SA-765040,M00402,3C家電,LG 掃地機器人,14856,LinePay
2026-04-24 10:29,SA-647833,M00648,美妝保養,雅詩蘭黛 小棕瓶,4123,LinePay
2026-04-28 03:12,SA-791839,M00597,服飾配件,Levi's 501牛仔褲,3653,信用卡
2026-04-22 05:24,SA-116274,M00245,3C家電,LG 掃地機器人,14535,信用卡
2026-04-07 20:26,SA-163777,M00376,生活居家,3M 淨水器濾心,2292,LinePay
2026-04-07 11:24,SA-247410,M01141,服飾配件,G-Shock 經典運動錶,3054,信用卡
2026-04-28 02:14,SA-257139,M01486,保健食品,桂格 大燕麥片,221,街口支付
2026-04-12 13:46,SA-824350,M00954,生活居家,宜得利 N-COOL涼感床墊,1206,ATM轉帳
2026-04-10 21:54,SA-450909,M00763,服飾配件,Nike Air Force 1,3290,超商貨到付款
2026-04-23 22:28,SA-634535,M01153,服飾配件,Levi's 501牛仔褲,3658,超商貨到付款
2026-04-18 10:23,SA-544164,M01359,服飾配件,Levi's 501牛仔褲,3786,LinePay
2026-04-02 13:20,SA-248447,M01038,美妝保養,SK-II 青春露,5752,LinePay
2026-04-05 21:39,SA-105861,M01375,3C家電,iPhone 15 Pro,35255,LinePay
2026-04-20 11:16,SA-148708,M00989,美妝保養,蘭蔻 極光水,3439,信用卡
2026-04-25 04:55,SA-170093,M00248,美妝保養,SK-II 青春露,5771,信用卡
2026-04-06 04:33,SA-309797,M01293,服飾配件,Ray-Ban 飛行員太陽眼鏡,5245,信用卡
2026-04-02 04:14,SA-143843,M01138,服飾配件,Ray-Ban 飛行員太陽眼鏡,5082,LinePay
2026-04-09 19:17,SA-361716,M00140,服飾配件,Levi's 501牛仔褲,3677,街口支付
2026-04-30 14:21,SA-621914,M01434,母嬰用品,Combi 奶瓶消毒鍋,3146,信用卡
2026-04-18 09:58,SA-579841,M00361,生活居家,無印良品 PP收納盒,442,信用卡
2026-04-18 17:17,SA-834418,M00521,母嬰用品,貝親 寬口玻璃奶瓶,534,信用卡
2026-04-03 01:43,SA-136366,M01240,服飾配件,G-Shock 經典運動錶,3071,LinePay
2026-04-03 18:51,SA-467046,M01374,保健食品,善存 綜合維他命,921,信用卡
2026-04-09 21:56,SA-925302,M00057,3C家電,Sony 降噪耳機,10544,信用卡
2026-04-24 09:51,SA-775667,M00104,服飾配件,Levi's 501牛仔褲,3943,LinePay
2026-04-08 15:54,SA-433847,M00854,3C家電,Nintendo Switch,9018,信用卡
2026-04-09 23:10,SA-603648,M00597,生活居家,3M 淨水器濾心,2375,信用卡
2026-04-12 10:50,SA-730240,M01414,美妝保養,蘭蔻 極光水,3460,信用卡
2026-04-20 22:49,SA-279956,M01409,3C家電,Nintendo Switch,9021,信用卡
2026-04-13 02:24,SA-153477,M00450,保健食品,娘家 益生菌,1180,LinePay
2026-04-17 07:26,SA-460342,M00700,3C家電,iPhone 15 Pro,34789,信用卡
2026-04-17 07:57,SA-179381,M01084,服飾配件,Ray-Ban 飛行員太陽眼鏡,5539,超商貨到付款
2026-04-22 17:04,SA-227744,M00284,服飾配件,Uniqlo 極暖發熱衣,731,街口支付
2026-04-20 19:54,SA-582912,M00835,3C家電,LG 掃地機器人,15242,LinePay
2026-04-02 10:44,SA-877427,M00557,生活居家,宜得利 N-COOL涼感床墊,1176,街口支付
2026-04-09 03:10,SA-239386,M01122,服飾配件,Nike Air Force 1,3310,信用卡
2026-04-24 01:50,SA-349289,M00992,生活居家,舒潔 抽取式衛生紙(箱),884,超商貨到付款
2026-04-13 22:04,SA-215574,M00252,3C家電,Nintendo Switch,9274,LinePay
2026-04-12 12:57,SA-183853,M00022,生活居家,無印良品 PP收納盒,406,街口支付
2026-04-14 11:15,SA-956644,M00095,生活居家,宜得利 N-COOL涼感床墊,1178,信用卡
2026-04-29 06:33,SA-280457,M00772,服飾配件,G-Shock 經典運動錶,3093,信用卡
2026-04-16 21:20,SA-704469,M00767,母嬰用品,Combi 奶瓶消毒鍋,3246,信用卡
2026-04-11 12:17,SA-154778,M01027,服飾配件,G-Shock 經典運動錶,3029,信用卡
2026-04-01 23:29,SA-644349,M00242,3C家電,iPhone 15 Pro,34567,超商貨到付款
2026-04-20 22:23,SA-766748,M00344,服飾配件,Levi's 501牛仔褲,3967,LinePay
2026-04-30 01:06,SA-320533,M01254,服飾配件,Uniqlo 極暖發熱衣,743,超商貨到付款
2026-04-09 01:38,SA-851202,M01022,3C家電,Sony 降噪耳機,10659,街口支付
2026-04-30 10:37,SA-691281,M00668,保健食品,桂格 大燕麥片,226,超商貨到付款
2026-04-05 18:34,SA-987384,M01420,3C家電,Sony 降噪耳機,10575,LinePay
2026-04-19 07:42,SA-603970,M01041,服飾配件,Levi's 501牛仔褲,3613,街口支付
2026-04-07 20:54,SA-948850,M00693,保健食品,善存 綜合維他命,938,街口支付
2026-04-28 06:36,SA-156375,M01428,服飾配件,G-Shock 經典運動錶,2930,信用卡
2026-04-19 11:45,SA-823533,M00500,美妝保養,理膚寶水 B5全面修復霜,836,街口支付
2026-04-30 06:07,SA-884086,M01255,保健食品,白蘭氏 雙認證雞精(盒),1305,LinePay
2026-04-21 07:04,SA-468810,M00849,母嬰用品,貝親 寬口玻璃奶瓶,535,信用卡
2026-04-18 08:07,SA-517654,M00137,美妝保養,蘭蔻 極光水,3516,信用卡
2026-04-05 09:08,SA-297006,M01011,母嬰用品,幫寶適 一級幫紙尿褲(箱),1521,LinePay
2026-04-28 07:46,SA-401391,M01201,美妝保養,資生堂 百優精純乳霜,2637,超商貨到付款
2026-04-23 14:19,SA-391250,M00657,美妝保養,資生堂 百優精純乳霜,2621,超商貨到付款
2026-04-20 08:13,SA-453272,M00203,服飾配件,G-Shock 經典運動錶,2965,信用卡
2026-04-12 02:00,SA-718471,M00823,生活居家,無印良品 PP收納盒,439,信用卡
2026-04-24 14:28,SA-486568,M00196,美妝保養,雅詩蘭黛 小棕瓶,3857,ATM轉帳
2026-04-18 20:04,SA-936619,M00490,母嬰用品,明治 金選奶粉,722,信用卡
2026-04-19 15:50,SA-920417,M00549,3C家電,iPhone 15 Pro,35784,LinePay
2026-04-27 17:30,SA-878533,M00059,美妝保養,SK-II 青春露,5899,信用卡
2026-04-15 13:15,SA-869514,M00221,服飾配件,Uniqlo 極暖發熱衣,742,LinePay
2026-04-03 12:32,SA-674522,M01311,3C家電,Nintendo Switch,9629,超商貨到付款
2026-04-01 22:36,SA-251843,M00003,美妝保養,SK-II 青春露,5913,街口支付
2026-04-03 00:45,SA-936535,M00887,3C家電,Nintendo Switch,9300,超商貨到付款
2026-04-14 15:57,SA-907129,M00716,3C家電,iPhone 15 Pro,34103,信用卡
2026-04-28 07:36,SA-166416,M00204,母嬰用品,Joie 輕量雙向推車,6717,信用卡
2026-04-02 13:34,SA-158320,M01298,服飾配件,Levi's 501牛仔褲,3955,信用卡
2026-04-03 09:30,SA-260387,M00200,3C家電,Nintendo Switch,8820,信用卡
2026-04-16 01:51,SA-253079,M00931,3C家電,Nintendo Switch,9619,信用卡
2026-04-25 12:14,SA-312023,M01011,3C家電,Dyson 吹風機,13471,LinePay
2026-04-19 09:43,SA-617342,M00626,生活居家,宜得利 N-COOL涼感床墊,1240,LinePay
2026-04-19 22:46,SA-631075,M00161,生活居家,宜得利 N-COOL涼感床墊,1165,LinePay
2026-04-26 02:38,SA-112124,M00420,服飾配件,Nike Air Force 1,3271,信用卡
2026-04-18 03:24,SA-905568,M01295,美妝保養,理膚寶水 B5全面修復霜,829,LinePay
2026-04-28 02:24,SA-745000,M01030,3C家電,LG 掃地機器人,15372,LinePay
2026-04-18 04:50,SA-794110,M00582,3C家電,Sony 降噪耳機,10663,ATM轉帳
2026-04-13 22:09,SA-150721,M01332,母嬰用品,Combi 奶瓶消毒鍋,3277,ATM轉帳
2026-04-11 03:35,SA-698041,M00577,美妝保養,SK-II 青春露,6000,超商貨到付款
2026-04-29 04:35,SA-279691,M01252,母嬰用品,明治 金選奶粉,719,超商貨到付款
2026-04-23 13:12,SA-732751,M00881,3C家電,Dyson 吹風機,14077,街口支付
2026-04-01 12:38,SA-531786,M00811,服飾配件,Levi's 501牛仔褲,3754,超商貨到付款
2026-04-20 13:20,SA-449985,M00099,3C家電,Nintendo Switch,9666,信用卡
2026-04-21 15:01,SA-882687,M00868,生活居家,宜得利 N-COOL涼感床墊,1178,超商貨到付款
2026-04-18 01:32,SA-798174,M00483,美妝保養,雅詩蘭黛 小棕瓶,3943,信用卡
2026-04-23 00:10,SA-197514,M00089,母嬰用品,Combi 奶瓶消毒鍋,3245,信用卡
2026-04-11 09:49,SA-132181,M00441,3C家電,Sony 降噪耳機,10542,信用卡
2026-04-13 12:45,SA-711723,M00844,美妝保養,理膚寶水 B5全面修復霜,867,街口支付
2026-04-24 12:39,SA-832160,M00663,美妝保養,雅詩蘭黛 小棕瓶,3963,LinePay
2026-04-21 01:26,SA-689813,M00677,3C家電,Dyson 吹風機,13989,信用卡
2026-04-16 19:02,SA-394917,M00347,母嬰用品,Joie 輕量雙向推車,6130,信用卡
2026-04-25 12:03,SA-672442,M01394,母嬰用品,Joie 輕量雙向推車,6545,信用卡
2026-04-05 15:01,SA-435782,M01093,服飾配件,Nike Air Force 1,3110,街口支付
2026-04-05 23:53,SA-865997,M00695,美妝保養,蘭蔻 極光水,3393,街口支付
2026-04-13 03:11,SA-691996,M01479,美妝保養,雅詩蘭黛 小棕瓶,3842,信用卡
2026-04-28 06:24,SA-105027,M00925,3C家電,LG 掃地機器人,15312,信用卡
2026-04-25 18:48,SA-619700,M01421,美妝保養,SK-II 青春露,5697,街口支付
2026-04-02 19:07,SA-227636,M00397,3C家電,iPhone 15 Pro,34715,信用卡
2026-04-19 06:18,SA-750413,M00556,美妝保養,理膚寶水 B5全面修復霜,845,信用卡
2026-04-28 10:55,SA-601803,M00724,美妝保養,理膚寶水 B5全面修復霜,863,LinePay
2026-04-30 22:05,SA-435539,M01240,服飾配件,Uniqlo 極暖發熱衣,740,LinePay
2026-04-03 04:50,SA-707675,M00386,3C家電,Nintendo Switch,9569,信用卡
2026-04-01 12:22,SA-384534,M00643,母嬰用品,Combi 奶瓶消毒鍋,3153,LinePay
2026-04-29 12:32,SA-303151,M01434,美妝保養,雅詩蘭黛 小棕瓶,4148,超商貨到付款
2026-04-04 09:32,SA-650380,M00119,3C家電,Dyson 吹風機,13839,信用卡
2026-04-23 13:23,SA-483564,M01369,3C家電,LG 掃地機器人,15268,超商貨到付款
2026-04-13 15:36,SA-310261,M00142,服飾配件,Uniqlo 極暖發熱衣,752,街口支付
2026-04-04 13:46,SA-806621,M00173,生活居家,舒潔 抽取式衛生紙(箱),828,LinePay
2026-04-12 23:41,SA-644006,M00595,3C家電,Sony 降噪耳機,9906,信用卡
2026-04-13 06:33,SA-440880,M01449,保健食品,娘家 大紅麴,2458,信用卡
2026-04-26 03:44,SA-869681,M01128,美妝保養,蘭蔻 極光水,3468,信用卡
2026-04-05 05:49,SA-580712,M00105,3C家電,Nintendo Switch,9116,信用卡
2026-04-08 04:46,SA-620968,M00833,美妝保養,雅詩蘭黛 小棕瓶,4130,信用卡
2026-04-14 20:13,SA-213142,M00026,美妝保養,理膚寶水 B5全面修復霜,855,信用卡
2026-04-15 19:48,SA-613247,M00197,服飾配件,Ray-Ban 飛行員太陽眼鏡,5188,LinePay
2026-04-20 06:01,SA-703928,M01137,美妝保養,理膚寶水 B5全面修復霜,827,信用卡
2026-04-06 19:55,SA-936812,M00912,母嬰用品,貝親 寬口玻璃奶瓶,572,街口支付
2026-04-09 14:06,SA-814523,M00740,服飾配件,Ray-Ban 飛行員太陽眼鏡,5545,信用卡
2026-04-27 14:47,SA-541047,M00220,保健食品,善存 綜合維他命,938,信用卡
2026-04-01 00:34,SA-278842,M01447,3C家電,Apple Watch S9,13141,LinePay
2026-04-06 11:39,SA-109630,M00251,服飾配件,Levi's 501牛仔褲,3812,超商貨到付款
2026-04-07 06:05,SA-580675,M00673,生活居家,無印良品 PP收納盒,442,信用卡
2026-04-23 23:01,SA-578818,M00493,生活居家,3M 淨水器濾心,2293,LinePay
2026-04-11 08:46,SA-163134,M00668,美妝保養,蘭蔻 極光水,3366,超商貨到付款
2026-04-23 00:57,SA-819316,M00130,保健食品,娘家 益生菌,1168,LinePay
2026-04-10 00:10,SA-723924,M00874,生活居家,3M 淨水器濾心,2390,信用卡
2026-04-19 16:08,SA-488242,M00434,美妝保養,雅詩蘭黛 小棕瓶,4172,信用卡
2026-04-03 03:16,SA-979770,M00945,3C家電,Nintendo Switch,8920,街口支付
2026-04-25 01:31,SA-926150,M00654,3C家電,Sony 降噪耳機,10082,信用卡
2026-04-13 22:59,SA-397832,M01205,生活居家,宜得利 N-COOL涼感床墊,1192,信用卡
2026-04-14 20:22,SA-235358,M01275,3C家電,Apple Watch S9,12340,街口支付
2026-04-05 09:25,SA-525975,M00887,母嬰用品,幫寶適 一級幫紙尿褲(箱),1461,LinePay
2026-04-11 16:51,SA-529289,M00996,美妝保養,SK-II 青春露,6012,信用卡
2026-04-19 23:12,SA-438305,M00740,美妝保養,資生堂 百優精純乳霜,2654,信用卡
2026-04-14 14:23,SA-962614,M01100,服飾配件,G-Shock 經典運動錶,3022,LinePay
2026-04-02 05:46,SA-130379,M00187,母嬰用品,明治 金選奶粉,746,LinePay
2026-04-10 01:57,SA-634064,M00643,美妝保養,蘭蔻 極光水,3266,ATM轉帳
2026-04-06 01:18,SA-302208,M01473,美妝保養,資生堂 百優精純乳霜,2760,ATM轉帳
2026-04-28 01:54,SA-103760,M00383,3C家電,Sony 降噪耳機,10241,LinePay
2026-04-10 08:03,SA-256532,M00194,3C家電,LG 掃地機器人,15185,街口支付
2026-04-29 19:17,SA-890690,M01141,3C家電,Dyson 吹風機,14346,街口支付
2026-04-10 14:45,SA-584413,M00779,美妝保養,資生堂 百優精純乳霜,2667,街口支付
2026-04-20 11:46,SA-786167,M01500,生活居家,宜得利 N-COOL涼感床墊,1270,超商貨到付款
2026-04-07 06:06,SA-105950,M00412,服飾配件,Nike Air Force 1,3368,街口支付
2026-04-01 04:49,SA-610097,M00457,美妝保養,資生堂 百優精純乳霜,2523,街口支付
2026-04-16 16:04,SA-398221,M01125,母嬰用品,幫寶適 一級幫紙尿褲(箱),1448,超商貨到付款
2026-04-22 18:33,SA-522400,M00353,美妝保養,雅詩蘭黛 小棕瓶,3813,信用卡
2026-04-05 01:07,SA-790540,M00944,服飾配件,Levi's 501牛仔褲,3982,信用卡
2026-04-28 00:59,SA-522228,M00707,生活居家,舒潔 抽取式衛生紙(箱),854,超商貨到付款
2026-04-20 13:10,SA-540285,M00323,服飾配件,Uniqlo 極暖發熱衣,728,LinePay
2026-04-27 08:54,SA-508093,M00445,3C家電,iPhone 15 Pro,34044,ATM轉帳
2026-04-25 12:03,SA-910078,M00580,3C家電,LG 掃地機器人,14590,超商貨到付款
2026-04-26 22:00,SA-811657,M00954,美妝保養,雅詩蘭黛 小棕瓶,4173,信用卡
2026-04-17 11:20,SA-372284,M00872,3C家電,Nintendo Switch,9018,信用卡
2026-04-22 21:09,SA-322159,M00309,美妝保養,蘭蔻 極光水,3491,ATM轉帳
2026-04-29 01:35,SA-543880,M01091,生活居家,舒潔 抽取式衛生紙(箱),856,信用卡
2026-04-11 18:38,SA-413843,M01264,生活居家,3M 淨水器濾心,2409,街口支付
2026-04-28 21:54,SA-759222,M00489,保健食品,娘家 大紅麴,2504,超商貨到付款
2026-04-06 18:24,SA-913875,M00472,保健食品,白蘭氏 雙認證雞精(盒),1331,信用卡
2026-04-23 15:11,SA-209519,M00339,3C家電,Nintendo Switch,8976,超商貨到付款
2026-04-17 10:09,SA-994507,M01064,服飾配件,Levi's 501牛仔褲,3793,超商貨到付款
2026-04-06 16:36,SA-694473,M01230,服飾配件,Nike Air Force 1,3259,ATM轉帳
2026-04-25 18:34,SA-398492,M01272,3C家電,iPhone 15 Pro,36558,街口支付
2026-04-25 12:39,SA-141733,M00834,3C家電,Apple Watch S9,13388,超商貨到付款
2026-04-09 15:30,SA-587188,M00822,母嬰用品,貝親 寬口玻璃奶瓶,557,LinePay
2026-04-14 21:02,SA-771295,M00689,3C家電,Apple Watch S9,13113,街口支付
2026-04-15 21:33,SA-637156,M00488,服飾配件,Levi's 501牛仔褲,3925,信用卡
2026-04-26 09:11,SA-332484,M00428,生活居家,無印良品 PP收納盒,442,超商貨到付款
2026-04-11 21:11,SA-273669,M00329,美妝保養,蘭蔻 極光水,3561,LinePay
2026-04-15 07:25,SA-707323,M01001,美妝保養,雅詩蘭黛 小棕瓶,3847,信用卡
2026-04-22 08:12,SA-166022,M00297,生活居家,3M 淨水器濾心,2422,信用卡
2026-04-21 04:37,SA-978268,M00569,服飾配件,Ray-Ban 飛行員太陽眼鏡,5527,信用卡
2026-04-14 14:02,SA-539299,M01239,服飾配件,Nike Air Force 1,3306,LinePay
2026-04-15 15:56,SA-483780,M00900,美妝保養,SK-II 青春露,5857,信用卡
2026-04-29 10:47,SA-391547,M00086,3C家電,Sony 降噪耳機,10843,信用卡
2026-04-23 11:30,SA-945392,M00183,3C家電,Apple Watch S9,13313,LinePay
2026-04-01 01:06,SA-258168,M00962,美妝保養,雅詩蘭黛 小棕瓶,4105,信用卡
2026-04-19 22:06,SA-630147,M00337,生活居家,TOTO 溫水洗淨便座,8912,信用卡
2026-04-12 21:29,SA-124131,M01231,服飾配件,Ray-Ban 飛行員太陽眼鏡,5173,LinePay
2026-04-14 15:56,SA-115492,M00539,母嬰用品,貝親 寬口玻璃奶瓶,578,超商貨到付款
2026-04-21 15:25,SA-267191,M00275,生活居家,無印良品 PP收納盒,408,LinePay
2026-04-27 12:08,SA-195406,M00806,美妝保養,蘭蔻 極光水,3255,信用卡
2026-04-27 20:51,SA-877581,M00093,美妝保養,資生堂 百優精純乳霜,2765,信用卡
2026-04-01 23:38,SA-592938,M01399,美妝保養,蘭蔻 極光水,3262,信用卡
2026-04-23 07:14,SA-151188,M00258,美妝保養,資生堂 百優精純乳霜,2615,信用卡
2026-04-15 13:53,SA-682726,M00808,美妝保養,SK-II 青春露,6153,信用卡
2026-04-28 22:02,SA-879543,M00235,生活居家,無印良品 PP收納盒,413,超商貨到付款
2026-04-04 18:26,SA-160819,M00391,服飾配件,Levi's 501牛仔褲,3766,街口支付
2026-04-25 08:49,SA-851070,M01365,美妝保養,理膚寶水 B5全面修復霜,851,LinePay
2026-04-30 20:03,SA-147119,M01047,美妝保養,蘭蔻 極光水,3486,信用卡
2026-04-09 04:31,SA-658910,M00317,美妝保養,理膚寶水 B5全面修復霜,861,信用卡
2026-04-22 03:03,SA-760465,M00967,3C家電,Sony 降噪耳機,10851,LinePay
2026-04-05 19:52,SA-960245,M00604,母嬰用品,明治 金選奶粉,732,ATM轉帳
2026-04-18 00:48,SA-664687,M00300,3C家電,Sony 降噪耳機,10077,信用卡
2026-04-17 17:09,SA-278165,M00012,保健食品,白蘭氏 雙認證雞精(盒),1295,LinePay
2026-04-11 01:02,SA-394092,M00806,3C家電,LG 掃地機器人,15314,信用卡
2026-04-16 13:51,SA-801229,M01379,3C家電,iPhone 15 Pro,34188,超商貨到付款
2026-04-23 16:01,SA-963858,M00159,生活居家,舒潔 抽取式衛生紙(箱),892,超商貨到付款
2026-04-09 04:09,SA-728029,M00224,生活居家,舒潔 抽取式衛生紙(箱),826,信用卡
2026-04-25 10:26,SA-824373,M01372,服飾配件,Ray-Ban 飛行員太陽眼鏡,5148,信用卡
2026-04-24 12:40,SA-592639,M01396,美妝保養,雅詩蘭黛 小棕瓶,4199,信用卡
2026-04-08 18:05,SA-104437,M00767,美妝保養,資生堂 百優精純乳霜,2736,信用卡
2026-04-10 00:49,SA-286335,M00819,服飾配件,Uniqlo 極暖發熱衣,743,信用卡
2026-04-12 14:05,SA-155926,M00739,3C家電,Nintendo Switch,9295,街口支付
2026-04-23 18:15,SA-436912,M00368,生活居家,舒潔 抽取式衛生紙(箱),840,信用卡
2026-04-04 22:00,SA-841237,M01199,美妝保養,雅詩蘭黛 小棕瓶,3950,信用卡
2026-04-09 00:35,SA-356197,M00124,美妝保養,SK-II 青春露,5904,信用卡
2026-04-04 20:25,SA-666357,M01125,3C家電,Dyson 吹風機,13780,信用卡
2026-04-03 07:59,SA-455481,M00166,美妝保養,資生堂 百優精純乳霜,2538,街口支付
2026-04-05 04:41,SA-751021,M00740,美妝保養,SK-II 青春露,6075,信用卡
2026-04-29 07:43,SA-494235,M01144,服飾配件,Levi's 501牛仔褲,3899,超商貨到付款
2026-04-15 18:03,SA-505338,M00928,3C家電,iPhone 15 Pro,35687,ATM轉帳
2026-04-01 06:32,SA-749173,M00695,生活居家,宜得利 N-COOL涼感床墊,1201,LinePay
2026-04-09 00:25,SA-766296,M00150,服飾配件,G-Shock 經典運動錶,3180,信用卡
2026-04-28 01:02,SA-662432,M01401,3C家電,iPhone 15 Pro,36571,超商貨到付款
2026-04-11 12:48,SA-510290,M01447,生活居家,宜得利 N-COOL涼感床墊,1175,信用卡
2026-04-14 06:50,SA-282521,M00831,服飾配件,Ray-Ban 飛行員太陽眼鏡,5596,街口支付
2026-04-15 20:10,SA-363640,M00057,美妝保養,SK-II 青春露,6117,信用卡
2026-04-22 08:44,SA-428007,M01408,生活居家,3M 淨水器濾心,2487,LinePay
2026-04-17 22:19,SA-703846,M01237,母嬰用品,幫寶適 一級幫紙尿褲(箱),1497,信用卡
2026-04-17 05:26,SA-388065,M00096,服飾配件,Ray-Ban 飛行員太陽眼鏡,5194,LinePay
2026-04-25 07:38,SA-979583,M00003,母嬰用品,Combi 奶瓶消毒鍋,3076,信用卡
2026-04-21 08:41,SA-503578,M01455,3C家電,Dyson 吹風機,13162,信用卡
2026-04-07 01:04,SA-867441,M00700,保健食品,娘家 大紅麴,2414,超商貨到付款
2026-04-09 02:40,SA-380269,M00502,美妝保養,SK-II 青春露,5978,LinePay
2026-04-11 08:18,SA-421651,M00356,服飾配件,G-Shock 經典運動錶,3043,街口支付
2026-04-03 15:47,SA-472663,M00476,母嬰用品,Combi 奶瓶消毒鍋,3273,信用卡
2026-04-18 02:12,SA-494858,M00311,美妝保養,理膚寶水 B5全面修復霜,797,超商貨到付款
2026-04-27 23:13,SA-823060,M01312,服飾配件,Ray-Ban 飛行員太陽眼鏡,5309,街口支付
2026-04-03 02:32,SA-508813,M00865,3C家電,Dyson 吹風機,13205,街口支付
2026-04-11 23:46,SA-106407,M01061,美妝保養,雅詩蘭黛 小棕瓶,4126,信用卡
2026-04-14 12:30,SA-580877,M01043,美妝保養,理膚寶水 B5全面修復霜,853,信用卡
2026-04-15 20:00,SA-551370,M00946,母嬰用品,幫寶適 一級幫紙尿褲(箱),1572,信用卡
2026-04-27 00:48,SA-752211,M00755,服飾配件,Uniqlo 極暖發熱衣,758,LinePay
2026-04-06 12:47,SA-240692,M01393,生活居家,無印良品 PP收納盒,430,LinePay
2026-04-08 21:57,SA-138538,M01149,3C家電,LG 掃地機器人,15695,信用卡
2026-04-27 20:03,SA-845444,M01045,生活居家,宜得利 N-COOL涼感床墊,1187,超商貨到付款
2026-04-13 04:06,SA-912170,M00607,美妝保養,蘭蔻 極光水,3339,信用卡
2026-04-30 21:09,SA-422873,M01442,母嬰用品,明治 金選奶粉,734,街口支付
2026-04-24 00:45,SA-594606,M00141,生活居家,TOTO 溫水洗淨便座,9579,街口支付
2026-04-02 10:24,SA-222871,M00740,生活居家,宜得利 N-COOL涼感床墊,1221,ATM轉帳
2026-04-29 18:42,SA-218003,M00827,母嬰用品,Joie 輕量雙向推車,6359,ATM轉帳
2026-04-28 17:16,SA-549651,M00042,生活居家,TOTO 溫水洗淨便座,9367,超商貨到付款
2026-04-17 14:40,SA-267709,M00465,服飾配件,Nike Air Force 1,3393,超商貨到付款
2026-04-11 22:01,SA-314421,M00304,美妝保養,SK-II 青春露,5689,信用卡
2026-04-25 09:46,SA-398523,M00089,生活居家,宜得利 N-COOL涼感床墊,1238,信用卡
2026-04-05 14:10,SA-126363,M01007,母嬰用品,Joie 輕量雙向推車,6591,LinePay
2026-04-12 16:54,SA-648128,M01062,生活居家,3M 淨水器濾心,2484,LinePay
2026-04-27 00:05,SA-582084,M01402,母嬰用品,Combi 奶瓶消毒鍋,2985,信用卡
2026-04-07 04:35,SA-343416,M00039,3C家電,iPhone 15 Pro,35211,信用卡
2026-04-27 12:10,SA-567975,M00947,服飾配件,G-Shock 經典運動錶,3046,信用卡
2026-04-03 07:36,SA-418922,M00351,美妝保養,SK-II 青春露,5837,LinePay
2026-04-27 02:33,SA-281824,M00109,美妝保養,資生堂 百優精純乳霜,2526,信用卡
2026-04-17 14:12,SA-677872,M00057,3C家電,Dyson 吹風機,14446,信用卡
2026-04-18 16:58,SA-890021,M00648,3C家電,Nintendo Switch,9442,LinePay
2026-04-08 01:09,SA-327693,M00030,生活居家,TOTO 溫水洗淨便座,9499,信用卡
2026-04-26 02:10,SA-456723,M00182,生活居家,舒潔 抽取式衛生紙(箱),812,信用卡
2026-04-24 19:05,SA-311267,M00308,3C家電,Nintendo Switch,9658,信用卡
2026-04-07 16:08,SA-572396,M00766,3C家電,Apple Watch S9,13106,LinePay
2026-04-17 21:54,SA-486638,M00836,母嬰用品,Joie 輕量雙向推車,6423,超商貨到付款
2026-04-29 01:12,SA-933610,M00200,3C家電,Dyson 吹風機,13805,信用卡
2026-04-27 11:07,SA-954603,M00551,生活居家,宜得利 N-COOL涼感床墊,1260,超商貨到付款
2026-04-24 23:12,SA-241934,M00369,服飾配件,Levi's 501牛仔褲,3931,LinePay
2026-04-08 02:27,SA-167135,M00963,生活居家,3M 淨水器濾心,2332,街口支付
2026-04-07 13:13,SA-352345,M00867,生活居家,無印良品 PP收納盒,414,街口支付
2026-04-29 13:32,SA-734205,M01266,生活居家,TOTO 溫水洗淨便座,8972,信用卡
2026-04-23 05:41,SA-907476,M00063,3C家電,Sony 降噪耳機,10594,LinePay
2026-04-26 11:19,SA-399009,M01366,3C家電,Sony 降噪耳機,10338,ATM轉帳
2026-04-22 20:22,SA-163100,M01047,3C家電,Nintendo Switch,9167,信用卡
2026-04-08 17:07,SA-812891,M00186,母嬰用品,貝親 寬口玻璃奶瓶,526,LinePay
2026-04-09 18:55,SA-173016,M01218,3C家電,Apple Watch S9,12232,LinePay
2026-04-11 01:23,SA-375370,M01428,保健食品,娘家 大紅麴,2531,信用卡
2026-04-20 03:29,SA-865481,M00136,服飾配件,Levi's 501牛仔褲,3797,信用卡
2026-04-25 17:41,SA-607285,M00904,服飾配件,Ray-Ban 飛行員太陽眼鏡,5113,信用卡
2026-04-11 16:09,SA-794010,M00775,服飾配件,Ray-Ban 飛行員太陽眼鏡,5374,街口支付
2026-04-11 00:59,SA-997595,M01202,生活居家,TOTO 溫水洗淨便座,9362,街口支付
2026-04-23 12:05,SA-347758,M00422,生活居家,無印良品 PP收納盒,406,LinePay
2026-04-29 22:08,SA-923862,M00833,生活居家,TOTO 溫水洗淨便座,9867,信用卡
2026-04-12 04:34,SA-730572,M00608,服飾配件,Ray-Ban 飛行員太陽眼鏡,5349,信用卡
2026-04-18 05:44,SA-345445,M00861,3C家電,Sony 降噪耳機,10008,信用卡
2026-04-30 15:18,SA-937640,M01462,美妝保養,理膚寶水 B5全面修復霜,809,信用卡
2026-04-20 21:45,SA-118451,M01030,母嬰用品,貝親 寬口玻璃奶瓶,546,信用卡
2026-04-18 10:06,SA-971378,M00173,美妝保養,資生堂 百優精純乳霜,2671,LinePay
2026-04-12 13:38,SA-243456,M00897,服飾配件,Uniqlo 極暖發熱衣,717,信用卡
2026-04-18 10:14,SA-242164,M00235,美妝保養,雅詩蘭黛 小棕瓶,3952,超商貨到付款
2026-04-17 23:33,SA-233765,M01397,美妝保養,蘭蔻 極光水,3598,信用卡
2026-04-11 08:40,SA-186815,M01042,服飾配件,Ray-Ban 飛行員太陽眼鏡,5428,信用卡
2026-04-20 23:34,SA-107193,M00918,服飾配件,G-Shock 經典運動錶,2941,信用卡
2026-04-01 20:42,SA-738415,M01465,服飾配件,Levi's 501牛仔褲,3629,超商貨到付款
2026-04-14 09:31,SA-650611,M00238,3C家電,Dyson 吹風機,13955,信用卡
2026-04-19 04:33,SA-900789,M00252,3C家電,Sony 降噪耳機,9822,信用卡
2026-04-12 05:27,SA-941049,M00535,3C家電,Dyson 吹風機,14297,超商貨到付款
2026-04-10 04:37,SA-400073,M00927,服飾配件,Levi's 501牛仔褲,3642,信用卡
2026-04-06 12:05,SA-385085,M01349,服飾配件,Ray-Ban 飛行員太陽眼鏡,5376,超商貨到付款
2026-04-09 12:29,SA-599492,M00326,生活居家,TOTO 溫水洗淨便座,9014,街口支付
2026-04-04 10:14,SA-163941,M00727,美妝保養,SK-II 青春露,6226,LinePay
2026-04-16 12:28,SA-173922,M00532,生活居家,宜得利 N-COOL涼感床墊,1208,信用卡
2026-04-28 02:26,SA-762281,M00856,保健食品,善存 綜合維他命,880,信用卡
2026-04-27 13:58,SA-570308,M01254,美妝保養,理膚寶水 B5全面修復霜,875,LinePay
2026-04-19 15:35,SA-239390,M00478,美妝保養,資生堂 百優精純乳霜,2636,信用卡
2026-04-30 11:56,SA-327183,M00774,服飾配件,Ray-Ban 飛行員太陽眼鏡,5154,街口支付
2026-04-15 23:28,SA-716111,M00423,母嬰用品,幫寶適 一級幫紙尿褲(箱),1496,信用卡
2026-04-16 13:50,SA-223851,M00993,生活居家,TOTO 溫水洗淨便座,9433,LinePay
2026-04-15 04:15,SA-918972,M00563,母嬰用品,Joie 輕量雙向推車,6203,街口支付
2026-04-19 17:52,SA-178998,M01415,服飾配件,Nike Air Force 1,3264,信用卡
2026-04-16 19:35,SA-136726,M00770,美妝保養,SK-II 青春露,5735,超商貨到付款
2026-04-10 11:01,SA-300859,M00634,母嬰用品,貝親 寬口玻璃奶瓶,545,信用卡
2026-04-12 11:34,SA-276665,M00202,母嬰用品,Joie 輕量雙向推車,6603,超商貨到付款
2026-04-15 14:25,SA-575549,M01336,美妝保養,雅詩蘭黛 小棕瓶,3939,信用卡
2026-04-10 13:14,SA-649224,M01398,3C家電,Nintendo Switch,9565,ATM轉帳
2026-04-24 19:35,SA-552495,M00355,母嬰用品,Combi 奶瓶消毒鍋,3245,超商貨到付款
2026-04-05 08:07,SA-745577,M00984,美妝保養,理膚寶水 B5全面修復霜,804,LinePay
2026-04-02 18:10,SA-676680,M01304,美妝保養,理膚寶水 B5全面修復霜,857,信用卡
2026-04-14 07:51,SA-925732,M00060,美妝保養,SK-II 青春露,6152,信用卡
2026-04-25 21:32,SA-227126,M01181,美妝保養,資生堂 百優精純乳霜,2611,信用卡
2026-04-29 01:24,SA-713657,M00577,美妝保養,資生堂 百優精純乳霜,2716,信用卡
2026-04-26 08:24,SA-101840,M01080,美妝保養,蘭蔻 極光水,3358,超商貨到付款
2026-04-26 12:32,SA-482383,M00452,生活居家,宜得利 N-COOL涼感床墊,1174,LinePay
2026-04-18 08:47,SA-112783,M00274,生活居家,TOTO 溫水洗淨便座,9058,信用卡
2026-04-13 10:25,SA-186347,M00114,生活居家,舒潔 抽取式衛生紙(箱),816,LinePay
2026-04-23 22:35,SA-504121,M01151,美妝保養,蘭蔻 極光水,3491,信用卡
2026-04-29 06:45,SA-951041,M00334,3C家電,LG 掃地機器人,15245,信用卡
2026-04-17 06:19,SA-840042,M01177,美妝保養,理膚寶水 B5全面修復霜,822,ATM轉帳
2026-04-08 11:37,SA-127846,M01203,生活居家,無印良品 PP收納盒,410,信用卡
2026-04-23 00:30,SA-634058,M00419,3C家電,Sony 降噪耳機,10358,LinePay
2026-04-05 23:25,SA-498945,M00968,生活居家,3M 淨水器濾心,2466,LinePay
2026-04-16 11:33,SA-534019,M01361,生活居家,TOTO 溫水洗淨便座,9889,LinePay
2026-04-28 11:35,SA-599812,M00849,服飾配件,Levi's 501牛仔褲,3715,超商貨到付款
2026-04-10 10:10,SA-895941,M00268,3C家電,iPhone 15 Pro,36490,LinePay
2026-04-14 10:00,SA-101457,M00761,服飾配件,Levi's 501牛仔褲,3653,信用卡
2026-04-19 18:28,SA-687188,M00225,3C家電,Dyson 吹風機,14516,街口支付
2026-04-09 18:33,SA-837390,M00779,美妝保養,SK-II 青春露,6037,信用卡
2026-04-18 17:44,SA-630477,M00590,3C家電,Sony 降噪耳機,10359,信用卡
2026-04-12 07:51,SA-715341,M00651,美妝保養,SK-II 青春露,5702,信用卡
2026-04-03 09:47,SA-408660,M01417,保健食品,娘家 大紅麴,2547,LinePay
2026-04-07 08:43,SA-519724,M01140,生活居家,無印良品 PP收納盒,415,信用卡
2026-04-03 11:39,SA-152352,M01002,保健食品,娘家 大紅麴,2364,信用卡
2026-04-15 05:32,SA-652655,M01175,3C家電,Apple Watch S9,12771,LinePay
2026-04-05 16:39,SA-175392,M01307,服飾配件,G-Shock 經典運動錶,3184,LinePay
2026-04-13 18:10,SA-528886,M01403,服飾配件,Uniqlo 極暖發熱衣,770,信用卡
2026-04-25 13:58,SA-501021,M00698,3C家電,iPhone 15 Pro,34770,信用卡
2026-04-21 02:36,SA-532399,M01249,保健食品,桂格 大燕麥片,225,LinePay
2026-04-15 22:15,SA-204209,M00942,3C家電,Nintendo Switch,8988,LinePay
2026-04-27 03:50,SA-305130,M01134,3C家電,Sony 降噪耳機,10882,LinePay
2026-04-27 16:10,SA-146253,M00021,3C家電,LG 掃地機器人,15686,LinePay
2026-04-30 18:31,SA-759391,M01465,3C家電,Dyson 吹風機,13969,信用卡
2026-04-11 02:32,SA-655581,M00880,3C家電,Apple Watch S9,12814,超商貨到付款
2026-04-20 13:04,SA-573506,M00560,美妝保養,資生堂 百優精純乳霜,2724,LinePay
2026-04-23 08:12,SA-748573,M00335,母嬰用品,明治 金選奶粉,726,信用卡
2026-04-17 21:50,SA-950903,M00244,3C家電,Sony 降噪耳機,10618,超商貨到付款
2026-04-03 03:37,SA-447130,M00323,保健食品,善存 綜合維他命,868,超商貨到付款
2026-04-21 02:06,SA-560803,M00683,3C家電,Nintendo Switch,9764,超商貨到付款
2026-04-13 09:12,SA-783213,M00023,3C家電,Apple Watch S9,13142,信用卡
2026-04-12 16:15,SA-789865,M00161,3C家電,Dyson 吹風機,13936,LinePay
2026-04-12 12:46,SA-486680,M00917,生活居家,無印良品 PP收納盒,409,街口支付
2026-04-26 02:21,SA-147934,M00630,3C家電,LG 掃地機器人,14452,信用卡
2026-04-23 19:50,SA-732882,M00841,3C家電,Apple Watch S9,12691,信用卡
2026-04-12 14:43,SA-641678,M00684,3C家電,Nintendo Switch,9343,信用卡
2026-04-14 19:03,SA-494790,M01165,3C家電,iPhone 15 Pro,35784,超商貨到付款
2026-04-11 08:08,SA-810456,M01445,美妝保養,資生堂 百優精純乳霜,2688,ATM轉帳
2026-04-14 07:34,SA-758550,M01164,母嬰用品,Combi 奶瓶消毒鍋,2976,信用卡
2026-04-28 12:40,SA-629817,M00622,3C家電,Dyson 吹風機,14203,信用卡
2026-04-10 22:34,SA-882667,M01340,服飾配件,Levi's 501牛仔褲,3712,街口支付
2026-04-20 03:32,SA-760246,M00569,美妝保養,資生堂 百優精純乳霜,2613,超商貨到付款
2026-04-10 08:49,SA-210182,M00655,美妝保養,蘭蔻 極光水,3544,信用卡
2026-04-30 16:09,SA-609134,M00407,生活居家,3M 淨水器濾心,2315,LinePay
2026-04-03 17:02,SA-489251,M00165,生活居家,宜得利 N-COOL涼感床墊,1221,超商貨到付款
2026-04-21 14:12,SA-967029,M00977,美妝保養,蘭蔻 極光水,3496,信用卡
2026-04-19 07:06,SA-887324,M01136,3C家電,Apple Watch S9,13455,信用卡
2026-04-07 08:28,SA-768285,M00544,生活居家,無印良品 PP收納盒,425,超商貨到付款
2026-04-21 10:50,SA-253446,M00870,美妝保養,資生堂 百優精純乳霜,2706,LinePay
2026-04-13 11:41,SA-216462,M01300,服飾配件,Ray-Ban 飛行員太陽眼鏡,5311,信用卡
2026-04-29 07:55,SA-651015,M01454,3C家電,LG 掃地機器人,14456,LinePay
2026-04-19 21:44,SA-756566,M00775,3C家電,iPhone 15 Pro,35350,信用卡
2026-04-22 20:21,SA-960488,M00821,母嬰用品,幫寶適 一級幫紙尿褲(箱),1526,信用卡
2026-04-09 05:08,SA-601242,M00748,生活居家,3M 淨水器濾心,2280,信用卡
2026-04-11 01:04,SA-624348,M00140,生活居家,3M 淨水器濾心,2480,信用卡
2026-04-20 17:06,SA-394519,M01035,服飾配件,G-Shock 經典運動錶,3107,ATM轉帳
2026-04-17 22:31,SA-490495,M00712,服飾配件,Uniqlo 極暖發熱衣,715,信用卡
2026-04-07 07:45,SA-501843,M01499,美妝保養,雅詩蘭黛 小棕瓶,3937,街口支付
2026-04-29 01:01,SA-949568,M01079,服飾配件,Levi's 501牛仔褲,3801,信用卡
2026-04-10 12:23,SA-637319,M01294,3C家電,iPhone 15 Pro,36603,ATM轉帳
2026-04-12 23:06,SA-460363,M00251,服飾配件,Nike Air Force 1,3314,信用卡
2026-04-12 06:03,SA-147692,M00838,母嬰用品,貝親 寬口玻璃奶瓶,546,LinePay
2026-04-04 23:57,SA-195045,M01324,母嬰用品,明治 金選奶粉,744,信用卡
2026-04-15 05:28,SA-248740,M00721,3C家電,Dyson 吹風機,14460,超商貨到付款
2026-04-28 13:43,SA-547103,M00483,生活居家,TOTO 溫水洗淨便座,9532,信用卡
2026-04-28 12:31,SA-682231,M00326,服飾配件,G-Shock 經典運動錶,3094,LinePay
2026-04-05 12:39,SA-760889,M00411,生活居家,無印良品 PP收納盒,447,信用卡
2026-04-15 07:38,SA-291277,M00700,3C家電,Sony 降噪耳機,9835,信用卡
2026-04-22 01:56,SA-921962,M00177,生活居家,宜得利 N-COOL涼感床墊,1175,超商貨到付款
2026-04-17 21:42,SA-943892,M00810,服飾配件,Levi's 501牛仔褲,3878,信用卡
2026-04-24 00:04,SA-917596,M00932,3C家電,iPhone 15 Pro,36243,信用卡
2026-04-26 15:11,SA-945444,M01409,3C家電,iPhone 15 Pro,34103,LinePay
2026-04-11 18:42,SA-874513,M01009,服飾配件,G-Shock 經典運動錶,3070,超商貨到付款
2026-04-13 01:16,SA-364455,M00475,3C家電,Nintendo Switch,9554,LinePay
2026-04-10 23:22,SA-263223,M01026,生活居家,無印良品 PP收納盒,446,街口支付
2026-04-14 10:00,SA-822288,M00384,3C家電,Nintendo Switch,9201,信用卡
2026-04-15 00:05,SA-297651,M01452,3C家電,iPhone 15 Pro,34409,信用卡
2026-04-12 03:15,SA-443345,M00449,生活居家,宜得利 N-COOL涼感床墊,1274,LinePay
2026-04-25 05:34,SA-608705,M00006,生活居家,3M 淨水器濾心,2317,LinePay
2026-04-02 00:31,SA-575529,M01148,生活居家,無印良品 PP收納盒,443,信用卡
2026-04-28 09:12,SA-695083,M00099,美妝保養,雅詩蘭黛 小棕瓶,4159,超商貨到付款
2026-04-10 01:22,SA-609079,M01219,服飾配件,G-Shock 經典運動錶,2935,ATM轉帳
2026-04-06 06:44,SA-201785,M00853,美妝保養,蘭蔻 極光水,3339,信用卡
2026-04-13 05:08,SA-850267,M01154,美妝保養,資生堂 百優精純乳霜,2778,LinePay
2026-04-22 01:33,SA-749882,M00151,服飾配件,Levi's 501牛仔褲,3688,信用卡
2026-04-24 11:59,SA-916165,M01464,3C家電,Dyson 吹風機,13403,LinePay
2026-04-25 16:01,SA-199969,M00516,美妝保養,蘭蔻 極光水,3456,ATM轉帳
2026-04-09 08:47,SA-769078,M01438,生活居家,TOTO 溫水洗淨便座,9438,街口支付
2026-04-18 06:58,SA-151887,M00595,母嬰用品,幫寶適 一級幫紙尿褲(箱),1478,信用卡
2026-04-28 03:31,SA-954962,M00922,生活居家,宜得利 N-COOL涼感床墊,1212,LinePay
2026-04-26 22:30,SA-577877,M01357,生活居家,TOTO 溫水洗淨便座,9010,街口支付
2026-04-28 18:54,SA-294726,M01245,生活居家,TOTO 溫水洗淨便座,9159,信用卡
2026-04-22 20:57,SA-413409,M00215,3C家電,Nintendo Switch,9744,超商貨到付款
2026-04-02 19:02,SA-443645,M00038,3C家電,Apple Watch S9,12841,LinePay
2026-04-18 18:03,SA-220014,M01363,生活居家,TOTO 溫水洗淨便座,9753,超商貨到付款
2026-04-26 13:45,SA-384943,M00175,保健食品,娘家 益生菌,1090,信用卡
2026-04-14 07:04,SA-918688,M00766,3C家電,Dyson 吹風機,13664,信用卡
2026-04-18 20:08,SA-186022,M00831,服飾配件,Nike Air Force 1,3399,信用卡
2026-04-19 22:19,SA-728009,M01204,美妝保養,理膚寶水 B5全面修復霜,792,ATM轉帳
2026-04-04 03:51,SA-821858,M01078,服飾配件,Nike Air Force 1,3181,超商貨到付款
2026-04-17 22:56,SA-786110,M01243,服飾配件,Levi's 501牛仔褲,3759,LinePay
2026-04-11 21:58,SA-911794,M00038,美妝保養,資生堂 百優精純乳霜,2665,信用卡
2026-04-22 20:39,SA-713713,M00255,服飾配件,Uniqlo 極暖發熱衣,752,LinePay
2026-04-23 14:06,SA-288922,M00856,美妝保養,SK-II 青春露,5871,信用卡
2026-04-24 14:24,SA-277385,M00770,母嬰用品,貝親 寬口玻璃奶瓶,554,街口支付
2026-04-11 06:52,SA-310562,M00924,服飾配件,Nike Air Force 1,3176,信用卡
2026-04-02 03:47,SA-182325,M00483,生活居家,無印良品 PP收納盒,418,LinePay
2026-04-26 04:49,SA-155811,M00455,生活居家,舒潔 抽取式衛生紙(箱),861,LinePay
2026-04-08 15:23,SA-479875,M00040,3C家電,Sony 降噪耳機,10820,信用卡
2026-04-04 09:00,SA-169458,M00686,生活居家,無印良品 PP收納盒,437,LinePay
2026-04-13 11:13,SA-295338,M00661,生活居家,舒潔 抽取式衛生紙(箱),858,信用卡
2026-04-19 21:39,SA-131318,M01115,服飾配件,Levi's 501牛仔褲,3649,信用卡
2026-04-15 16:09,SA-389029,M00399,3C家電,Sony 降噪耳機,9827,LinePay
2026-04-16 04:08,SA-335789,M01209,美妝保養,SK-II 青春露,6007,信用卡
2026-04-03 08:21,SA-451141,M00410,美妝保養,雅詩蘭黛 小棕瓶,4104,信用卡
2026-04-06 04:18,SA-277917,M01450,美妝保養,蘭蔻 極光水,3534,LinePay
2026-04-25 02:06,SA-665868,M00147,生活居家,宜得利 N-COOL涼感床墊,1216,LinePay
2026-04-19 17:56,SA-500505,M01281,3C家電,iPhone 15 Pro,34009,信用卡
2026-04-01 15:51,SA-970998,M01063,生活居家,宜得利 N-COOL涼感床墊,1249,LinePay
2026-04-08 07:23,SA-691796,M01437,服飾配件,G-Shock 經典運動錶,3029,信用卡
2026-04-11 09:31,SA-108623,M00971,美妝保養,資生堂 百優精純乳霜,2702,超商貨到付款
2026-04-17 22:22,SA-447071,M00018,服飾配件,Uniqlo 極暖發熱衣,736,ATM轉帳
2026-04-14 10:00,SA-398838,M00643,服飾配件,G-Shock 經典運動錶,3075,LinePay
2026-04-06 09:34,SA-502558,M00650,3C家電,LG 掃地機器人,14713,LinePay
2026-04-22 19:22,SA-440974,M00804,服飾配件,Levi's 501牛仔褲,3649,信用卡
2026-04-05 02:50,SA-745617,M00349,3C家電,Nintendo Switch,8984,超商貨到付款
2026-04-24 16:36,SA-648386,M00582,3C家電,Sony 降噪耳機,10364,信用卡
2026-04-19 15:28,SA-332652,M01026,母嬰用品,幫寶適 一級幫紙尿褲(箱),1541,信用卡
2026-04-11 06:10,SA-438451,M00388,生活居家,宜得利 N-COOL涼感床墊,1244,街口支付
2026-04-01 23:09,SA-506768,M00114,服飾配件,Ray-Ban 飛行員太陽眼鏡,5215,LinePay
2026-04-14 18:01,SA-794953,M00531,生活居家,無印良品 PP收納盒,426,超商貨到付款
2026-04-23 21:00,SA-142295,M01234,母嬰用品,Joie 輕量雙向推車,6576,街口支付
2026-04-17 05:37,SA-597782,M01357,美妝保養,理膚寶水 B5全面修復霜,872,信用卡
2026-04-07 16:44,SA-930676,M00325,美妝保養,資生堂 百優精純乳霜,2720,街口支付
2026-04-24 11:39,SA-692709,M00719,3C家電,LG 掃地機器人,15766,LinePay
2026-04-08 04:38,SA-773743,M01366,服飾配件,Uniqlo 極暖發熱衣,789,超商貨到付款
2026-04-24 12:01,SA-671333,M01187,3C家電,Dyson 吹風機,13783,信用卡
2026-04-20 14:08,SA-286358,M00246,3C家電,LG 掃地機器人,15124,信用卡
2026-04-19 20:31,SA-178478,M00216,服飾配件,Levi's 501牛仔褲,3859,街口支付
2026-04-23 20:27,SA-128332,M00510,母嬰用品,Joie 輕量雙向推車,6432,信用卡
2026-04-19 10:19,SA-991089,M01355,服飾配件,G-Shock 經典運動錶,3171,信用卡
2026-04-01 15:44,SA-988752,M00936,3C家電,Nintendo Switch,9421,LinePay
2026-04-10 07:14,SA-197052,M00345,3C家電,Sony 降噪耳機,10714,超商貨到付款
2026-04-13 17:19,SA-658799,M01390,母嬰用品,Joie 輕量雙向推車,6750,街口支付
2026-04-14 04:37,SA-439919,M00872,服飾配件,Ray-Ban 飛行員太陽眼鏡,5578,信用卡
2026-04-23 19:36,SA-712993,M00773,美妝保養,SK-II 青春露,6034,信用卡
2026-04-26 11:06,SA-892861,M00069,3C家電,LG 掃地機器人,15752,LinePay
2026-04-03 01:00,SA-249206,M00941,保健食品,桂格 大燕麥片,217,超商貨到付款
2026-04-11 08:28,SA-636755,M00144,3C家電,Apple Watch S9,12703,信用卡
2026-04-07 19:40,SA-590244,M00002,生活居家,宜得利 N-COOL涼感床墊,1165,ATM轉帳
2026-04-23 19:36,SA-935290,M00741,3C家電,Dyson 吹風機,14265,超商貨到付款
2026-04-13 06:19,SA-465657,M01103,母嬰用品,明治 金選奶粉,745,信用卡
2026-04-03 11:08,SA-877482,M00058,服飾配件,Levi's 501牛仔褲,3764,信用卡
2026-04-28 07:08,SA-140250,M00755,生活居家,無印良品 PP收納盒,418,街口支付
2026-04-19 15:33,SA-544698,M00308,3C家電,iPhone 15 Pro,33920,LinePay
2026-04-28 17:01,SA-139495,M00369,生活居家,無印良品 PP收納盒,417,街口支付
2026-04-04 17:40,SA-586265,M00678,保健食品,桂格 大燕麥片,228,信用卡
2026-04-09 16:15,SA-550608,M01174,保健食品,娘家 大紅麴,2575,街口支付
2026-04-23 05:08,SA-146689,M00894,生活居家,無印良品 PP收納盒,449,超商貨到付款
2026-04-28 10:25,SA-282113,M00262,服飾配件,Levi's 501牛仔褲,3938,LinePay
2026-04-05 18:59,SA-156578,M00697,服飾配件,Levi's 501牛仔褲,3725,超商貨到付款
2026-04-25 13:43,SA-158536,M01495,美妝保養,蘭蔻 極光水,3587,超商貨到付款
2026-04-18 01:16,SA-858416,M00248,美妝保養,資生堂 百優精純乳霜,2580,信用卡
2026-04-20 04:58,SA-275012,M01327,3C家電,iPhone 15 Pro,34763,信用卡
2026-04-19 02:31,SA-629162,M00972,美妝保養,蘭蔻 極光水,3391,LinePay
2026-04-20 03:47,SA-153940,M00316,服飾配件,Levi's 501牛仔褲,3934,LinePay
2026-04-04 08:14,SA-703644,M00511,保健食品,白蘭氏 雙認證雞精(盒),1330,LinePay
2026-04-11 00:15,SA-918932,M00985,美妝保養,蘭蔻 極光水,3244,信用卡
2026-04-10 03:58,SA-747169,M00280,生活居家,TOTO 溫水洗淨便座,9718,信用卡
2026-04-13 03:17,SA-109273,M01223,美妝保養,蘭蔻 極光水,3404,街口支付
2026-04-05 02:49,SA-329711,M00846,3C家電,Sony 降噪耳機,10833,超商貨到付款
2026-04-17 15:48,SA-133358,M00246,3C家電,LG 掃地機器人,14795,超商貨到付款
2026-04-20 17:12,SA-901439,M00191,保健食品,白蘭氏 雙認證雞精(盒),1242,信用卡
2026-04-19 22:29,SA-610348,M00338,3C家電,LG 掃地機器人,15160,LinePay
2026-04-06 21:49,SA-485857,M01149,3C家電,Dyson 吹風機,13203,LinePay
2026-04-24 08:17,SA-792110,M01157,服飾配件,G-Shock 經典運動錶,3102,LinePay
2026-04-26 00:02,SA-506016,M00925,3C家電,Sony 降噪耳機,10741,信用卡
2026-04-07 20:55,SA-134924,M00573,美妝保養,雅詩蘭黛 小棕瓶,3923,信用卡
2026-04-07 10:18,SA-989675,M00979,美妝保養,理膚寶水 B5全面修復霜,796,LinePay
2026-04-21 09:15,SA-993659,M01082,3C家電,Apple Watch S9,12260,信用卡
2026-04-15 14:55,SA-744664,M00524,生活居家,宜得利 N-COOL涼感床墊,1185,信用卡
2026-04-11 07:17,SA-770720,M00725,美妝保養,理膚寶水 B5全面修復霜,833,超商貨到付款
2026-04-02 15:42,SA-664135,M00392,生活居家,舒潔 抽取式衛生紙(箱),848,信用卡
2026-04-24 23:00,SA-824791,M00809,母嬰用品,Joie 輕量雙向推車,6322,信用卡
2026-04-11 16:08,SA-218570,M01187,服飾配件,Ray-Ban 飛行員太陽眼鏡,5500,街口支付
2026-04-07 11:07,SA-691179,M00183,3C家電,Sony 降噪耳機,10036,信用卡
2026-04-12 01:18,SA-177536,M01495,生活居家,無印良品 PP收納盒,414,LinePay
2026-04-10 08:54,SA-274381,M00108,美妝保養,SK-II 青春露,6119,LinePay
2026-04-02 14:16,SA-759106,M01272,生活居家,宜得利 N-COOL涼感床墊,1287,超商貨到付款
2026-04-20 03:28,SA-138801,M01322,美妝保養,雅詩蘭黛 小棕瓶,3981,信用卡
2026-04-23 18:44,SA-264957,M00929,美妝保養,雅詩蘭黛 小棕瓶,4185,LinePay
2026-04-22 16:51,SA-447909,M01423,美妝保養,雅詩蘭黛 小棕瓶,4097,LinePay
2026-04-28 04:46,SA-712946,M00440,服飾配件,Levi's 501牛仔褲,3891,信用卡
2026-04-07 16:43,SA-635321,M01294,生活居家,TOTO 溫水洗淨便座,8958,信用卡
2026-04-12 15:36,SA-643375,M01082,3C家電,LG 掃地機器人,14570,LinePay
2026-04-29 06:25,SA-454712,M01015,美妝保養,資生堂 百優精純乳霜,2686,信用卡
2026-04-17 02:28,SA-647651,M00265,3C家電,Nintendo Switch,9484,信用卡
2026-04-23 07:55,SA-232030,M00772,生活居家,TOTO 溫水洗淨便座,9421,街口支付
2026-04-24 22:40,SA-608929,M00202,生活居家,TOTO 溫水洗淨便座,9428,LinePay
2026-04-24 09:00,SA-363612,M00684,美妝保養,資生堂 百優精純乳霜,2701,LinePay
2026-04-27 21:50,SA-204177,M00673,3C家電,iPhone 15 Pro,35479,信用卡
2026-04-12 03:54,SA-954441,M00888,美妝保養,雅詩蘭黛 小棕瓶,4014,信用卡
2026-04-05 06:36,SA-172874,M01076,3C家電,Nintendo Switch,8854,信用卡
2026-04-06 16:38,SA-717392,M01490,生活居家,TOTO 溫水洗淨便座,9414,LinePay
2026-04-26 05:48,SA-774142,M00845,母嬰用品,幫寶適 一級幫紙尿褲(箱),1518,信用卡
2026-04-13 01:41,SA-634115,M01198,美妝保養,SK-II 青春露,5920,LinePay
2026-04-20 04:30,SA-658037,M00845,服飾配件,G-Shock 經典運動錶,2939,LinePay
2026-04-23 16:03,SA-654391,M00630,3C家電,Sony 降噪耳機,10302,LinePay
2026-04-16 16:33,SA-415838,M00346,3C家電,Dyson 吹風機,13857,信用卡
2026-04-05 11:50,SA-377416,M00170,3C家電,LG 掃地機器人,15002,信用卡
2026-04-28 17:10,SA-805215,M00163,美妝保養,SK-II 青春露,6100,信用卡
2026-04-13 22:50,SA-321218,M00891,3C家電,iPhone 15 Pro,35312,街口支付
2026-04-23 19:47,SA-883458,M01481,服飾配件,Ray-Ban 飛行員太陽眼鏡,5083,LinePay
2026-04-02 19:12,SA-337669,M01043,3C家電,Sony 降噪耳機,10241,LinePay
2026-04-05 14:49,SA-491762,M01199,美妝保養,SK-II 青春露,5712,街口支付
2026-04-12 02:59,SA-856215,M00333,保健食品,善存 綜合維他命,858,ATM轉帳
2026-04-26 12:05,SA-639112,M00777,服飾配件,Nike Air Force 1,3295,LinePay
2026-04-18 13:21,SA-706017,M00186,母嬰用品,幫寶適 一級幫紙尿褲(箱),1594,信用卡
2026-04-04 19:29,SA-961497,M00704,3C家電,LG 掃地機器人,15429,超商貨到付款
2026-04-08 16:23,SA-178166,M00018,服飾配件,Ray-Ban 飛行員太陽眼鏡,5216,LinePay
2026-04-03 19:08,SA-464319,M00498,生活居家,宜得利 N-COOL涼感床墊,1261,信用卡
2026-04-09 16:48,SA-877247,M00254,3C家電,Dyson 吹風機,13613,信用卡
2026-04-16 23:44,SA-993588,M01459,保健食品,善存 綜合維他命,914,超商貨到付款
2026-04-05 12:38,SA-589245,M00418,生活居家,TOTO 溫水洗淨便座,9261,信用卡
2026-04-07 17:59,SA-924335,M00091,美妝保養,資生堂 百優精純乳霜,2753,超商貨到付款
2026-04-08 20:31,SA-929056,M01128,服飾配件,G-Shock 經典運動錶,3157,超商貨到付款
2026-04-17 06:35,SA-530339,M00186,美妝保養,蘭蔻 極光水,3586,街口支付
2026-04-02 15:07,SA-638333,M01407,母嬰用品,幫寶適 一級幫紙尿褲(箱),1500,信用卡
2026-04-14 01:10,SA-295773,M00675,3C家電,Sony 降噪耳機,10564,信用卡
2026-04-30 00:44,SA-342223,M00444,3C家電,Nintendo Switch,9713,信用卡
2026-04-11 16:07,SA-825211,M01358,美妝保養,蘭蔻 極光水,3337,信用卡
2026-04-10 19:02,SA-404340,M00545,美妝保養,理膚寶水 B5全面修復霜,822,街口支付
2026-04-17 20:55,SA-855744,M01385,3C家電,Nintendo Switch,9073,信用卡
2026-04-07 00:29,SA-235312,M01036,美妝保養,理膚寶水 B5全面修復霜,854,LinePay
2026-04-21 14:20,SA-654346,M01290,美妝保養,蘭蔻 極光水,3461,LinePay
2026-04-21 15:01,SA-484779,M01232,生活居家,無印良品 PP收納盒,427,信用卡
2026-04-14 20:23,SA-498797,M00845,美妝保養,蘭蔻 極光水,3240,信用卡
2026-04-25 11:05,SA-406847,M01449,服飾配件,Nike Air Force 1,3117,信用卡
2026-04-30 11:14,SA-684779,M00951,生活居家,TOTO 溫水洗淨便座,9517,LinePay
2026-04-09 21:05,SA-819135,M01402,3C家電,Apple Watch S9,12897,信用卡
2026-04-20 11:42,SA-826495,M01166,保健食品,娘家 大紅麴,2532,信用卡
2026-04-14 08:44,SA-673649,M00606,服飾配件,Nike Air Force 1,3331,信用卡
2026-04-24 09:53,SA-123364,M00991,母嬰用品,幫寶適 一級幫紙尿褲(箱),1475,信用卡
2026-04-28 20:22,SA-757711,M01394,生活居家,宜得利 N-COOL涼感床墊,1281,超商貨到付款
2026-04-12 18:24,SA-741460,M00230,保健食品,娘家 益生菌,1107,街口支付
2026-04-02 16:07,SA-507258,M00839,美妝保養,理膚寶水 B5全面修復霜,814,信用卡
2026-04-30 06:09,SA-743237,M00935,美妝保養,資生堂 百優精純乳霜,2755,信用卡
2026-04-09 06:50,SA-531585,M01094,生活居家,3M 淨水器濾心,2269,LinePay
2026-04-04 15:50,SA-783145,M00907,服飾配件,Nike Air Force 1,3277,信用卡
2026-04-27 10:24,SA-640514,M00428,生活居家,無印良品 PP收納盒,406,信用卡
2026-04-07 17:33,SA-212856,M00493,美妝保養,SK-II 青春露,5867,LinePay
2026-04-19 01:09,SA-568339,M01327,服飾配件,Ray-Ban 飛行員太陽眼鏡,5102,ATM轉帳
2026-04-18 11:47,SA-186668,M01245,美妝保養,蘭蔻 極光水,3297,信用卡
2026-04-18 07:40,SA-492715,M00199,服飾配件,Uniqlo 極暖發熱衣,782,LinePay
2026-04-26 15:37,SA-871417,M00280,3C家電,Sony 降噪耳機,9954,LinePay
2026-04-03 11:18,SA-668158,M00065,3C家電,Sony 降噪耳機,10521,LinePay
2026-04-09 06:02,SA-107927,M00939,美妝保養,理膚寶水 B5全面修復霜,854,LinePay
2026-04-07 01:24,SA-589232,M00221,3C家電,iPhone 15 Pro,36334,LinePay
2026-04-08 15:32,SA-476189,M00931,3C家電,Apple Watch S9,13162,信用卡
2026-04-10 18:36,SA-671130,M00242,保健食品,娘家 大紅麴,2327,LinePay
2026-04-30 23:45,SA-237288,M00653,3C家電,Nintendo Switch,8810,超商貨到付款
2026-04-27 05:23,SA-897079,M00704,3C家電,Sony 降噪耳機,10875,信用卡
2026-04-07 17:38,SA-958537,M01084,美妝保養,理膚寶水 B5全面修復霜,868,信用卡
2026-04-01 06:58,SA-436699,M00798,生活居家,TOTO 溫水洗淨便座,9464,信用卡
2026-04-06 06:57,SA-829768,M00744,母嬰用品,Combi 奶瓶消毒鍋,3262,信用卡
2026-04-26 23:50,SA-673689,M00861,美妝保養,雅詩蘭黛 小棕瓶,3802,信用卡
2026-04-07 14:24,SA-232801,M00851,服飾配件,G-Shock 經典運動錶,2956,信用卡
2026-04-12 06:09,SA-568763,M00461,美妝保養,雅詩蘭黛 小棕瓶,3781,信用卡
2026-04-07 15:04,SA-454184,M01042,服飾配件,Ray-Ban 飛行員太陽眼鏡,5462,超商貨到付款
2026-04-03 02:12,SA-575882,M00101,服飾配件,Ray-Ban 飛行員太陽眼鏡,5363,信用卡
2026-04-12 01:25,SA-576805,M00467,母嬰用品,明治 金選奶粉,747,信用卡
2026-04-12 12:18,SA-150752,M01195,3C家電,Dyson 吹風機,14268,超商貨到付款
2026-04-30 20:54,SA-654523,M01199,3C家電,iPhone 15 Pro,36292,LinePay
2026-04-27 10:39,SA-370938,M01053,服飾配件,Levi's 501牛仔褲,3965,LinePay
2026-04-28 05:04,SA-762252,M00046,生活居家,TOTO 溫水洗淨便座,9449,信用卡
2026-04-17 05:33,SA-942769,M00640,3C家電,Dyson 吹風機,14391,超商貨到付款
2026-04-15 17:55,SA-873402,M00614,生活居家,TOTO 溫水洗淨便座,9753,LinePay
2026-04-14 07:44,SA-556698,M00181,生活居家,宜得利 N-COOL涼感床墊,1253,ATM轉帳
2026-04-27 01:56,SA-698971,M00326,保健食品,娘家 大紅麴,2344,LinePay
2026-04-28 06:18,SA-353600,M01144,保健食品,善存 綜合維他命,901,信用卡
2026-04-29 07:57,SA-804073,M00850,服飾配件,Ray-Ban 飛行員太陽眼鏡,5187,信用卡
2026-04-30 02:32,SA-706601,M01160,美妝保養,雅詩蘭黛 小棕瓶,3868,超商貨到付款
2026-04-13 04:23,SA-595805,M01402,美妝保養,理膚寶水 B5全面修復霜,815,信用卡
2026-04-06 17:42,SA-240243,M01165,母嬰用品,Combi 奶瓶消毒鍋,2964,ATM轉帳
2026-04-09 12:32,SA-909424,M01092,美妝保養,雅詩蘭黛 小棕瓶,3804,超商貨到付款
2026-04-06 01:01,SA-804727,M00416,3C家電,Nintendo Switch,9662,信用卡
2026-04-11 03:44,SA-963004,M00801,3C家電,Nintendo Switch,9346,LinePay
2026-04-05 01:13,SA-786723,M00253,母嬰用品,明治 金選奶粉,696,超商貨到付款
2026-04-28 10:35,SA-513278,M00945,3C家電,Nintendo Switch,9402,LinePay
2026-04-03 21:56,SA-312852,M00184,3C家電,Apple Watch S9,12660,信用卡
2026-04-29 20:53,SA-429255,M00957,美妝保養,蘭蔻 極光水,3462,信用卡
2026-04-05 08:39,SA-528195,M00711,美妝保養,雅詩蘭黛 小棕瓶,4160,信用卡
2026-04-12 23:08,SA-133955,M00126,美妝保養,雅詩蘭黛 小棕瓶,4156,ATM轉帳
2026-04-22 02:16,SA-568148,M01075,母嬰用品,Combi 奶瓶消毒鍋,2979,信用卡
2026-04-11 05:16,SA-623156,M00917,3C家電,iPhone 15 Pro,34580,信用卡
2026-04-01 11:45,SA-365805,M00241,服飾配件,Ray-Ban 飛行員太陽眼鏡,5184,超商貨到付款
2026-04-13 09:37,SA-335918,M01401,3C家電,iPhone 15 Pro,35824,信用卡
2026-04-22 01:59,SA-641355,M01438,3C家電,Sony 降噪耳機,10325,LinePay
2026-04-22 13:44,SA-362682,M00439,3C家電,Nintendo Switch,9633,LinePay
2026-04-05 10:14,SA-617118,M00398,3C家電,Nintendo Switch,9657,信用卡
2026-04-27 18:17,SA-222939,M00067,美妝保養,理膚寶水 B5全面修復霜,872,信用卡
2026-04-10 08:35,SA-994211,M01442,美妝保養,SK-II 青春露,5960,信用卡
2026-04-13 23:23,SA-704502,M00272,生活居家,舒潔 抽取式衛生紙(箱),859,信用卡
2026-04-14 06:10,SA-395740,M01276,母嬰用品,Combi 奶瓶消毒鍋,2982,街口支付
2026-04-26 07:33,SA-434745,M00532,美妝保養,SK-II 青春露,5689,信用卡
2026-04-12 14:43,SA-632356,M00485,美妝保養,蘭蔻 極光水,3300,信用卡
2026-04-30 21:38,SA-840657,M01332,美妝保養,蘭蔻 極光水,3477,ATM轉帳
2026-04-21 09:28,SA-107545,M00911,服飾配件,Levi's 501牛仔褲,3938,超商貨到付款
2026-04-05 23:34,SA-683029,M00876,生活居家,舒潔 抽取式衛生紙(箱),881,街口支付
2026-04-15 01:14,SA-849226,M01480,服飾配件,Uniqlo 極暖發熱衣,720,街口支付
2026-04-06 05:10,SA-151484,M01027,3C家電,LG 掃地機器人,14639,LinePay
2026-04-18 09:29,SA-239527,M00307,3C家電,LG 掃地機器人,14603,信用卡
2026-04-08 03:54,SA-947351,M00538,服飾配件,G-Shock 經典運動錶,2885,超商貨到付款
2026-04-11 23:51,SA-706615,M01189,美妝保養,理膚寶水 B5全面修復霜,834,信用卡
2026-04-01 17:39,SA-982694,M01118,服飾配件,Nike Air Force 1,3271,信用卡
2026-04-24 14:58,SA-365328,M00950,美妝保養,SK-II 青春露,5852,街口支付
2026-04-30 06:19,SA-705554,M01051,生活居家,宜得利 N-COOL涼感床墊,1175,LinePay
2026-04-15 06:02,SA-108408,M00615,美妝保養,雅詩蘭黛 小棕瓶,3939,超商貨到付款
2026-04-20 17:54,SA-733520,M00043,3C家電,Sony 降噪耳機,10500,LinePay
2026-04-28 22:06,SA-922878,M00613,服飾配件,G-Shock 經典運動錶,3018,信用卡
2026-04-03 20:26,SA-360302,M00325,3C家電,LG 掃地機器人,14749,信用卡
2026-04-08 23:25,SA-427494,M00759,生活居家,舒潔 抽取式衛生紙(箱),846,信用卡
2026-04-08 15:26,SA-630052,M00978,服飾配件,G-Shock 經典運動錶,2916,LinePay
2026-04-16 10:43,SA-920341,M01081,生活居家,無印良品 PP收納盒,412,超商貨到付款
2026-04-17 15:16,SA-720486,M00266,保健食品,娘家 益生菌,1174,信用卡
2026-04-25 07:59,SA-695522,M01177,3C家電,Apple Watch S9,12775,信用卡
2026-04-13 12:08,SA-926992,M00898,母嬰用品,幫寶適 一級幫紙尿褲(箱),1480,信用卡
2026-04-07 22:33,SA-833791,M00042,3C家電,Dyson 吹風機,13615,信用卡
2026-04-27 04:43,SA-591620,M00374,生活居家,3M 淨水器濾心,2395,LinePay
2026-04-07 11:59,SA-551608,M01342,母嬰用品,Joie 輕量雙向推車,6788,LinePay
2026-04-22 02:22,SA-319619,M00838,保健食品,桂格 大燕麥片,230,信用卡
2026-04-11 16:16,SA-877561,M00781,3C家電,Dyson 吹風機,14140,信用卡
2026-04-14 11:41,SA-469916,M01323,服飾配件,G-Shock 經典運動錶,3160,LinePay
2026-04-06 11:11,SA-211086,M00135,美妝保養,資生堂 百優精純乳霜,2696,街口支付
2026-04-24 14:24,SA-198339,M00241,美妝保養,SK-II 青春露,5982,LinePay
2026-04-17 00:55,SA-105368,M01137,母嬰用品,Joie 輕量雙向推車,6162,超商貨到付款
2026-04-23 15:38,SA-201012,M00550,服飾配件,Ray-Ban 飛行員太陽眼鏡,5539,信用卡
2026-04-27 05:13,SA-623421,M00688,生活居家,無印良品 PP收納盒,409,LinePay
2026-04-02 07:51,SA-496865,M00258,生活居家,無印良品 PP收納盒,430,街口支付
2026-04-12 14:56,SA-411256,M01172,生活居家,舒潔 抽取式衛生紙(箱),877,LinePay
2026-04-15 11:42,SA-838742,M00416,生活居家,無印良品 PP收納盒,429,超商貨到付款
2026-04-06 17:56,SA-353165,M00555,3C家電,iPhone 15 Pro,36497,街口支付
2026-04-15 09:00,SA-924271,M00680,3C家電,LG 掃地機器人,15246,信用卡
2026-04-23 01:37,SA-178534,M00666,3C家電,LG 掃地機器人,15803,超商貨到付款
2026-04-22 20:20,SA-204421,M01158,3C家電,Apple Watch S9,13096,街口支付
2026-04-05 14:01,SA-965777,M00698,美妝保養,理膚寶水 B5全面修復霜,863,信用卡
2026-04-30 03:20,SA-689590,M01303,3C家電,LG 掃地機器人,14840,LinePay
2026-04-17 07:08,SA-125840,M00486,服飾配件,G-Shock 經典運動錶,2887,超商貨到付款
2026-04-17 15:25,SA-517895,M00848,3C家電,iPhone 15 Pro,35187,LinePay
2026-04-12 03:59,SA-523458,M00836,美妝保養,蘭蔻 極光水,3440,街口支付
2026-04-09 15:44,SA-632426,M01150,3C家電,iPhone 15 Pro,35214,超商貨到付款
2026-04-17 20:20,SA-715733,M01131,美妝保養,SK-II 青春露,5797,信用卡
2026-04-20 22:43,SA-200976,M00060,3C家電,Apple Watch S9,12769,信用卡
2026-04-20 20:30,SA-688529,M00548,生活居家,TOTO 溫水洗淨便座,9068,信用卡
2026-04-25 08:29,SA-672582,M00340,母嬰用品,明治 金選奶粉,704,街口支付
2026-04-07 06:18,SA-580793,M00830,美妝保養,蘭蔻 極光水,3352,信用卡
2026-04-27 03:39,SA-871462,M00766,服飾配件,Levi's 501牛仔褲,3741,超商貨到付款
2026-04-01 22:53,SA-291026,M01236,3C家電,iPhone 15 Pro,36545,LinePay
2026-04-16 07:19,SA-740043,M00130,母嬰用品,Joie 輕量雙向推車,6734,街口支付
2026-04-24 06:44,SA-123334,M01273,服飾配件,G-Shock 經典運動錶,3180,信用卡
2026-04-16 18:13,SA-114898,M00708,母嬰用品,Joie 輕量雙向推車,6327,信用卡
2026-04-29 00:58,SA-278038,M01301,3C家電,Nintendo Switch,9592,信用卡
2026-04-08 20:34,SA-362534,M01028,母嬰用品,Joie 輕量雙向推車,6319,超商貨到付款
2026-04-19 18:53,SA-485059,M01171,生活居家,3M 淨水器濾心,2265,街口支付
2026-04-13 21:00,SA-869699,M00138,母嬰用品,幫寶適 一級幫紙尿褲(箱),1456,ATM轉帳
2026-04-08 14:15,SA-118733,M00880,美妝保養,雅詩蘭黛 小棕瓶,4010,超商貨到付款
2026-04-04 09:23,SA-427661,M00365,生活居家,宜得利 N-COOL涼感床墊,1197,街口支付
2026-04-02 19:58,SA-315215,M00101,美妝保養,理膚寶水 B5全面修復霜,805,超商貨到付款
2026-04-28 03:30,SA-610746,M01061,美妝保養,SK-II 青春露,6019,信用卡
2026-04-14 23:09,SA-343869,M01073,服飾配件,Ray-Ban 飛行員太陽眼鏡,5477,超商貨到付款
2026-04-09 19:01,SA-636309,M00989,美妝保養,雅詩蘭黛 小棕瓶,4036,超商貨到付款
2026-04-02 14:18,SA-746858,M01206,美妝保養,雅詩蘭黛 小棕瓶,4190,超商貨到付款
2026-04-01 02:26,SA-831357,M01281,生活居家,3M 淨水器濾心,2451,信用卡
2026-04-12 19:16,SA-561340,M00176,美妝保養,理膚寶水 B5全面修復霜,851,街口支付
2026-04-26 08:46,SA-610713,M01098,服飾配件,Uniqlo 極暖發熱衣,741,LinePay
2026-04-15 07:49,SA-293686,M01468,服飾配件,Nike Air Force 1,3183,LinePay
2026-04-04 00:32,SA-365682,M00813,美妝保養,資生堂 百優精純乳霜,2791,信用卡
2026-04-13 18:24,SA-558815,M00665,美妝保養,理膚寶水 B5全面修復霜,824,超商貨到付款
2026-04-11 17:41,SA-163095,M00171,服飾配件,Levi's 501牛仔褲,3734,信用卡
2026-04-30 03:19,SA-478856,M00108,生活居家,3M 淨水器濾心,2487,超商貨到付款
2026-04-29 00:37,SA-485648,M00401,母嬰用品,貝親 寬口玻璃奶瓶,553,街口支付
2026-04-25 14:37,SA-280457,M00801,美妝保養,雅詩蘭黛 小棕瓶,3876,信用卡
2026-04-12 21:02,SA-565200,M00978,3C家電,Dyson 吹風機,13638,LinePay
2026-04-07 05:52,SA-832184,M01225,服飾配件,Uniqlo 極暖發熱衣,733,信用卡
2026-04-27 12:43,SA-824834,M00447,母嬰用品,貝親 寬口玻璃奶瓶,528,信用卡
2026-04-30 11:41,SA-914238,M00692,生活居家,TOTO 溫水洗淨便座,9172,信用卡
2026-04-24 10:45,SA-124954,M01311,3C家電,Sony 降噪耳機,10863,LinePay
2026-04-21 07:26,SA-105489,M00840,美妝保養,資生堂 百優精純乳霜,2783,信用卡
2026-04-05 02:59,SA-385824,M01401,美妝保養,蘭蔻 極光水,3370,超商貨到付款
2026-04-10 07:42,SA-836282,M00601,美妝保養,蘭蔻 極光水,3265,信用卡
2026-04-16 16:25,SA-347863,M01401,服飾配件,Uniqlo 極暖發熱衣,753,信用卡
2026-04-09 03:52,SA-607492,M00899,服飾配件,Levi's 501牛仔褲,3764,信用卡
2026-04-20 06:37,SA-845814,M00763,美妝保養,SK-II 青春露,6249,LinePay
2026-04-15 01:31,SA-613499,M01469,3C家電,LG 掃地機器人,15195,超商貨到付款
2026-04-26 10:02,SA-626067,M00740,服飾配件,Levi's 501牛仔褲,3843,信用卡
2026-04-09 02:04,SA-208288,M01197,美妝保養,理膚寶水 B5全面修復霜,819,信用卡
2026-04-26 23:44,SA-169196,M00707,美妝保養,理膚寶水 B5全面修復霜,814,LinePay
2026-04-01 02:33,SA-499105,M00228,美妝保養,資生堂 百優精純乳霜,2633,街口支付
2026-04-22 14:33,SA-787227,M01194,3C家電,Dyson 吹風機,13201,信用卡
2026-04-16 10:50,SA-883614,M00536,服飾配件,Nike Air Force 1,3174,街口支付
2026-04-18 03:18,SA-206700,M01382,生活居家,舒潔 抽取式衛生紙(箱),870,ATM轉帳
2026-04-10 04:29,SA-120450,M00805,3C家電,iPhone 15 Pro,36059,信用卡
2026-04-08 11:12,SA-100239,M01180,生活居家,TOTO 溫水洗淨便座,9613,信用卡
2026-04-22 02:02,SA-817794,M01157,服飾配件,Ray-Ban 飛行員太陽眼鏡,5480,ATM轉帳
2026-04-25 10:13,SA-947251,M01240,3C家電,Dyson 吹風機,13236,LinePay
2026-04-18 21:16,SA-700679,M00962,3C家電,Apple Watch S9,13326,信用卡
2026-04-03 17:07,SA-479685,M01254,生活居家,宜得利 N-COOL涼感床墊,1191,超商貨到付款
2026-04-25 06:38,SA-455694,M00153,生活居家,TOTO 溫水洗淨便座,9558,LinePay
2026-04-18 22:23,SA-647592,M01151,美妝保養,雅詩蘭黛 小棕瓶,3880,信用卡
2026-04-22 02:30,SA-576939,M00085,美妝保養,資生堂 百優精純乳霜,2584,信用卡
2026-04-25 17:07,SA-127090,M00548,美妝保養,SK-II 青春露,5792,街口支付
2026-04-26 02:23,SA-312267,M01174,美妝保養,理膚寶水 B5全面修復霜,805,ATM轉帳
2026-04-28 14:23,SA-338150,M00170,3C家電,Dyson 吹風機,14408,街口支付
2026-04-25 08:26,SA-479018,M00721,生活居家,無印良品 PP收納盒,417,信用卡
2026-04-18 10:54,SA-714484,M01325,美妝保養,資生堂 百優精純乳霜,2687,信用卡
2026-04-11 14:36,SA-257928,M00831,3C家電,Apple Watch S9,12902,LinePay
2026-04-04 12:36,SA-758948,M00307,3C家電,Nintendo Switch,8835,信用卡
2026-04-04 02:29,SA-759815,M01476,美妝保養,理膚寶水 B5全面修復霜,868,街口支付
2026-04-27 02:01,SA-542516,M00784,母嬰用品,貝親 寬口玻璃奶瓶,563,超商貨到付款
2026-04-12 03:28,SA-740979,M00646,3C家電,LG 掃地機器人,15263,街口支付
2026-04-29 07:02,SA-767889,M00403,3C家電,Nintendo Switch,9170,街口支付
2026-04-16 11:45,SA-279927,M00222,3C家電,Dyson 吹風機,13957,LinePay
2026-04-28 06:51,SA-990446,M01054,服飾配件,Nike Air Force 1,3363,LinePay
2026-04-12 23:54,SA-220996,M00568,母嬰用品,Joie 輕量雙向推車,6570,LinePay
2026-04-16 21:07,SA-198039,M00964,3C家電,Dyson 吹風機,14598,LinePay
2026-04-13 11:39,SA-560985,M00980,服飾配件,Levi's 501牛仔褲,3849,超商貨到付款
2026-04-01 09:22,SA-730550,M00072,美妝保養,SK-II 青春露,6120,信用卡
2026-04-10 13:41,SA-250396,M01047,美妝保養,SK-II 青春露,5959,LinePay
2026-04-05 04:31,SA-937302,M00131,美妝保養,蘭蔻 極光水,3520,LinePay
2026-04-26 14:11,SA-262177,M01163,美妝保養,雅詩蘭黛 小棕瓶,3810,信用卡
2026-04-08 10:58,SA-387933,M01372,3C家電,Dyson 吹風機,14475,信用卡
2026-04-19 06:31,SA-565240,M01301,服飾配件,Uniqlo 極暖發熱衣,735,LinePay
2026-04-09 17:29,SA-868154,M00479,服飾配件,Nike Air Force 1,3281,街口支付
2026-04-11 04:40,SA-230699,M00543,服飾配件,Nike Air Force 1,3136,信用卡
2026-04-06 19:42,SA-927911,M01475,服飾配件,Levi's 501牛仔褲,3752,超商貨到付款
2026-04-20 10:39,SA-970796,M00062,美妝保養,蘭蔻 極光水,3496,街口支付
2026-04-24 11:14,SA-612950,M01248,美妝保養,蘭蔻 極光水,3576,ATM轉帳
2026-04-13 03:17,SA-787033,M01426,生活居家,舒潔 抽取式衛生紙(箱),878,信用卡
2026-04-16 20:38,SA-465989,M00707,3C家電,iPhone 15 Pro,36488,超商貨到付款
2026-04-25 22:40,SA-682232,M01323,保健食品,白蘭氏 雙認證雞精(盒),1246,LinePay
2026-04-25 12:19,SA-744018,M00423,母嬰用品,貝親 寬口玻璃奶瓶,540,LinePay
2026-04-01 02:12,SA-399385,M01205,生活居家,宜得利 N-COOL涼感床墊,1231,街口支付
2026-04-30 22:42,SA-348458,M01004,生活居家,宜得利 N-COOL涼感床墊,1181,LinePay
2026-04-20 10:54,SA-663855,M01435,服飾配件,G-Shock 經典運動錶,3033,信用卡
2026-04-27 14:28,SA-942991,M00342,3C家電,Apple Watch S9,13163,街口支付
2026-04-24 10:19,SA-978553,M00308,生活居家,舒潔 抽取式衛生紙(箱),884,信用卡
2026-04-13 15:12,SA-965703,M00042,服飾配件,Nike Air Force 1,3118,信用卡
2026-04-28 20:19,SA-685937,M01193,美妝保養,SK-II 青春露,6026,信用卡
2026-04-30 20:49,SA-491928,M00349,生活居家,宜得利 N-COOL涼感床墊,1164,LinePay
2026-04-13 07:23,SA-536925,M00685,生活居家,舒潔 抽取式衛生紙(箱),870,LinePay
2026-04-09 08:54,SA-942847,M01353,3C家電,LG 掃地機器人,14346,ATM轉帳
2026-04-04 10:16,SA-455795,M01099,3C家電,LG 掃地機器人,14641,LinePay
2026-04-12 09:06,SA-421898,M00261,生活居家,TOTO 溫水洗淨便座,9491,ATM轉帳
2026-04-15 08:00,SA-698261,M00400,服飾配件,Ray-Ban 飛行員太陽眼鏡,5294,信用卡
2026-04-03 13:20,SA-147940,M01359,3C家電,iPhone 15 Pro,33309,信用卡
2026-04-25 10:33,SA-754841,M00309,3C家電,iPhone 15 Pro,35556,信用卡
2026-04-29 10:54,SA-386878,M01134,保健食品,娘家 益生菌,1098,LinePay
2026-04-30 23:45,SA-839057,M00620,美妝保養,資生堂 百優精純乳霜,2667,信用卡
2026-04-18 12:00,SA-912573,M01300,服飾配件,Levi's 501牛仔褲,3719,信用卡
2026-04-13 03:39,SA-962376,M00016,服飾配件,Levi's 501牛仔褲,3899,街口支付
2026-04-09 02:44,SA-207755,M00209,美妝保養,理膚寶水 B5全面修復霜,863,LinePay
2026-04-02 11:42,SA-807754,M00062,美妝保養,SK-II 青春露,6034,信用卡
2026-04-04 01:47,SA-931170,M00148,服飾配件,Uniqlo 極暖發熱衣,737,信用卡
2026-04-02 02:38,SA-718523,M00628,3C家電,Apple Watch S9,13442,信用卡
2026-04-13 10:51,SA-646118,M00631,保健食品,白蘭氏 雙認證雞精(盒),1363,LinePay
2026-04-07 10:50,SA-135254,M01356,生活居家,無印良品 PP收納盒,434,信用卡
2026-04-15 19:20,SA-907412,M00994,3C家電,Sony 降噪耳機,10364,超商貨到付款
2026-04-08 20:09,SA-884702,M00042,服飾配件,Ray-Ban 飛行員太陽眼鏡,5489,信用卡
2026-04-08 16:26,SA-985518,M00805,母嬰用品,Combi 奶瓶消毒鍋,3078,信用卡
2026-04-09 15:46,SA-641239,M00351,美妝保養,理膚寶水 B5全面修復霜,877,LinePay
2026-04-14 21:46,SA-470429,M01175,保健食品,娘家 益生菌,1140,街口支付
2026-04-12 07:07,SA-507684,M00295,保健食品,娘家 大紅麴,2520,信用卡
2026-04-27 22:38,SA-538257,M00021,母嬰用品,幫寶適 一級幫紙尿褲(箱),1497,信用卡
2026-04-15 13:14,SA-510726,M00030,保健食品,白蘭氏 雙認證雞精(盒),1346,信用卡
2026-04-02 17:27,SA-751279,M00497,母嬰用品,幫寶適 一級幫紙尿褲(箱),1457,LinePay
2026-04-12 14:39,SA-109554,M00397,美妝保養,資生堂 百優精純乳霜,2781,LinePay
2026-04-06 00:20,SA-464351,M00368,美妝保養,理膚寶水 B5全面修復霜,843,LinePay
2026-04-27 12:16,SA-224459,M00669,服飾配件,G-Shock 經典運動錶,3084,LinePay
2026-04-04 05:02,SA-625436,M01243,3C家電,Sony 降噪耳機,10108,信用卡
2026-04-18 13:11,SA-482363,M01362,生活居家,3M 淨水器濾心,2244,ATM轉帳
2026-04-21 18:00,SA-364059,M00653,母嬰用品,幫寶適 一級幫紙尿褲(箱),1581,信用卡
2026-04-16 02:29,SA-311081,M00625,服飾配件,Uniqlo 極暖發熱衣,714,信用卡
2026-04-18 07:40,SA-658556,M00956,美妝保養,資生堂 百優精純乳霜,2708,LinePay
2026-04-18 23:35,SA-512478,M00280,美妝保養,SK-II 青春露,5693,信用卡
2026-04-30 00:19,SA-302984,M00325,服飾配件,Ray-Ban 飛行員太陽眼鏡,5212,信用卡
2026-04-30 20:11,SA-788670,M01199,服飾配件,Uniqlo 極暖發熱衣,761,信用卡
2026-04-01 05:23,SA-746047,M01422,保健食品,娘家 益生菌,1173,超商貨到付款
2026-04-23 06:04,SA-287539,M00263,3C家電,iPhone 15 Pro,34830,街口支付
2026-04-01 18:03,SA-775889,M00429,3C家電,iPhone 15 Pro,35222,信用卡
2026-04-25 21:11,SA-768036,M00847,3C家電,Sony 降噪耳機,10624,超商貨到付款
2026-04-27 22:04,SA-357769,M01329,美妝保養,雅詩蘭黛 小棕瓶,4075,LinePay
2026-04-03 17:06,SA-866361,M00442,美妝保養,資生堂 百優精純乳霜,2628,超商貨到付款
2026-04-01 09:30,SA-393026,M01107,美妝保養,蘭蔻 極光水,3330,信用卡
2026-04-17 00:00,SA-812153,M00997,3C家電,Apple Watch S9,12299,街口支付
2026-04-06 01:22,SA-866916,M00663,3C家電,LG 掃地機器人,15589,超商貨到付款
2026-04-02 09:12,SA-532569,M01065,服飾配件,Uniqlo 極暖發熱衣,720,信用卡
2026-04-12 08:53,SA-138072,M00840,美妝保養,資生堂 百優精純乳霜,2545,超商貨到付款
2026-04-07 16:49,SA-416818,M00777,美妝保養,資生堂 百優精純乳霜,2580,LinePay
2026-04-24 11:52,SA-381158,M01257,3C家電,LG 掃地機器人,15597,超商貨到付款
2026-04-04 23:11,SA-488580,M00312,生活居家,無印良品 PP收納盒,449,信用卡
2026-04-07 02:05,SA-311078,M01108,服飾配件,Ray-Ban 飛行員太陽眼鏡,5291,信用卡
2026-04-06 19:33,SA-526447,M00316,服飾配件,Nike Air Force 1,3113,超商貨到付款
2026-04-19 08:12,SA-706590,M00631,3C家電,LG 掃地機器人,14632,信用卡
2026-04-22 21:02,SA-952419,M01131,美妝保養,理膚寶水 B5全面修復霜,869,LinePay
2026-04-18 06:00,SA-688327,M01474,美妝保養,理膚寶水 B5全面修復霜,802,信用卡
2026-04-15 20:18,SA-867659,M01286,3C家電,Sony 降噪耳機,9933,LinePay
2026-04-30 01:24,SA-464576,M00917,3C家電,iPhone 15 Pro,33987,超商貨到付款
2026-04-20 05:30,SA-813332,M01120,生活居家,無印良品 PP收納盒,406,LinePay
2026-04-22 07:54,SA-825671,M00514,3C家電,Sony 降噪耳機,10165,信用卡
2026-04-05 22:04,SA-810417,M00271,母嬰用品,Joie 輕量雙向推車,6308,LinePay
2026-04-19 20:13,SA-901891,M01007,美妝保養,雅詩蘭黛 小棕瓶,4073,信用卡
2026-04-29 08:01,SA-539048,M00613,美妝保養,蘭蔻 極光水,3436,信用卡
2026-04-27 07:25,SA-252935,M00932,母嬰用品,貝親 寬口玻璃奶瓶,557,超商貨到付款
2026-04-05 03:33,SA-868940,M00699,美妝保養,雅詩蘭黛 小棕瓶,3793,超商貨到付款
2026-04-07 19:33,SA-913294,M00735,生活居家,無印良品 PP收納盒,410,ATM轉帳
2026-04-13 03:46,SA-519655,M01363,美妝保養,理膚寶水 B5全面修復霜,874,LinePay
2026-04-19 06:22,SA-288994,M00761,3C家電,LG 掃地機器人,15367,信用卡
2026-04-19 20:11,SA-655922,M00948,母嬰用品,明治 金選奶粉,746,LinePay
2026-04-11 07:42,SA-365429,M00617,母嬰用品,貝親 寬口玻璃奶瓶,568,信用卡
2026-04-03 11:51,SA-333763,M00494,美妝保養,雅詩蘭黛 小棕瓶,3873,信用卡
2026-04-06 00:02,SA-470658,M01051,美妝保養,資生堂 百優精純乳霜,2762,ATM轉帳
2026-04-01 18:00,SA-394087,M01243,服飾配件,G-Shock 經典運動錶,3128,LinePay
2026-04-02 14:11,SA-276979,M00477,服飾配件,Levi's 501牛仔褲,3714,超商貨到付款
2026-04-11 07:57,SA-985461,M00615,美妝保養,蘭蔻 極光水,3306,LinePay
2026-04-19 07:35,SA-935607,M00204,3C家電,Sony 降噪耳機,10406,LinePay
2026-04-28 23:57,SA-156835,M00611,美妝保養,雅詩蘭黛 小棕瓶,4191,超商貨到付款
2026-04-28 19:58,SA-552139,M00442,母嬰用品,Combi 奶瓶消毒鍋,3106,超商貨到付款
2026-04-12 15:21,SA-764364,M00592,服飾配件,Levi's 501牛仔褲,3804,超商貨到付款
2026-04-03 10:01,SA-870789,M00499,美妝保養,SK-II 青春露,5905,信用卡
2026-04-16 04:38,SA-813516,M01342,保健食品,白蘭氏 雙認證雞精(盒),1280,LinePay
2026-04-20 11:50,SA-845333,M00546,保健食品,桂格 大燕麥片,227,超商貨到付款
2026-04-04 02:55,SA-332635,M01097,服飾配件,Nike Air Force 1,3329,超商貨到付款
2026-04-25 17:00,SA-530620,M00379,美妝保養,資生堂 百優精純乳霜,2612,LinePay
2026-04-07 16:27,SA-327648,M01376,服飾配件,Nike Air Force 1,3287,ATM轉帳
2026-04-02 03:40,SA-807679,M00276,服飾配件,G-Shock 經典運動錶,3143,超商貨到付款
2026-04-07 01:41,SA-306138,M00360,母嬰用品,貝親 寬口玻璃奶瓶,552,街口支付
2026-04-10 08:07,SA-638632,M01187,美妝保養,雅詩蘭黛 小棕瓶,4013,信用卡
2026-04-21 12:00,SA-305512,M00690,服飾配件,Ray-Ban 飛行員太陽眼鏡,5474,LinePay
2026-04-03 20:56,SA-964886,M01121,3C家電,iPhone 15 Pro,36311,信用卡
2026-04-02 11:58,SA-624193,M01098,生活居家,3M 淨水器濾心,2273,信用卡
2026-04-12 17:07,SA-278510,M00475,服飾配件,Uniqlo 極暖發熱衣,743,信用卡
2026-04-05 12:04,SA-956294,M00770,生活居家,宜得利 N-COOL涼感床墊,1196,LinePay
2026-04-26 00:12,SA-590987,M01291,服飾配件,Uniqlo 極暖發熱衣,713,信用卡
2026-04-08 06:56,SA-309890,M00118,保健食品,娘家 大紅麴,2322,信用卡
2026-04-01 07:42,SA-392820,M00681,美妝保養,資生堂 百優精純乳霜,2660,信用卡
2026-04-14 02:32,SA-858728,M01144,服飾配件,Levi's 501牛仔褲,3645,街口支付
2026-04-01 19:20,SA-755703,M01140,服飾配件,Nike Air Force 1,3097,信用卡
2026-04-19 12:45,SA-557798,M01148,3C家電,LG 掃地機器人,15484,LinePay
2026-04-04 01:42,SA-777344,M00980,3C家電,Dyson 吹風機,14255,LinePay
2026-04-01 21:51,SA-296327,M00564,美妝保養,雅詩蘭黛 小棕瓶,4197,信用卡
2026-04-06 05:27,SA-131200,M01125,生活居家,3M 淨水器濾心,2400,LinePay
2026-04-26 09:46,SA-892692,M00583,生活居家,TOTO 溫水洗淨便座,9578,超商貨到付款
2026-04-15 10:21,SA-921128,M01287,母嬰用品,明治 金選奶粉,684,信用卡
2026-04-22 23:31,SA-457526,M00069,服飾配件,Uniqlo 極暖發熱衣,772,信用卡
2026-04-01 05:48,SA-488798,M01245,母嬰用品,貝親 寬口玻璃奶瓶,546,街口支付
2026-04-20 08:05,SA-235225,M01322,服飾配件,Ray-Ban 飛行員太陽眼鏡,5532,信用卡
2026-04-07 05:48,SA-454870,M01358,美妝保養,SK-II 青春露,6015,LinePay
2026-04-09 08:36,SA-338882,M00769,服飾配件,Nike Air Force 1,3288,信用卡
2026-04-10 13:12,SA-916116,M00133,保健食品,娘家 益生菌,1085,街口支付
2026-04-05 19:59,SA-361250,M00839,3C家電,Dyson 吹風機,14047,街口支付
2026-04-07 22:22,SA-248381,M01222,美妝保養,資生堂 百優精純乳霜,2610,信用卡
2026-04-17 10:26,SA-643540,M00701,美妝保養,理膚寶水 B5全面修復霜,852,信用卡
2026-04-24 14:07,SA-991735,M00078,服飾配件,Levi's 501牛仔褲,3751,LinePay
2026-04-21 08:22,SA-276630,M01091,3C家電,Apple Watch S9,13133,LinePay
2026-04-15 07:06,SA-676764,M01255,3C家電,LG 掃地機器人,15219,信用卡
2026-04-17 20:05,SA-312408,M00312,服飾配件,Levi's 501牛仔褲,3596,信用卡
2026-04-16 18:42,SA-405905,M01049,美妝保養,理膚寶水 B5全面修復霜,848,信用卡
2026-04-20 05:39,SA-438681,M00918,3C家電,Nintendo Switch,9020,信用卡
2026-04-09 12:55,SA-583657,M00257,服飾配件,Uniqlo 極暖發熱衣,726,超商貨到付款
2026-04-03 23:21,SA-764501,M01024,3C家電,Apple Watch S9,12551,信用卡
2026-04-14 12:21,SA-410600,M01034,3C家電,Apple Watch S9,12286,信用卡
2026-04-11 22:41,SA-720873,M00797,3C家電,Apple Watch S9,13127,信用卡
2026-04-02 15:42,SA-834680,M01377,服飾配件,G-Shock 經典運動錶,3152,信用卡
2026-04-07 06:14,SA-189762,M00783,生活居家,TOTO 溫水洗淨便座,8969,信用卡
2026-04-04 23:06,SA-160307,M00706,3C家電,Apple Watch S9,13017,街口支付
2026-04-07 15:52,SA-910518,M00251,生活居家,3M 淨水器濾心,2356,LinePay
2026-04-25 21:21,SA-815424,M00155,美妝保養,資生堂 百優精純乳霜,2533,信用卡
2026-04-20 14:13,SA-291685,M00149,3C家電,Nintendo Switch,9392,信用卡
2026-04-23 16:42,SA-375478,M00758,3C家電,Apple Watch S9,13496,信用卡
2026-04-12 21:20,SA-577817,M00370,服飾配件,Uniqlo 極暖發熱衣,717,信用卡
2026-04-07 05:50,SA-554198,M00189,3C家電,Sony 降噪耳機,10348,超商貨到付款
2026-04-24 18:10,SA-443527,M00280,3C家電,Nintendo Switch,9744,LinePay
2026-04-04 08:19,SA-135678,M00749,美妝保養,資生堂 百優精純乳霜,2661,LinePay
2026-04-26 03:16,SA-220631,M01305,母嬰用品,明治 金選奶粉,709,信用卡
2026-04-24 13:24,SA-109054,M00992,美妝保養,雅詩蘭黛 小棕瓶,3789,LinePay
2026-04-26 00:48,SA-855215,M01341,服飾配件,Uniqlo 極暖發熱衣,735,LinePay
2026-04-22 19:19,SA-635027,M00896,服飾配件,Ray-Ban 飛行員太陽眼鏡,5488,超商貨到付款
2026-04-08 04:10,SA-798543,M00794,服飾配件,Levi's 501牛仔褲,3712,ATM轉帳
2026-04-03 15:16,SA-208282,M00653,3C家電,LG 掃地機器人,14855,信用卡
2026-04-05 22:07,SA-494923,M00521,美妝保養,SK-II 青春露,5924,信用卡
2026-04-30 03:10,SA-525113,M00667,3C家電,iPhone 15 Pro,36663,信用卡
2026-04-16 17:30,SA-101182,M00007,3C家電,Apple Watch S9,12872,超商貨到付款
2026-04-09 21:40,SA-372842,M00650,母嬰用品,Joie 輕量雙向推車,6452,信用卡
2026-04-28 19:47,SA-220920,M00716,生活居家,無印良品 PP收納盒,446,LinePay
2026-04-13 09:06,SA-361627,M01500,美妝保養,理膚寶水 B5全面修復霜,824,信用卡
2026-04-27 16:07,SA-916704,M01367,美妝保養,蘭蔻 極光水,3473,LinePay
2026-04-08 20:37,SA-200426,M00525,3C家電,Apple Watch S9,13102,超商貨到付款
2026-04-02 15:53,SA-210309,M01469,服飾配件,Ray-Ban 飛行員太陽眼鏡,5316,信用卡
2026-04-23 05:14,SA-670342,M01149,母嬰用品,Joie 輕量雙向推車,6304,信用卡
2026-04-28 02:17,SA-811116,M00449,3C家電,Dyson 吹風機,13660,信用卡
2026-04-04 00:41,SA-468120,M01453,美妝保養,SK-II 青春露,6039,信用卡
2026-04-10 23:35,SA-571243,M00059,生活居家,無印良品 PP收納盒,416,信用卡
2026-04-19 03:12,SA-114257,M01107,美妝保養,資生堂 百優精純乳霜,2703,超商貨到付款
2026-04-29 21:23,SA-162699,M00003,3C家電,Nintendo Switch,9250,超商貨到付款
2026-04-22 07:51,SA-270044,M00122,服飾配件,Nike Air Force 1,3158,信用卡
2026-04-18 19:29,SA-231059,M00101,美妝保養,資生堂 百優精純乳霜,2725,信用卡
2026-04-12 21:51,SA-733362,M01321,美妝保養,SK-II 青春露,5748,LinePay
2026-04-27 03:03,SA-726823,M01350,美妝保養,資生堂 百優精純乳霜,2715,信用卡
2026-04-12 20:00,SA-672474,M00781,美妝保養,SK-II 青春露,6060,ATM轉帳
2026-04-18 02:50,SA-960804,M00094,美妝保養,蘭蔻 極光水,3337,信用卡
2026-04-21 10:51,SA-177477,M01306,服飾配件,Nike Air Force 1,3298,信用卡
2026-04-01 11:25,SA-868876,M00778,美妝保養,資生堂 百優精純乳霜,2667,LinePay
2026-04-15 12:57,SA-904883,M00420,3C家電,Apple Watch S9,12211,LinePay
2026-04-04 13:58,SA-653905,M00031,3C家電,LG 掃地機器人,14399,超商貨到付款
2026-04-04 04:40,SA-371853,M01286,美妝保養,理膚寶水 B5全面修復霜,824,信用卡
2026-04-04 01:39,SA-723584,M01261,服飾配件,Levi's 501牛仔褲,3901,信用卡
2026-04-29 11:07,SA-176002,M01090,服飾配件,Uniqlo 極暖發熱衣,776,超商貨到付款
2026-04-21 02:05,SA-367171,M01471,3C家電,Apple Watch S9,12597,ATM轉帳
2026-04-09 14:15,SA-771445,M00346,母嬰用品,幫寶適 一級幫紙尿褲(箱),1446,信用卡
2026-04-18 11:48,SA-361462,M00277,3C家電,Sony 降噪耳機,10866,信用卡
2026-04-17 02:49,SA-138870,M00451,美妝保養,SK-II 青春露,5712,信用卡
2026-04-19 23:04,SA-575278,M00905,母嬰用品,明治 金選奶粉,700,超商貨到付款
2026-04-15 05:32,SA-118877,M00584,3C家電,Dyson 吹風機,13424,街口支付
2026-04-11 22:39,SA-383086,M00383,美妝保養,SK-II 青春露,5972,信用卡
2026-04-18 08:51,SA-295741,M01016,生活居家,無印良品 PP收納盒,444,ATM轉帳
2026-04-08 23:39,SA-627872,M00074,美妝保養,雅詩蘭黛 小棕瓶,3933,街口支付
2026-04-22 23:23,SA-814051,M01048,美妝保養,資生堂 百優精純乳霜,2685,LinePay
2026-04-03 15:22,SA-366016,M00349,生活居家,無印良品 PP收納盒,441,信用卡
2026-04-28 10:30,SA-322552,M01473,保健食品,娘家 益生菌,1118,信用卡
2026-04-05 04:26,SA-927613,M00781,美妝保養,理膚寶水 B5全面修復霜,868,超商貨到付款
2026-04-25 02:56,SA-470664,M00144,保健食品,娘家 大紅麴,2390,信用卡
2026-04-04 10:24,SA-461632,M00173,3C家電,Sony 降噪耳機,10463,信用卡
2026-04-12 19:26,SA-829207,M00441,服飾配件,Levi's 501牛仔褲,3800,信用卡
2026-04-22 01:52,SA-187670,M00667,3C家電,iPhone 15 Pro,34589,信用卡
2026-04-22 18:28,SA-579596,M00962,生活居家,舒潔 抽取式衛生紙(箱),830,信用卡
2026-04-23 10:45,SA-947917,M01129,服飾配件,Levi's 501牛仔褲,3757,信用卡
2026-04-12 23:41,SA-276028,M01471,生活居家,3M 淨水器濾心,2311,信用卡
2026-04-28 04:39,SA-282604,M01455,美妝保養,雅詩蘭黛 小棕瓶,4077,信用卡
2026-04-30 14:29,SA-356715,M00164,3C家電,Nintendo Switch,9073,信用卡
2026-04-16 06:30,SA-175119,M00602,生活居家,3M 淨水器濾心,2327,信用卡
2026-04-13 21:12,SA-999947,M01472,美妝保養,理膚寶水 B5全面修復霜,825,超商貨到付款
2026-04-02 23:59,SA-844861,M00799,3C家電,Sony 降噪耳機,10477,LinePay
2026-04-09 04:15,SA-464063,M00869,生活居家,舒潔 抽取式衛生紙(箱),857,信用卡
2026-04-22 15:02,SA-321526,M00789,美妝保養,資生堂 百優精純乳霜,2590,信用卡
2026-04-22 00:25,SA-555318,M01362,生活居家,3M 淨水器濾心,2367,LinePay
2026-04-18 20:50,SA-180760,M01289,3C家電,Sony 降噪耳機,10886,信用卡
2026-04-04 03:42,SA-724888,M00566,生活居家,3M 淨水器濾心,2408,LinePay
2026-04-07 09:15,SA-176104,M00885,生活居家,舒潔 抽取式衛生紙(箱),836,超商貨到付款
2026-04-06 05:23,SA-945133,M01060,母嬰用品,明治 金選奶粉,685,信用卡
2026-04-08 09:13,SA-742614,M00782,美妝保養,資生堂 百優精純乳霜,2594,信用卡
2026-04-09 06:53,SA-344359,M00165,母嬰用品,Combi 奶瓶消毒鍋,3144,信用卡
2026-04-17 09:49,SA-219330,M01157,3C家電,LG 掃地機器人,15307,LinePay
2026-04-15 09:50,SA-750441,M00665,3C家電,Dyson 吹風機,13444,信用卡
2026-04-26 22:55,SA-453542,M01154,保健食品,娘家 大紅麴,2571,LinePay
2026-04-16 07:12,SA-548247,M00920,3C家電,Nintendo Switch,9258,LinePay
2026-04-02 12:15,SA-930759,M01478,美妝保養,理膚寶水 B5全面修復霜,835,信用卡
2026-04-25 10:51,SA-994605,M00705,服飾配件,Ray-Ban 飛行員太陽眼鏡,5512,信用卡
2026-04-24 17:26,SA-232161,M01025,美妝保養,SK-II 青春露,5970,LinePay
2026-04-05 06:12,SA-704267,M00706,生活居家,宜得利 N-COOL涼感床墊,1265,超商貨到付款
2026-04-11 16:15,SA-566604,M00413,美妝保養,理膚寶水 B5全面修復霜,870,信用卡
2026-04-21 22:07,SA-179446,M00987,生活居家,TOTO 溫水洗淨便座,8947,信用卡
2026-04-06 18:30,SA-374505,M00783,美妝保養,蘭蔻 極光水,3456,信用卡
2026-04-12 22:33,SA-935759,M01105,3C家電,LG 掃地機器人,15455,信用卡
2026-04-28 16:05,SA-972218,M00025,母嬰用品,明治 金選奶粉,716,LinePay
2026-04-22 14:21,SA-831440,M00727,母嬰用品,幫寶適 一級幫紙尿褲(箱),1559,信用卡
2026-04-08 17:56,SA-884506,M00710,美妝保養,蘭蔻 極光水,3517,信用卡
2026-04-16 01:35,SA-209670,M00847,服飾配件,Uniqlo 極暖發熱衣,756,ATM轉帳
2026-04-23 16:04,SA-441006,M00298,3C家電,Sony 降噪耳機,9882,街口支付
2026-04-21 21:45,SA-648519,M00969,生活居家,3M 淨水器濾心,2251,信用卡
2026-04-11 14:27,SA-460890,M00286,3C家電,LG 掃地機器人,15615,街口支付
2026-04-05 01:27,SA-316753,M00866,母嬰用品,明治 金選奶粉,693,信用卡
2026-04-07 18:12,SA-796029,M00534,生活居家,宜得利 N-COOL涼感床墊,1216,LinePay
2026-04-15 14:59,SA-576555,M00107,3C家電,Sony 降噪耳機,10599,LinePay
2026-04-27 20:45,SA-182214,M00901,3C家電,LG 掃地機器人,15652,LinePay
2026-04-26 01:20,SA-493930,M01181,3C家電,LG 掃地機器人,15222,信用卡
2026-04-01 21:19,SA-177770,M00675,美妝保養,SK-II 青春露,5625,信用卡
2026-04-24 12:56,SA-893308,M00271,服飾配件,Nike Air Force 1,3190,信用卡
2026-04-17 10:21,SA-657296,M01077,母嬰用品,明治 金選奶粉,723,信用卡
2026-04-11 03:49,SA-549007,M01371,服飾配件,Nike Air Force 1,3193,LinePay
2026-04-08 06:21,SA-985951,M00434,美妝保養,資生堂 百優精純乳霜,2539,超商貨到付款
2026-04-08 14:49,SA-941252,M01500,3C家電,Sony 降噪耳機,10760,街口支付
2026-04-25 14:25,SA-948724,M01021,服飾配件,Uniqlo 極暖發熱衣,788,超商貨到付款
2026-04-04 12:06,SA-925547,M00293,美妝保養,蘭蔻 極光水,3323,信用卡
2026-04-16 06:08,SA-964222,M00018,3C家電,Apple Watch S9,12594,信用卡
2026-04-20 07:22,SA-276480,M00830,美妝保養,理膚寶水 B5全面修復霜,838,信用卡
2026-04-19 04:09,SA-764337,M00034,服飾配件,Nike Air Force 1,3285,LinePay
2026-04-28 15:51,SA-681800,M00717,3C家電,LG 掃地機器人,15044,ATM轉帳
2026-04-09 00:09,SA-158985,M01046,生活居家,舒潔 抽取式衛生紙(箱),872,信用卡
2026-04-21 21:39,SA-998705,M00714,服飾配件,Ray-Ban 飛行員太陽眼鏡,5224,街口支付
2026-04-27 11:09,SA-732680,M00682,服飾配件,Ray-Ban 飛行員太陽眼鏡,5232,信用卡
2026-04-18 05:32,SA-872363,M00155,生活居家,3M 淨水器濾心,2388,信用卡
2026-04-08 16:49,SA-894465,M00273,服飾配件,Uniqlo 極暖發熱衣,769,街口支付
2026-04-17 00:28,SA-653282,M00369,3C家電,Apple Watch S9,13479,超商貨到付款
2026-04-20 11:36,SA-312336,M00108,服飾配件,Levi's 501牛仔褲,3937,信用卡
2026-04-05 18:38,SA-950128,M00604,美妝保養,蘭蔻 極光水,3375,信用卡
2026-04-26 08:52,SA-464422,M00179,母嬰用品,明治 金選奶粉,709,超商貨到付款
2026-04-13 11:10,SA-393242,M00030,生活居家,3M 淨水器濾心,2329,超商貨到付款
2026-04-11 22:58,SA-999028,M00673,美妝保養,資生堂 百優精純乳霜,2697,信用卡
2026-04-29 13:36,SA-574775,M00892,3C家電,Dyson 吹風機,13947,超商貨到付款
2026-04-03 16:51,SA-926923,M01418,保健食品,桂格 大燕麥片,234,信用卡
2026-04-28 23:20,SA-138661,M01206,生活居家,舒潔 抽取式衛生紙(箱),840,信用卡
2026-04-18 15:05,SA-358694,M00792,服飾配件,Uniqlo 極暖發熱衣,739,LinePay
2026-04-12 09:02,SA-427475,M00306,服飾配件,Levi's 501牛仔褲,3663,信用卡
2026-04-03 03:10,SA-647758,M00889,生活居家,3M 淨水器濾心,2336,LinePay
2026-04-28 11:35,SA-744865,M00381,美妝保養,資生堂 百優精純乳霜,2668,信用卡
2026-04-25 09:23,SA-484314,M00238,服飾配件,Uniqlo 極暖發熱衣,756,信用卡
2026-04-18 14:12,SA-430535,M01298,美妝保養,SK-II 青春露,5953,信用卡
2026-04-26 23:26,SA-135728,M01125,美妝保養,蘭蔻 極光水,3481,超商貨到付款
2026-04-03 01:05,SA-934552,M00652,美妝保養,資生堂 百優精純乳霜,2721,信用卡
2026-04-20 04:38,SA-960016,M01374,3C家電,Dyson 吹風機,14018,信用卡
2026-04-07 01:14,SA-181451,M00830,服飾配件,Uniqlo 極暖發熱衣,783,信用卡
2026-04-08 21:53,SA-931956,M00440,美妝保養,蘭蔻 極光水,3351,LinePay
2026-04-19 22:24,SA-875063,M01496,服飾配件,Levi's 501牛仔褲,3865,信用卡
2026-04-29 07:20,SA-955376,M00802,母嬰用品,明治 金選奶粉,695,信用卡
2026-04-25 08:10,SA-944349,M00745,保健食品,娘家 益生菌,1179,信用卡
2026-04-05 00:41,SA-699733,M01474,服飾配件,Ray-Ban 飛行員太陽眼鏡,5082,超商貨到付款
2026-04-21 01:45,SA-184883,M00404,3C家電,iPhone 15 Pro,33797,信用卡
2026-04-20 00:01,SA-169759,M00338,美妝保養,資生堂 百優精純乳霜,2640,信用卡
2026-04-09 20:17,SA-880855,M01058,保健食品,桂格 大燕麥片,216,街口支付
2026-04-20 17:56,SA-656042,M00098,生活居家,無印良品 PP收納盒,441,信用卡
2026-04-24 05:48,SA-716655,M01113,3C家電,LG 掃地機器人,14751,信用卡
2026-04-28 11:08,SA-206791,M00827,母嬰用品,貝親 寬口玻璃奶瓶,527,信用卡
2026-04-21 08:57,SA-722395,M01223,3C家電,LG 掃地機器人,15103,LinePay
2026-04-13 19:46,SA-194452,M00429,生活居家,舒潔 抽取式衛生紙(箱),838,信用卡
2026-04-06 02:30,SA-502726,M00802,服飾配件,Ray-Ban 飛行員太陽眼鏡,5100,LinePay
2026-04-22 14:28,SA-669856,M00205,美妝保養,理膚寶水 B5全面修復霜,846,街口支付
2026-04-11 09:28,SA-760749,M00506,服飾配件,Levi's 501牛仔褲,3871,信用卡
2026-04-18 02:26,SA-982201,M00090,服飾配件,Levi's 501牛仔褲,3627,信用卡
2026-04-16 06:04,SA-398101,M00833,美妝保養,理膚寶水 B5全面修復霜,816,LinePay
2026-04-18 16:58,SA-819967,M01027,服飾配件,Uniqlo 極暖發熱衣,729,ATM轉帳
2026-04-23 15:31,SA-961802,M00319,3C家電,Apple Watch S9,12820,信用卡
2026-04-22 16:25,SA-791153,M01151,3C家電,Dyson 吹風機,13261,信用卡
2026-04-06 18:51,SA-942304,M01282,生活居家,宜得利 N-COOL涼感床墊,1218,信用卡
2026-04-24 03:27,SA-735493,M00952,3C家電,Sony 降噪耳機,10557,超商貨到付款
2026-04-21 06:23,SA-488935,M01186,母嬰用品,幫寶適 一級幫紙尿褲(箱),1563,信用卡
2026-04-24 23:06,SA-889212,M01481,服飾配件,Ray-Ban 飛行員太陽眼鏡,5192,超商貨到付款
2026-04-29 03:06,SA-727876,M01240,3C家電,Apple Watch S9,12735,LinePay
2026-04-01 11:24,SA-796688,M00060,3C家電,LG 掃地機器人,15169,ATM轉帳
2026-04-18 21:51,SA-913207,M00353,3C家電,Dyson 吹風機,13507,LinePay
2026-04-08 17:33,SA-164424,M01416,美妝保養,理膚寶水 B5全面修復霜,816,信用卡
2026-04-15 05:05,SA-346257,M01379,母嬰用品,Joie 輕量雙向推車,6280,信用卡
2026-04-09 20:04,SA-326011,M00112,生活居家,TOTO 溫水洗淨便座,9839,信用卡
2026-04-21 20:28,SA-308019,M00122,母嬰用品,明治 金選奶粉,695,街口支付
2026-04-27 15:43,SA-566464,M00864,美妝保養,蘭蔻 極光水,3359,信用卡
2026-04-27 17:21,SA-688264,M00029,3C家電,Dyson 吹風機,13575,信用卡
2026-04-13 06:28,SA-902913,M00488,服飾配件,Ray-Ban 飛行員太陽眼鏡,5423,信用卡
2026-04-22 08:53,SA-295499,M00738,保健食品,娘家 大紅麴,2509,信用卡
2026-04-19 12:53,SA-273206,M00454,保健食品,白蘭氏 雙認證雞精(盒),1251,超商貨到付款
2026-04-08 04:06,SA-757681,M00033,3C家電,Nintendo Switch,9158,LinePay
2026-04-21 12:31,SA-381926,M00776,美妝保養,資生堂 百優精純乳霜,2766,LinePay
2026-04-19 01:24,SA-108391,M01397,母嬰用品,幫寶適 一級幫紙尿褲(箱),1504,信用卡
2026-04-06 02:27,SA-729705,M00511,美妝保養,資生堂 百優精純乳霜,2570,信用卡
2026-04-04 12:50,SA-244319,M01054,服飾配件,Nike Air Force 1,3272,LinePay
2026-04-24 09:59,SA-823885,M00624,母嬰用品,Combi 奶瓶消毒鍋,3012,LinePay
2026-04-04 10:07,SA-618298,M00199,美妝保養,雅詩蘭黛 小棕瓶,3944,LinePay
2026-04-10 04:50,SA-753363,M01123,服飾配件,Uniqlo 極暖發熱衣,788,街口支付
2026-04-06 07:23,SA-186210,M00462,3C家電,iPhone 15 Pro,33212,LinePay
2026-04-03 14:51,SA-832644,M01415,服飾配件,Nike Air Force 1,3127,街口支付
2026-04-23 02:20,SA-925197,M00475,3C家電,Apple Watch S9,12984,LinePay
2026-04-18 05:46,SA-843370,M01465,生活居家,無印良品 PP收納盒,433,街口支付
2026-04-07 21:53,SA-323825,M01226,生活居家,TOTO 溫水洗淨便座,9345,信用卡
2026-04-25 11:48,SA-271654,M00646,3C家電,Nintendo Switch,8988,街口支付
2026-04-15 16:57,SA-133661,M01282,美妝保養,蘭蔻 極光水,3417,信用卡
2026-04-11 03:29,SA-924056,M01103,生活居家,3M 淨水器濾心,2302,信用卡
2026-04-14 12:11,SA-542970,M01324,美妝保養,資生堂 百優精純乳霜,2628,LinePay
2026-04-24 02:50,SA-107999,M00104,美妝保養,雅詩蘭黛 小棕瓶,3865,信用卡
2026-04-29 20:29,SA-134461,M00684,生活居家,3M 淨水器濾心,2294,信用卡
2026-04-02 07:44,SA-725051,M01336,3C家電,Nintendo Switch,9681,信用卡
2026-04-27 20:53,SA-598921,M00961,服飾配件,Levi's 501牛仔褲,3886,LinePay
2026-04-27 12:34,SA-345564,M00090,美妝保養,資生堂 百優精純乳霜,2732,信用卡
2026-04-17 02:54,SA-283835,M00266,3C家電,Apple Watch S9,12901,信用卡
2026-04-19 23:45,SA-866105,M00869,美妝保養,資生堂 百優精純乳霜,2567,信用卡
2026-04-23 19:13,SA-468788,M01146,生活居家,3M 淨水器濾心,2460,LinePay
2026-04-15 13:48,SA-203989,M00335,母嬰用品,Joie 輕量雙向推車,6569,LinePay
2026-04-30 12:09,SA-952715,M01153,美妝保養,理膚寶水 B5全面修復霜,800,街口支付
2026-04-30 12:47,SA-265707,M00500,3C家電,LG 掃地機器人,14895,信用卡
2026-04-16 06:25,SA-574874,M01248,美妝保養,蘭蔻 極光水,3387,信用卡
2026-04-19 10:12,SA-296462,M00785,服飾配件,Uniqlo 極暖發熱衣,747,LinePay
2026-04-15 09:44,SA-969477,M00521,保健食品,桂格 大燕麥片,234,信用卡
2026-04-29 13:06,SA-474842,M01395,美妝保養,SK-II 青春露,5932,信用卡
2026-04-14 12:30,SA-703249,M01395,3C家電,Nintendo Switch,9361,信用卡
2026-04-22 18:28,SA-551825,M01136,美妝保養,蘭蔻 極光水,3386,超商貨到付款
2026-04-27 20:11,SA-800512,M01121,美妝保養,理膚寶水 B5全面修復霜,872,信用卡
2026-04-06 01:58,SA-241636,M01278,服飾配件,Levi's 501牛仔褲,3906,信用卡
2026-04-22 12:55,SA-229225,M00299,服飾配件,Nike Air Force 1,3349,LinePay
2026-04-06 10:18,SA-787224,M01478,3C家電,Dyson 吹風機,14247,信用卡
2026-04-07 00:31,SA-606811,M00749,美妝保養,蘭蔻 極光水,3487,超商貨到付款
2026-04-19 22:27,SA-706051,M00885,母嬰用品,Combi 奶瓶消毒鍋,3226,信用卡
2026-04-14 15:17,SA-596545,M00927,美妝保養,SK-II 青春露,5942,信用卡
2026-04-20 17:43,SA-608143,M01217,生活居家,3M 淨水器濾心,2357,LinePay
2026-04-13 17:16,SA-421579,M00999,美妝保養,SK-II 青春露,5697,超商貨到付款
2026-04-26 06:45,SA-959159,M00755,服飾配件,Nike Air Force 1,3337,信用卡
2026-04-25 05:11,SA-260156,M00985,服飾配件,G-Shock 經典運動錶,2982,信用卡
2026-04-06 12:14,SA-844090,M00602,生活居家,TOTO 溫水洗淨便座,9660,LinePay
2026-04-26 12:42,SA-331656,M00227,美妝保養,雅詩蘭黛 小棕瓶,4014,超商貨到付款
2026-04-08 21:18,SA-647564,M00012,生活居家,舒潔 抽取式衛生紙(箱),893,超商貨到付款
2026-04-25 09:41,SA-632567,M00909,3C家電,Sony 降噪耳機,10101,信用卡
2026-04-15 18:26,SA-905191,M00588,保健食品,娘家 益生菌,1118,信用卡
2026-04-20 11:38,SA-965887,M00703,3C家電,Apple Watch S9,13108,信用卡
2026-04-06 09:05,SA-787125,M00827,3C家電,Nintendo Switch,9738,LinePay
2026-04-03 12:45,SA-743879,M00369,生活居家,3M 淨水器濾心,2391,信用卡
2026-04-18 16:37,SA-479388,M00113,3C家電,Apple Watch S9,12427,信用卡
2026-04-21 13:44,SA-692263,M00423,生活居家,3M 淨水器濾心,2442,信用卡
2026-04-08 18:46,SA-633707,M01200,美妝保養,理膚寶水 B5全面修復霜,816,ATM轉帳
2026-04-26 01:50,SA-892366,M01279,服飾配件,Nike Air Force 1,3104,LinePay
2026-04-29 17:25,SA-754989,M00456,美妝保養,理膚寶水 B5全面修復霜,810,LinePay
2026-04-09 03:34,SA-759068,M00578,美妝保養,蘭蔻 極光水,3525,LinePay
2026-04-25 06:14,SA-778764,M00003,生活居家,TOTO 溫水洗淨便座,9503,信用卡
2026-04-06 13:22,SA-515001,M00924,服飾配件,Nike Air Force 1,3074,信用卡
2026-04-17 05:37,SA-530481,M01376,生活居家,無印良品 PP收納盒,440,信用卡
2026-04-29 20:19,SA-998569,M00372,母嬰用品,貝親 寬口玻璃奶瓶,533,信用卡
2026-04-09 19:22,SA-751700,M01329,3C家電,Nintendo Switch,8861,ATM轉帳
2026-04-15 12:19,SA-435430,M00017,美妝保養,蘭蔻 極光水,3549,信用卡
2026-04-17 00:19,SA-757192,M01147,3C家電,Dyson 吹風機,14101,信用卡
2026-04-06 08:02,SA-432532,M01359,3C家電,Sony 降噪耳機,10077,信用卡
2026-04-20 02:57,SA-500946,M00729,服飾配件,G-Shock 經典運動錶,2923,LinePay
2026-04-16 11:12,SA-877715,M01069,美妝保養,資生堂 百優精純乳霜,2643,LinePay
2026-04-17 13:23,SA-395371,M00731,生活居家,TOTO 溫水洗淨便座,9866,ATM轉帳
2026-04-20 03:58,SA-615516,M00530,服飾配件,Uniqlo 極暖發熱衣,742,LinePay
2026-04-24 21:46,SA-207802,M00278,母嬰用品,Combi 奶瓶消毒鍋,3103,街口支付
2026-04-20 02:53,SA-407930,M00605,3C家電,Dyson 吹風機,14347,LinePay
2026-04-16 20:51,SA-309454,M01002,生活居家,3M 淨水器濾心,2452,LinePay
2026-04-11 02:50,SA-686794,M01083,服飾配件,G-Shock 經典運動錶,2934,信用卡
2026-04-17 09:33,SA-910446,M00348,美妝保養,雅詩蘭黛 小棕瓶,3847,超商貨到付款
2026-04-30 18:24,SA-117032,M01344,美妝保養,SK-II 青春露,5963,超商貨到付款
2026-04-09 16:46,SA-715743,M01267,3C家電,Apple Watch S9,12435,LinePay
2026-04-20 23:22,SA-510844,M00151,服飾配件,Uniqlo 極暖發熱衣,777,超商貨到付款
2026-04-12 18:28,SA-956783,M01317,美妝保養,蘭蔻 極光水,3402,ATM轉帳
2026-04-16 02:08,SA-413667,M01318,美妝保養,蘭蔻 極光水,3499,信用卡
2026-04-02 04:04,SA-806621,M01167,3C家電,LG 掃地機器人,14396,ATM轉帳
2026-04-24 19:20,SA-437868,M00750,美妝保養,雅詩蘭黛 小棕瓶,4130,超商貨到付款
2026-04-17 11:42,SA-449338,M01333,生活居家,無印良品 PP收納盒,412,信用卡
2026-04-07 05:16,SA-307649,M01117,美妝保養,資生堂 百優精純乳霜,2551,LinePay
2026-04-05 17:41,SA-242221,M00011,美妝保養,理膚寶水 B5全面修復霜,845,街口支付
2026-04-18 20:43,SA-379286,M00799,美妝保養,資生堂 百優精純乳霜,2581,ATM轉帳
2026-04-02 12:49,SA-936070,M01385,服飾配件,Uniqlo 極暖發熱衣,756,超商貨到付款
2026-04-18 09:38,SA-400901,M00308,服飾配件,Nike Air Force 1,3311,LinePay
2026-04-23 18:24,SA-996358,M00951,母嬰用品,Joie 輕量雙向推車,6260,超商貨到付款
2026-04-29 19:39,SA-800716,M01044,美妝保養,雅詩蘭黛 小棕瓶,4042,信用卡
2026-04-15 14:21,SA-577879,M00586,3C家電,Apple Watch S9,13343,LinePay
2026-04-04 03:10,SA-452353,M01204,3C家電,Nintendo Switch,9058,信用卡
2026-04-27 16:48,SA-118248,M00838,美妝保養,資生堂 百優精純乳霜,2598,信用卡
2026-04-18 11:47,SA-353020,M00144,生活居家,宜得利 N-COOL涼感床墊,1182,信用卡
2026-04-16 10:32,SA-454749,M01035,服飾配件,Uniqlo 極暖發熱衣,723,街口支付
2026-04-10 08:29,SA-509572,M01313,美妝保養,雅詩蘭黛 小棕瓶,3822,超商貨到付款
2026-04-25 19:43,SA-955625,M01497,美妝保養,SK-II 青春露,5833,LinePay
2026-04-02 02:20,SA-760813,M00061,3C家電,LG 掃地機器人,15440,LinePay
2026-04-15 01:24,SA-767289,M00665,服飾配件,G-Shock 經典運動錶,2963,ATM轉帳
2026-04-03 11:31,SA-489319,M00919,母嬰用品,明治 金選奶粉,730,信用卡
2026-04-22 02:54,SA-870554,M01205,3C家電,iPhone 15 Pro,36788,信用卡
2026-04-11 01:10,SA-729137,M00789,母嬰用品,Joie 輕量雙向推車,6796,超商貨到付款
2026-04-20 03:19,SA-443223,M00700,生活居家,無印良品 PP收納盒,428,信用卡
2026-04-25 19:19,SA-665035,M01303,3C家電,Sony 降噪耳機,10351,LinePay
2026-04-28 15:56,SA-473895,M00535,3C家電,iPhone 15 Pro,33823,LinePay
2026-04-26 20:17,SA-903621,M01231,美妝保養,SK-II 青春露,5768,超商貨到付款
2026-04-18 10:33,SA-274134,M01463,服飾配件,Nike Air Force 1,3079,超商貨到付款
2026-04-11 06:50,SA-444009,M00415,母嬰用品,Joie 輕量雙向推車,6423,街口支付
2026-04-11 21:24,SA-927790,M00484,美妝保養,雅詩蘭黛 小棕瓶,3994,信用卡
2026-04-26 18:32,SA-870543,M00081,美妝保養,SK-II 青春露,6164,LinePay
2026-04-28 19:21,SA-502803,M01066,美妝保養,理膚寶水 B5全面修復霜,804,LinePay
2026-04-09 04:25,SA-959770,M00593,3C家電,Sony 降噪耳機,9971,LinePay
2026-04-19 15:09,SA-312901,M00886,美妝保養,理膚寶水 B5全面修復霜,871,信用卡
2026-04-06 14:04,SA-361454,M01381,生活居家,宜得利 N-COOL涼感床墊,1280,信用卡
2026-04-01 00:50,SA-377083,M01302,3C家電,iPhone 15 Pro,34656,LinePay
2026-04-28 10:14,SA-213644,M01245,美妝保養,SK-II 青春露,6077,信用卡
2026-04-14 17:02,SA-335941,M01362,生活居家,3M 淨水器濾心,2284,LinePay
2026-04-06 02:29,SA-190818,M00261,保健食品,善存 綜合維他命,896,超商貨到付款
2026-04-04 13:39,SA-122328,M00804,3C家電,Nintendo Switch,9720,信用卡
2026-04-08 23:50,SA-685284,M01176,服飾配件,Nike Air Force 1,3369,信用卡
2026-04-29 23:08,SA-391714,M00243,3C家電,Sony 降噪耳機,10008,信用卡
2026-04-18 13:51,SA-949990,M00156,美妝保養,資生堂 百優精純乳霜,2562,信用卡
2026-04-19 19:01,SA-808899,M00755,服飾配件,G-Shock 經典運動錶,3106,超商貨到付款
2026-04-10 19:23,SA-726016,M01298,3C家電,iPhone 15 Pro,35778,LinePay
2026-04-26 18:43,SA-415408,M00049,3C家電,Dyson 吹風機,13483,LinePay
2026-04-05 06:51,SA-914674,M01148,3C家電,Dyson 吹風機,14343,超商貨到付款
2026-04-05 16:18,SA-739531,M00249,3C家電,iPhone 15 Pro,34602,LinePay
2026-04-10 16:29,SA-899877,M00632,美妝保養,雅詩蘭黛 小棕瓶,4022,ATM轉帳
2026-04-28 19:38,SA-490561,M00953,美妝保養,蘭蔻 極光水,3437,LinePay
2026-04-06 06:03,SA-285081,M00793,美妝保養,SK-II 青春露,6187,超商貨到付款
2026-04-16 22:07,SA-532311,M00766,生活居家,無印良品 PP收納盒,432,超商貨到付款
2026-04-29 04:37,SA-324660,M01409,3C家電,Apple Watch S9,13055,信用卡
2026-04-16 23:24,SA-277877,M01456,服飾配件,Ray-Ban 飛行員太陽眼鏡,5146,信用卡
2026-04-26 12:51,SA-363501,M00718,服飾配件,Ray-Ban 飛行員太陽眼鏡,5092,信用卡
2026-04-25 16:31,SA-231362,M01237,3C家電,Apple Watch S9,12738,信用卡
2026-04-28 01:37,SA-106429,M01280,美妝保養,SK-II 青春露,5697,ATM轉帳
2026-04-21 12:17,SA-327109,M00038,生活居家,TOTO 溫水洗淨便座,9157,信用卡
2026-04-22 14:25,SA-253830,M01077,生活居家,3M 淨水器濾心,2259,LinePay
2026-04-06 22:21,SA-888585,M00364,保健食品,娘家 大紅麴,2418,信用卡
2026-04-04 03:47,SA-501690,M01346,3C家電,Apple Watch S9,12821,LinePay
2026-04-03 14:32,SA-376498,M00872,3C家電,Nintendo Switch,9683,街口支付
2026-04-21 16:36,SA-241476,M01476,美妝保養,SK-II 青春露,5773,信用卡
2026-04-09 01:04,SA-596079,M00193,服飾配件,G-Shock 經典運動錶,3081,超商貨到付款
2026-04-28 10:18,SA-911513,M00644,生活居家,3M 淨水器濾心,2477,信用卡
2026-04-16 08:48,SA-645508,M00460,服飾配件,Uniqlo 極暖發熱衣,785,ATM轉帳
2026-04-03 08:46,SA-465759,M01150,生活居家,舒潔 抽取式衛生紙(箱),859,LinePay
2026-04-23 07:44,SA-919877,M01244,美妝保養,資生堂 百優精純乳霜,2679,LinePay
2026-04-11 00:04,SA-563737,M01454,服飾配件,Uniqlo 極暖發熱衣,775,信用卡
2026-04-16 04:45,SA-686880,M00371,生活居家,無印良品 PP收納盒,410,ATM轉帳
2026-04-06 04:27,SA-718683,M00210,保健食品,白蘭氏 雙認證雞精(盒),1354,信用卡
2026-04-03 21:38,SA-337565,M00512,3C家電,LG 掃地機器人,15176,超商貨到付款
2026-04-30 06:56,SA-298198,M01074,生活居家,舒潔 抽取式衛生紙(箱),830,街口支付
2026-04-06 20:05,SA-378845,M00774,服飾配件,Nike Air Force 1,3377,超商貨到付款
2026-04-20 11:16,SA-888620,M00840,3C家電,Dyson 吹風機,13726,超商貨到付款
2026-04-09 06:25,SA-369099,M00733,3C家電,Dyson 吹風機,13946,LinePay
2026-04-04 08:55,SA-641513,M00808,3C家電,Dyson 吹風機,13521,超商貨到付款
2026-04-22 23:56,SA-301860,M00826,美妝保養,資生堂 百優精純乳霜,2601,信用卡
2026-04-21 17:48,SA-400898,M00637,美妝保養,理膚寶水 B5全面修復霜,812,街口支付
2026-04-11 19:45,SA-760576,M01323,母嬰用品,明治 金選奶粉,737,信用卡
2026-04-12 05:07,SA-309976,M00425,3C家電,Dyson 吹風機,14466,信用卡
2026-04-06 22:17,SA-942346,M01129,3C家電,Apple Watch S9,12707,超商貨到付款
2026-04-16 08:08,SA-822312,M01114,美妝保養,蘭蔻 極光水,3403,街口支付
2026-04-05 04:57,SA-262098,M00430,美妝保養,蘭蔻 極光水,3442,LinePay
2026-04-05 20:44,SA-889337,M00610,3C家電,Sony 降噪耳機,9960,信用卡
2026-04-07 00:49,SA-319568,M00912,3C家電,Nintendo Switch,9323,LinePay
2026-04-11 08:38,SA-310688,M00805,母嬰用品,Combi 奶瓶消毒鍋,3064,信用卡
2026-04-28 18:58,SA-195158,M00844,服飾配件,Nike Air Force 1,3374,LinePay
2026-04-27 15:19,SA-515220,M00404,美妝保養,理膚寶水 B5全面修復霜,797,超商貨到付款
2026-04-06 23:46,SA-397788,M01338,美妝保養,雅詩蘭黛 小棕瓶,3852,LinePay
2026-04-28 05:14,SA-810072,M00678,美妝保養,雅詩蘭黛 小棕瓶,3883,LinePay
2026-04-30 01:56,SA-904355,M00967,生活居家,TOTO 溫水洗淨便座,9855,LinePay
2026-04-05 04:58,SA-371416,M01011,美妝保養,雅詩蘭黛 小棕瓶,3843,信用卡
2026-04-03 19:13,SA-979822,M01446,美妝保養,理膚寶水 B5全面修復霜,827,超商貨到付款
2026-04-01 23:44,SA-958551,M00911,3C家電,Dyson 吹風機,13728,信用卡
2026-04-09 15:00,SA-204931,M00315,美妝保養,雅詩蘭黛 小棕瓶,4193,信用卡
2026-04-18 23:55,SA-130726,M00431,美妝保養,SK-II 青春露,6017,信用卡
2026-04-01 03:59,SA-305561,M00228,生活居家,宜得利 N-COOL涼感床墊,1247,信用卡
2026-04-01 23:55,SA-242431,M00769,美妝保養,SK-II 青春露,6000,超商貨到付款
2026-04-16 22:13,SA-623996,M00427,美妝保養,蘭蔻 極光水,3524,信用卡
2026-04-06 07:51,SA-464071,M01252,母嬰用品,Joie 輕量雙向推車,6645,信用卡
2026-04-16 08:30,SA-685425,M00568,生活居家,宜得利 N-COOL涼感床墊,1199,信用卡
2026-04-26 00:35,SA-778853,M00113,3C家電,Dyson 吹風機,13736,超商貨到付款
2026-04-06 07:11,SA-424978,M00970,3C家電,Nintendo Switch,8813,LinePay
2026-04-10 09:30,SA-380943,M00280,服飾配件,Levi's 501牛仔褲,3773,信用卡
2026-04-03 03:19,SA-143792,M00370,美妝保養,SK-II 青春露,5927,ATM轉帳
2026-04-10 08:12,SA-494324,M00950,3C家電,LG 掃地機器人,15216,ATM轉帳
2026-04-03 16:36,SA-285119,M01494,服飾配件,G-Shock 經典運動錶,2959,街口支付
2026-04-04 21:14,SA-877396,M01024,3C家電,Sony 降噪耳機,10308,信用卡
2026-04-09 06:14,SA-816428,M00337,母嬰用品,幫寶適 一級幫紙尿褲(箱),1499,街口支付
2026-04-16 10:46,SA-241660,M00612,服飾配件,G-Shock 經典運動錶,3129,信用卡
2026-04-23 07:57,SA-584729,M01417,生活居家,舒潔 抽取式衛生紙(箱),851,LinePay
2026-04-23 05:06,SA-592292,M00624,服飾配件,Ray-Ban 飛行員太陽眼鏡,5359,超商貨到付款
2026-04-01 07:01,SA-403984,M01023,3C家電,Apple Watch S9,12819,信用卡
2026-04-03 04:52,SA-376427,M01357,服飾配件,G-Shock 經典運動錶,2955,ATM轉帳
2026-04-13 16:46,SA-250899,M01443,美妝保養,理膚寶水 B5全面修復霜,865,信用卡
2026-04-19 07:24,SA-428704,M00731,3C家電,LG 掃地機器人,15710,信用卡
2026-04-25 18:07,SA-594999,M01416,3C家電,Apple Watch S9,12427,ATM轉帳
2026-04-11 02:11,SA-642615,M00201,美妝保養,蘭蔻 極光水,3257,ATM轉帳
2026-04-25 10:56,SA-255199,M00840,美妝保養,理膚寶水 B5全面修復霜,819,信用卡
2026-04-09 21:52,SA-163941,M00488,服飾配件,Levi's 501牛仔褲,3839,信用卡
2026-04-13 06:52,SA-156956,M01137,生活居家,無印良品 PP收納盒,439,信用卡
2026-04-29 18:04,SA-774331,M01376,服飾配件,Nike Air Force 1,3379,信用卡
2026-04-29 13:02,SA-240353,M00198,生活居家,宜得利 N-COOL涼感床墊,1264,LinePay
2026-04-09 01:35,SA-493558,M00728,生活居家,無印良品 PP收納盒,416,超商貨到付款
2026-04-29 13:37,SA-686371,M00455,保健食品,白蘭氏 雙認證雞精(盒),1319,信用卡
2026-04-16 02:10,SA-769355,M01011,3C家電,LG 掃地機器人,14573,LinePay
2026-04-30 20:27,SA-455468,M00317,美妝保養,SK-II 青春露,5898,信用卡
2026-04-08 11:54,SA-719957,M00429,服飾配件,Ray-Ban 飛行員太陽眼鏡,5178,LinePay
2026-04-06 15:37,SA-447347,M00235,服飾配件,G-Shock 經典運動錶,2974,信用卡
2026-04-03 00:44,SA-413134,M01060,3C家電,Apple Watch S9,13439,信用卡
2026-04-11 12:38,SA-827839,M00825,3C家電,iPhone 15 Pro,35044,LinePay
2026-04-11 05:08,SA-510139,M01087,美妝保養,理膚寶水 B5全面修復霜,863,信用卡
2026-04-20 22:02,SA-545124,M01017,服飾配件,Uniqlo 極暖發熱衣,766,ATM轉帳
2026-04-18 21:01,SA-808652,M00402,3C家電,Dyson 吹風機,13314,超商貨到付款
2026-04-26 09:04,SA-778621,M01243,保健食品,善存 綜合維他命,871,信用卡
2026-04-13 09:16,SA-924300,M00351,服飾配件,G-Shock 經典運動錶,3016,LinePay
2026-04-08 05:45,SA-693130,M00736,3C家電,Nintendo Switch,9597,信用卡
2026-04-13 01:56,SA-507724,M00872,美妝保養,資生堂 百優精純乳霜,2644,信用卡
2026-04-26 19:05,SA-114307,M00147,美妝保養,資生堂 百優精純乳霜,2651,信用卡
2026-04-01 16:27,SA-725888,M00007,3C家電,Sony 降噪耳機,10810,超商貨到付款
2026-04-22 10:25,SA-672540,M00659,美妝保養,雅詩蘭黛 小棕瓶,4153,ATM轉帳
2026-04-14 11:29,SA-476620,M01433,服飾配件,Ray-Ban 飛行員太陽眼鏡,5078,超商貨到付款
2026-04-27 02:08,SA-491630,M00964,生活居家,無印良品 PP收納盒,443,街口支付
2026-04-14 13:27,SA-642549,M00081,3C家電,Sony 降噪耳機,10099,超商貨到付款
2026-04-21 13:13,SA-314539,M00834,美妝保養,資生堂 百優精純乳霜,2671,LinePay
2026-04-25 10:45,SA-711073,M00485,服飾配件,Nike Air Force 1,3143,信用卡
2026-04-27 23:00,SA-185192,M00844,生活居家,無印良品 PP收納盒,408,信用卡
2026-04-26 16:37,SA-364015,M00210,美妝保養,SK-II 青春露,5794,超商貨到付款
2026-04-15 09:20,SA-637147,M00877,3C家電,LG 掃地機器人,15060,信用卡
2026-04-27 06:15,SA-950540,M00067,3C家電,LG 掃地機器人,14545,LinePay
2026-04-10 10:00,SA-139027,M00365,服飾配件,G-Shock 經典運動錶,3106,超商貨到付款
2026-04-01 06:15,SA-572923,M01221,保健食品,白蘭氏 雙認證雞精(盒),1361,信用卡
2026-04-08 08:57,SA-259838,M00029,生活居家,舒潔 抽取式衛生紙(箱),880,信用卡
2026-04-07 16:27,SA-983039,M00541,生活居家,宜得利 N-COOL涼感床墊,1193,街口支付
2026-04-13 13:33,SA-673557,M00128,3C家電,Sony 降噪耳機,10844,超商貨到付款
2026-04-10 13:02,SA-422353,M01068,3C家電,Dyson 吹風機,13641,超商貨到付款
2026-04-09 13:27,SA-294552,M00275,3C家電,Sony 降噪耳機,10634,信用卡
2026-04-01 08:56,SA-145171,M00593,3C家電,Sony 降噪耳機,10481,LinePay
2026-04-06 21:59,SA-349391,M00640,服飾配件,Uniqlo 極暖發熱衣,770,信用卡
2026-04-26 20:01,SA-766959,M00629,美妝保養,理膚寶水 B5全面修復霜,835,ATM轉帳
2026-04-19 09:53,SA-855144,M00756,美妝保養,資生堂 百優精純乳霜,2586,超商貨到付款
2026-04-12 00:52,SA-405186,M00481,保健食品,娘家 益生菌,1080,信用卡
2026-04-14 02:31,SA-913719,M00949,美妝保養,資生堂 百優精純乳霜,2555,LinePay
2026-04-07 06:01,SA-482776,M00145,生活居家,宜得利 N-COOL涼感床墊,1221,街口支付
2026-04-08 15:35,SA-602862,M00653,生活居家,3M 淨水器濾心,2322,信用卡
2026-04-12 02:33,SA-472157,M00962,3C家電,LG 掃地機器人,14476,街口支付
2026-04-17 04:42,SA-868271,M01460,美妝保養,蘭蔻 極光水,3371,信用卡
2026-04-27 19:32,SA-448292,M01317,服飾配件,Ray-Ban 飛行員太陽眼鏡,5491,超商貨到付款
2026-04-06 09:15,SA-344126,M01070,生活居家,宜得利 N-COOL涼感床墊,1235,信用卡
2026-04-22 07:05,SA-563870,M01286,生活居家,TOTO 溫水洗淨便座,9021,信用卡
2026-04-23 23:36,SA-173699,M00663,美妝保養,SK-II 青春露,5773,信用卡
2026-04-06 10:09,SA-392686,M00942,3C家電,Dyson 吹風機,14232,信用卡
2026-04-22 19:53,SA-314685,M01462,美妝保養,蘭蔻 極光水,3384,信用卡
2026-04-22 20:17,SA-631923,M00359,美妝保養,資生堂 百優精純乳霜,2588,信用卡
2026-04-30 05:45,SA-519724,M00785,3C家電,Nintendo Switch,9585,信用卡
2026-04-03 06:29,SA-979132,M01204,生活居家,3M 淨水器濾心,2467,信用卡
2026-04-08 01:43,SA-122486,M00649,服飾配件,Nike Air Force 1,3118,信用卡
2026-04-24 21:30,SA-243936,M00647,生活居家,TOTO 溫水洗淨便座,9181,LinePay
2026-04-07 23:41,SA-232714,M01319,美妝保養,理膚寶水 B5全面修復霜,834,信用卡
2026-04-11 14:19,SA-858579,M00836,美妝保養,理膚寶水 B5全面修復霜,856,LinePay
2026-04-12 16:41,SA-896006,M01468,母嬰用品,Joie 輕量雙向推車,6362,街口支付
2026-04-25 18:22,SA-829255,M00094,生活居家,TOTO 溫水洗淨便座,9788,超商貨到付款
2026-04-30 19:16,SA-310977,M00144,3C家電,Nintendo Switch,9653,LinePay
2026-04-02 12:33,SA-805995,M00252,3C家電,Nintendo Switch,8915,LinePay
2026-04-25 16:50,SA-672870,M00687,3C家電,iPhone 15 Pro,35721,信用卡
2026-04-22 13:10,SA-940706,M00831,美妝保養,資生堂 百優精純乳霜,2612,街口支付
2026-04-22 02:56,SA-241079,M01390,服飾配件,Uniqlo 極暖發熱衣,752,超商貨到付款
2026-04-03 22:48,SA-175375,M00958,美妝保養,蘭蔻 極光水,3555,街口支付
2026-04-22 12:36,SA-137633,M00540,3C家電,Nintendo Switch,9604,信用卡
2026-04-27 18:49,SA-827373,M00189,服飾配件,Uniqlo 極暖發熱衣,786,信用卡
2026-04-13 20:01,SA-252549,M00391,3C家電,Dyson 吹風機,14460,信用卡
2026-04-08 06:47,SA-402830,M00321,3C家電,iPhone 15 Pro,35950,LinePay
2026-04-10 12:24,SA-576217,M00988,服飾配件,Uniqlo 極暖發熱衣,769,信用卡
2026-04-22 11:39,SA-347947,M01157,美妝保養,雅詩蘭黛 小棕瓶,3876,信用卡
2026-04-10 15:47,SA-832044,M00496,服飾配件,Ray-Ban 飛行員太陽眼鏡,5377,ATM轉帳
2026-04-13 12:55,SA-315666,M00258,母嬰用品,Joie 輕量雙向推車,6656,信用卡
2026-04-12 22:38,SA-648949,M00061,母嬰用品,Joie 輕量雙向推車,6263,街口支付
2026-04-24 02:35,SA-968476,M01420,3C家電,LG 掃地機器人,15822,街口支付
2026-04-25 09:03,SA-401897,M00865,服飾配件,Ray-Ban 飛行員太陽眼鏡,5236,信用卡
2026-04-26 14:43,SA-465717,M00485,服飾配件,G-Shock 經典運動錶,2985,信用卡
2026-04-18 01:43,SA-610891,M00693,母嬰用品,貝親 寬口玻璃奶瓶,527,ATM轉帳
2026-04-22 15:53,SA-921209,M00372,美妝保養,蘭蔻 極光水,3479,街口支付
2026-04-03 18:17,SA-508954,M00783,服飾配件,Uniqlo 極暖發熱衣,742,街口支付
2026-04-12 07:22,SA-606802,M01252,美妝保養,資生堂 百優精純乳霜,2708,LinePay
2026-04-23 01:25,SA-436989,M00617,美妝保養,理膚寶水 B5全面修復霜,794,LinePay
2026-04-27 04:32,SA-457457,M01112,3C家電,Nintendo Switch,9727,超商貨到付款
2026-04-04 22:18,SA-323836,M01166,美妝保養,蘭蔻 極光水,3325,超商貨到付款
2026-04-16 03:23,SA-913272,M00792,服飾配件,G-Shock 經典運動錶,2981,LinePay
2026-04-22 04:57,SA-679924,M00795,保健食品,善存 綜合維他命,917,信用卡
2026-04-04 11:25,SA-383595,M00553,保健食品,白蘭氏 雙認證雞精(盒),1350,街口支付
2026-04-23 21:59,SA-662806,M01315,生活居家,無印良品 PP收納盒,432,LinePay
2026-04-30 11:33,SA-282312,M00949,美妝保養,SK-II 青春露,6017,信用卡
2026-04-23 07:32,SA-795619,M00623,母嬰用品,Joie 輕量雙向推車,6722,信用卡
2026-04-01 21:32,SA-871639,M00439,母嬰用品,貝親 寬口玻璃奶瓶,544,信用卡
2026-04-01 10:18,SA-266078,M00860,3C家電,iPhone 15 Pro,33498,ATM轉帳
2026-04-17 08:27,SA-317953,M00356,3C家電,iPhone 15 Pro,36008,LinePay
2026-04-29 09:59,SA-515142,M00975,服飾配件,Levi's 501牛仔褲,3699,LinePay
2026-04-26 09:57,SA-251399,M01332,生活居家,TOTO 溫水洗淨便座,8912,信用卡
2026-04-21 15:50,SA-369612,M00041,生活居家,宜得利 N-COOL涼感床墊,1191,超商貨到付款
2026-04-11 20:32,SA-494332,M00477,3C家電,Apple Watch S9,13299,LinePay
2026-04-04 09:39,SA-947948,M00200,服飾配件,Nike Air Force 1,3123,超商貨到付款
2026-04-06 13:32,SA-897223,M00228,美妝保養,資生堂 百優精純乳霜,2652,信用卡
2026-04-27 05:04,SA-164321,M01127,3C家電,iPhone 15 Pro,35257,信用卡
2026-04-30 07:41,SA-586471,M01078,美妝保養,SK-II 青春露,5789,信用卡
2026-04-10 06:46,SA-283138,M00620,母嬰用品,明治 金選奶粉,733,超商貨到付款
2026-04-16 09:49,SA-430232,M00693,生活居家,宜得利 N-COOL涼感床墊,1259,信用卡
2026-04-20 19:28,SA-197265,M01495,美妝保養,資生堂 百優精純乳霜,2731,信用卡
2026-04-25 23:06,SA-440645,M00897,美妝保養,雅詩蘭黛 小棕瓶,4166,街口支付
2026-04-21 23:40,SA-590027,M00383,生活居家,TOTO 溫水洗淨便座,9143,信用卡
2026-04-07 16:03,SA-902580,M01474,美妝保養,蘭蔻 極光水,3421,信用卡
2026-04-04 16:21,SA-788752,M01021,服飾配件,Uniqlo 極暖發熱衣,781,信用卡
2026-04-05 14:04,SA-270470,M00281,服飾配件,Ray-Ban 飛行員太陽眼鏡,5340,街口支付
2026-04-01 03:59,SA-757386,M00722,3C家電,Nintendo Switch,8809,信用卡
2026-04-19 13:53,SA-452200,M00137,美妝保養,資生堂 百優精純乳霜,2647,ATM轉帳
2026-04-18 07:52,SA-455185,M01159,母嬰用品,幫寶適 一級幫紙尿褲(箱),1525,LinePay
2026-04-17 03:09,SA-703764,M00813,母嬰用品,明治 金選奶粉,697,信用卡
2026-04-15 04:07,SA-701902,M01422,3C家電,Nintendo Switch,9659,超商貨到付款
2026-04-11 16:11,SA-995678,M00837,生活居家,宜得利 N-COOL涼感床墊,1199,信用卡
2026-04-17 00:06,SA-504171,M01477,美妝保養,資生堂 百優精純乳霜,2582,超商貨到付款
2026-04-24 19:07,SA-908136,M00214,服飾配件,Levi's 501牛仔褲,3880,信用卡
2026-04-25 09:44,SA-747923,M00387,生活居家,無印良品 PP收納盒,435,LinePay
2026-04-15 18:43,SA-376736,M01412,3C家電,iPhone 15 Pro,34341,信用卡
2026-04-24 22:18,SA-754872,M01129,服飾配件,G-Shock 經典運動錶,2881,信用卡
2026-04-10 22:47,SA-693348,M00037,母嬰用品,貝親 寬口玻璃奶瓶,534,超商貨到付款
2026-04-11 15:24,SA-998241,M00365,美妝保養,SK-II 青春露,5850,街口支付
2026-04-14 18:40,SA-619747,M00335,生活居家,TOTO 溫水洗淨便座,9332,信用卡
2026-04-07 18:49,SA-491196,M00148,母嬰用品,Combi 奶瓶消毒鍋,3085,超商貨到付款
2026-04-14 13:16,SA-238798,M00111,保健食品,娘家 大紅麴,2471,信用卡
2026-04-10 13:43,SA-478966,M01384,服飾配件,Levi's 501牛仔褲,3784,信用卡
2026-04-24 12:29,SA-184229,M00935,3C家電,Dyson 吹風機,13690,信用卡
2026-04-13 15:25,SA-452786,M00462,美妝保養,理膚寶水 B5全面修復霜,843,LinePay
2026-04-27 15:11,SA-473747,M00621,母嬰用品,Combi 奶瓶消毒鍋,3271,超商貨到付款
2026-04-01 12:02,SA-165748,M00468,3C家電,Nintendo Switch,9250,超商貨到付款
2026-04-09 11:10,SA-283634,M01086,服飾配件,Ray-Ban 飛行員太陽眼鏡,5245,LinePay
2026-04-12 10:40,SA-871084,M00097,美妝保養,蘭蔻 極光水,3281,信用卡
2026-04-18 20:06,SA-720054,M00816,保健食品,桂格 大燕麥片,234,信用卡
2026-04-01 09:42,SA-338914,M01103,美妝保養,理膚寶水 B5全面修復霜,840,信用卡
2026-04-30 03:54,SA-882334,M00563,3C家電,LG 掃地機器人,14789,信用卡
2026-04-13 19:31,SA-256129,M00306,服飾配件,Ray-Ban 飛行員太陽眼鏡,5066,信用卡
2026-04-16 16:29,SA-798598,M00791,母嬰用品,幫寶適 一級幫紙尿褲(箱),1584,LinePay
2026-04-20 01:44,SA-386007,M00701,生活居家,3M 淨水器濾心,2411,LinePay
2026-04-04 20:26,SA-307169,M01433,美妝保養,SK-II 青春露,6058,街口支付
2026-04-14 23:17,SA-722033,M00720,生活居家,宜得利 N-COOL涼感床墊,1214,LinePay
2026-04-13 00:48,SA-467391,M00718,生活居家,舒潔 抽取式衛生紙(箱),898,信用卡
2026-04-30 20:37,SA-523699,M01242,服飾配件,G-Shock 經典運動錶,3169,LinePay
2026-04-14 20:00,SA-717860,M00650,生活居家,3M 淨水器濾心,2413,街口支付
2026-04-30 21:14,SA-596801,M00267,服飾配件,Ray-Ban 飛行員太陽眼鏡,5177,LinePay
2026-04-28 03:28,SA-318641,M00824,3C家電,Apple Watch S9,13431,信用卡
2026-04-04 18:54,SA-406244,M00831,3C家電,Sony 降噪耳機,10252,街口支付
2026-04-15 10:57,SA-411525,M01422,3C家電,Nintendo Switch,9393,信用卡
2026-04-16 18:16,SA-905823,M00110,3C家電,Nintendo Switch,9257,信用卡
2026-04-06 15:08,SA-956717,M01237,3C家電,Nintendo Switch,8863,LinePay
2026-04-04 15:21,SA-806693,M00890,保健食品,桂格 大燕麥片,229,超商貨到付款
2026-04-27 02:15,SA-725367,M01054,服飾配件,Nike Air Force 1,3174,街口支付
2026-04-29 08:07,SA-525841,M01057,3C家電,Nintendo Switch,9121,超商貨到付款
2026-04-20 17:37,SA-508470,M01049,保健食品,白蘭氏 雙認證雞精(盒),1313,信用卡
2026-04-26 15:03,SA-232922,M01242,母嬰用品,幫寶適 一級幫紙尿褲(箱),1496,LinePay
2026-04-29 13:08,SA-267177,M00927,3C家電,LG 掃地機器人,14431,信用卡
2026-04-19 06:36,SA-833675,M01232,服飾配件,Levi's 501牛仔褲,3881,超商貨到付款
2026-04-11 22:57,SA-908793,M01428,保健食品,娘家 益生菌,1111,超商貨到付款
2026-04-16 22:01,SA-415297,M01444,3C家電,Sony 降噪耳機,10733,街口支付
2026-04-26 13:52,SA-613973,M00894,美妝保養,資生堂 百優精純乳霜,2712,信用卡
2026-04-29 19:37,SA-797415,M01055,美妝保養,資生堂 百優精純乳霜,2668,超商貨到付款
2026-04-02 13:14,SA-494642,M00108,生活居家,TOTO 溫水洗淨便座,9132,信用卡
2026-04-17 17:21,SA-990461,M01490,服飾配件,Levi's 501牛仔褲,3661,LinePay
2026-04-02 07:39,SA-509733,M00779,3C家電,LG 掃地機器人,14374,信用卡
2026-04-21 19:36,SA-702419,M00021,3C家電,LG 掃地機器人,15586,街口支付
2026-04-01 15:34,SA-624400,M00957,3C家電,Nintendo Switch,9541,信用卡
2026-04-25 01:15,SA-706037,M00223,服飾配件,Ray-Ban 飛行員太陽眼鏡,5456,LinePay
2026-04-09 12:45,SA-841213,M01475,美妝保養,雅詩蘭黛 小棕瓶,4064,信用卡
2026-04-08 10:14,SA-645428,M00809,3C家電,Apple Watch S9,13146,LinePay
2026-04-28 10:26,SA-495478,M00149,生活居家,TOTO 溫水洗淨便座,9117,街口支付
2026-04-29 11:29,SA-274749,M00501,美妝保養,理膚寶水 B5全面修復霜,847,信用卡
2026-04-09 15:14,SA-906270,M00283,美妝保養,資生堂 百優精純乳霜,2732,信用卡
2026-04-08 23:38,SA-171982,M00755,3C家電,Dyson 吹風機,14553,超商貨到付款
2026-04-23 18:31,SA-828029,M00591,3C家電,Nintendo Switch,9519,信用卡
2026-04-14 05:07,SA-569869,M01494,美妝保養,蘭蔻 極光水,3380,信用卡
2026-04-05 12:43,SA-185537,M00950,美妝保養,雅詩蘭黛 小棕瓶,3794,街口支付
2026-04-22 16:26,SA-419119,M00703,生活居家,宜得利 N-COOL涼感床墊,1203,信用卡
2026-04-27 14:03,SA-346364,M00398,美妝保養,資生堂 百優精純乳霜,2569,信用卡
2026-04-05 08:24,SA-759591,M00127,3C家電,Sony 降噪耳機,10725,信用卡
2026-04-20 19:26,SA-343169,M01235,服飾配件,Levi's 501牛仔褲,3709,信用卡
2026-04-24 13:37,SA-694150,M00206,美妝保養,蘭蔻 極光水,3452,超商貨到付款
2026-04-09 16:31,SA-599469,M00865,服飾配件,G-Shock 經典運動錶,3187,LinePay
2026-04-27 16:08,SA-494222,M01157,母嬰用品,幫寶適 一級幫紙尿褲(箱),1586,超商貨到付款
2026-04-17 03:29,SA-297116,M01220,服飾配件,Nike Air Force 1,3396,信用卡
2026-04-18 11:56,SA-275843,M00788,美妝保養,蘭蔻 極光水,3556,信用卡
2026-04-20 02:08,SA-967306,M00950,母嬰用品,幫寶適 一級幫紙尿褲(箱),1512,信用卡
2026-04-14 05:06,SA-474815,M00643,美妝保養,理膚寶水 B5全面修復霜,843,信用卡
2026-04-15 18:38,SA-568720,M00928,美妝保養,SK-II 青春露,5646,信用卡
2026-04-18 12:53,SA-824634,M00074,服飾配件,Uniqlo 極暖發熱衣,724,信用卡
2026-04-18 22:39,SA-115632,M00503,美妝保養,資生堂 百優精純乳霜,2659,信用卡
2026-04-20 18:41,SA-768501,M01122,美妝保養,雅詩蘭黛 小棕瓶,3843,信用卡
2026-04-27 07:05,SA-647546,M00013,服飾配件,Uniqlo 極暖發熱衣,768,信用卡
2026-04-25 12:29,SA-281998,M01453,生活居家,3M 淨水器濾心,2363,信用卡
2026-04-24 21:49,SA-997255,M00939,3C家電,Nintendo Switch,9176,LinePay
2026-04-28 05:12,SA-498950,M01292,3C家電,Apple Watch S9,12776,信用卡
2026-04-20 11:59,SA-363537,M01233,美妝保養,雅詩蘭黛 小棕瓶,3989,信用卡
2026-04-17 15:22,SA-504458,M01333,生活居家,無印良品 PP收納盒,416,信用卡
2026-04-14 17:27,SA-550216,M01240,服飾配件,Ray-Ban 飛行員太陽眼鏡,5209,LinePay
2026-04-01 07:42,SA-139210,M01031,服飾配件,Levi's 501牛仔褲,3655,街口支付
2026-04-06 14:56,SA-399183,M01453,母嬰用品,明治 金選奶粉,711,ATM轉帳
2026-04-01 10:56,SA-470706,M01055,母嬰用品,Joie 輕量雙向推車,6302,LinePay
2026-04-25 23:36,SA-734347,M00140,母嬰用品,明治 金選奶粉,704,信用卡
2026-04-30 23:19,SA-808313,M01402,3C家電,LG 掃地機器人,15253,LinePay
2026-04-21 04:45,SA-289801,M00182,服飾配件,Levi's 501牛仔褲,3762,信用卡
2026-04-23 20:15,SA-153738,M00165,保健食品,桂格 大燕麥片,238,LinePay
2026-04-17 00:46,SA-833745,M01482,3C家電,Nintendo Switch,9534,信用卡
2026-04-03 12:14,SA-682055,M00689,美妝保養,SK-II 青春露,6140,超商貨到付款
2026-04-14 16:44,SA-965778,M00669,保健食品,娘家 大紅麴,2401,信用卡
2026-04-12 05:54,SA-362670,M01306,服飾配件,Uniqlo 極暖發熱衣,761,信用卡
2026-04-23 20:46,SA-781229,M01113,美妝保養,資生堂 百優精純乳霜,2712,信用卡
2026-04-10 19:23,SA-876252,M00781,美妝保養,SK-II 青春露,5911,信用卡
2026-04-19 23:58,SA-867154,M00259,美妝保養,蘭蔻 極光水,3548,信用卡
2026-04-27 04:02,SA-123474,M00114,服飾配件,Levi's 501牛仔褲,3671,ATM轉帳
2026-04-28 01:47,SA-792765,M00310,服飾配件,Nike Air Force 1,3177,信用卡
2026-04-23 15:34,SA-314047,M00185,美妝保養,蘭蔻 極光水,3577,LinePay
2026-04-01 18:30,SA-934063,M00731,服飾配件,Ray-Ban 飛行員太陽眼鏡,5522,超商貨到付款
2026-04-25 06:31,SA-205497,M00152,保健食品,娘家 大紅麴,2567,信用卡
2026-04-21 13:45,SA-960955,M00352,服飾配件,Uniqlo 極暖發熱衣,767,信用卡
2026-04-24 22:27,SA-121241,M01106,3C家電,Apple Watch S9,12877,LinePay
2026-04-01 10:24,SA-723126,M00248,生活居家,無印良品 PP收納盒,430,LinePay
2026-04-09 13:53,SA-281716,M00130,美妝保養,資生堂 百優精純乳霜,2753,信用卡
2026-04-06 20:34,SA-806231,M00811,保健食品,白蘭氏 雙認證雞精(盒),1335,信用卡
2026-04-04 21:31,SA-387593,M00425,3C家電,Apple Watch S9,12286,LinePay
2026-04-28 15:40,SA-766782,M00040,美妝保養,雅詩蘭黛 小棕瓶,4162,LinePay
2026-04-12 10:31,SA-754648,M00743,3C家電,Dyson 吹風機,14518,信用卡
2026-04-11 20:18,SA-600468,M01040,服飾配件,Levi's 501牛仔褲,3817,信用卡
2026-04-23 03:30,SA-352124,M00561,母嬰用品,幫寶適 一級幫紙尿褲(箱),1537,LinePay
2026-04-13 08:06,SA-555673,M01400,美妝保養,理膚寶水 B5全面修復霜,834,信用卡
2026-04-20 00:39,SA-399631,M00308,3C家電,Apple Watch S9,12270,ATM轉帳
2026-04-07 17:30,SA-347644,M00616,3C家電,Apple Watch S9,12209,信用卡
2026-04-07 17:33,SA-964850,M01326,服飾配件,Levi's 501牛仔褲,3831,信用卡
2026-04-24 18:03,SA-247201,M01223,3C家電,Apple Watch S9,13044,信用卡
2026-04-29 21:19,SA-285310,M00662,3C家電,iPhone 15 Pro,35388,超商貨到付款
2026-04-30 04:58,SA-370834,M00464,生活居家,宜得利 N-COOL涼感床墊,1198,信用卡
2026-04-18 23:42,SA-966190,M01110,生活居家,3M 淨水器濾心,2310,信用卡
2026-04-17 07:37,SA-534092,M00281,服飾配件,Uniqlo 極暖發熱衣,784,LinePay
2026-04-14 08:24,SA-611165,M00537,母嬰用品,幫寶適 一級幫紙尿褲(箱),1489,超商貨到付款
2026-04-03 04:25,SA-208504,M00580,生活居家,宜得利 N-COOL涼感床墊,1189,LinePay
2026-04-27 17:27,SA-224027,M00206,服飾配件,Ray-Ban 飛行員太陽眼鏡,5308,信用卡
2026-04-09 01:34,SA-159326,M00194,生活居家,宜得利 N-COOL涼感床墊,1161,LinePay
2026-04-03 18:04,SA-694486,M00280,3C家電,Apple Watch S9,12678,信用卡
2026-04-25 09:35,SA-963369,M00732,美妝保養,蘭蔻 極光水,3252,LinePay
2026-04-15 10:19,SA-957708,M00703,美妝保養,SK-II 青春露,6200,信用卡
2026-04-17 11:30,SA-118583,M00169,生活居家,宜得利 N-COOL涼感床墊,1230,超商貨到付款
2026-04-12 19:44,SA-693852,M01447,美妝保養,資生堂 百優精純乳霜,2640,信用卡
2026-04-20 03:39,SA-364684,M00847,服飾配件,G-Shock 經典運動錶,3135,信用卡
2026-04-22 16:06,SA-895345,M00564,生活居家,TOTO 溫水洗淨便座,8995,信用卡
2026-04-23 06:43,SA-469189,M01057,美妝保養,蘭蔻 極光水,3286,超商貨到付款
2026-04-23 12:41,SA-939324,M00615,3C家電,Apple Watch S9,12163,LinePay
2026-04-10 19:55,SA-669831,M01104,美妝保養,雅詩蘭黛 小棕瓶,3793,LinePay
2026-04-02 01:02,SA-642881,M01073,生活居家,TOTO 溫水洗淨便座,9221,超商貨到付款
2026-04-29 09:07,SA-568805,M00307,母嬰用品,Joie 輕量雙向推車,6544,信用卡
2026-04-23 17:49,SA-337601,M00303,服飾配件,Uniqlo 極暖發熱衣,728,LinePay
2026-04-18 11:27,SA-865401,M01130,美妝保養,資生堂 百優精純乳霜,2723,LinePay
2026-04-11 19:00,SA-135470,M01275,生活居家,TOTO 溫水洗淨便座,9834,街口支付
2026-04-20 07:24,SA-603468,M01361,生活居家,宜得利 N-COOL涼感床墊,1229,LinePay
2026-04-28 22:55,SA-251958,M01344,生活居家,TOTO 溫水洗淨便座,9791,信用卡
2026-04-27 20:02,SA-123394,M00350,3C家電,Apple Watch S9,12587,LinePay
2026-04-29 23:20,SA-652552,M01142,保健食品,善存 綜合維他命,898,信用卡
2026-04-03 12:20,SA-522151,M00489,3C家電,Apple Watch S9,13203,信用卡
2026-04-25 21:36,SA-803293,M00901,保健食品,娘家 大紅麴,2415,超商貨到付款
2026-04-05 10:25,SA-108903,M00634,母嬰用品,幫寶適 一級幫紙尿褲(箱),1575,街口支付
2026-04-04 21:30,SA-748963,M00299,母嬰用品,Combi 奶瓶消毒鍋,2982,ATM轉帳
2026-04-21 08:05,SA-838919,M00311,母嬰用品,Joie 輕量雙向推車,6457,超商貨到付款
2026-04-07 19:04,SA-488125,M00430,美妝保養,雅詩蘭黛 小棕瓶,3789,LinePay
2026-04-30 02:06,SA-493734,M00239,母嬰用品,幫寶適 一級幫紙尿褲(箱),1461,超商貨到付款
2026-04-11 03:43,SA-407097,M00678,美妝保養,SK-II 青春露,6004,信用卡
2026-04-03 02:22,SA-369833,M01058,3C家電,Sony 降噪耳機,10613,信用卡
2026-04-15 00:38,SA-895713,M00126,美妝保養,資生堂 百優精純乳霜,2603,超商貨到付款
2026-04-05 03:06,SA-514361,M00321,服飾配件,G-Shock 經典運動錶,3140,LinePay
2026-04-11 11:38,SA-631484,M01374,生活居家,TOTO 溫水洗淨便座,9124,信用卡
2026-04-27 16:11,SA-182340,M01046,3C家電,Nintendo Switch,9016,LinePay
2026-04-28 00:07,SA-649354,M00730,美妝保養,資生堂 百優精純乳霜,2569,信用卡
2026-04-05 12:03,SA-492852,M00226,3C家電,iPhone 15 Pro,34605,LinePay
2026-04-08 12:55,SA-771447,M00636,美妝保養,資生堂 百優精純乳霜,2565,信用卡
2026-04-24 14:03,SA-480802,M01031,母嬰用品,Joie 輕量雙向推車,6196,LinePay
2026-04-30 22:56,SA-591643,M00587,生活居家,無印良品 PP收納盒,431,LinePay
2026-04-10 23:09,SA-792793,M00197,服飾配件,Nike Air Force 1,3151,超商貨到付款
2026-04-18 07:40,SA-730168,M00617,美妝保養,資生堂 百優精純乳霜,2763,信用卡
2026-04-24 18:13,SA-393525,M00856,服飾配件,Levi's 501牛仔褲,3902,信用卡
2026-04-28 04:43,SA-431278,M00167,美妝保養,理膚寶水 B5全面修復霜,805,信用卡
2026-04-16 07:13,SA-419576,M01427,服飾配件,Ray-Ban 飛行員太陽眼鏡,5420,信用卡
2026-04-19 21:32,SA-937032,M00517,3C家電,iPhone 15 Pro,35158,信用卡
2026-04-28 12:46,SA-977096,M00661,生活居家,宜得利 N-COOL涼感床墊,1258,超商貨到付款
2026-04-01 13:12,SA-436966,M01298,服飾配件,G-Shock 經典運動錶,3134,LinePay
2026-04-03 06:28,SA-797138,M00290,生活居家,宜得利 N-COOL涼感床墊,1272,LinePay
2026-04-20 21:46,SA-970253,M00072,母嬰用品,幫寶適 一級幫紙尿褲(箱),1549,信用卡
2026-04-27 04:13,SA-930385,M01396,服飾配件,G-Shock 經典運動錶,2967,信用卡
2026-04-14 04:51,SA-283792,M01050,保健食品,娘家 益生菌,1160,信用卡
2026-04-16 09:54,SA-555082,M01379,母嬰用品,貝親 寬口玻璃奶瓶,525,LinePay
2026-04-27 00:12,SA-518584,M01233,3C家電,iPhone 15 Pro,34351,街口支付
2026-04-11 06:46,SA-886553,M00748,3C家電,Apple Watch S9,12252,LinePay
2026-04-04 10:09,SA-531835,M00391,美妝保養,SK-II 青春露,5839,超商貨到付款
2026-04-22 18:00,SA-114808,M00445,服飾配件,Nike Air Force 1,3358,街口支付
2026-04-09 15:34,SA-225890,M00205,美妝保養,SK-II 青春露,6130,信用卡
2026-04-11 20:34,SA-711392,M00749,生活居家,3M 淨水器濾心,2441,信用卡
2026-04-06 16:24,SA-628995,M00812,3C家電,Nintendo Switch,8895,信用卡
2026-04-10 17:47,SA-853516,M00523,服飾配件,Uniqlo 極暖發熱衣,715,信用卡
2026-04-15 06:24,SA-781717,M01310,3C家電,Nintendo Switch,9147,LinePay
2026-04-12 01:13,SA-818256,M00317,3C家電,iPhone 15 Pro,33255,信用卡
2026-04-11 22:10,SA-117756,M00646,美妝保養,SK-II 青春露,5804,信用卡
2026-04-22 05:57,SA-672196,M00678,服飾配件,Nike Air Force 1,3241,LinePay
2026-04-15 10:12,SA-294886,M00647,3C家電,Nintendo Switch,9506,信用卡
2026-04-03 04:11,SA-597003,M00719,生活居家,TOTO 溫水洗淨便座,9831,信用卡
2026-04-30 11:22,SA-459344,M00823,3C家電,Sony 降噪耳機,10836,超商貨到付款
2026-04-10 14:41,SA-245193,M01256,3C家電,Sony 降噪耳機,9888,信用卡
2026-04-10 17:18,SA-531027,M01327,美妝保養,理膚寶水 B5全面修復霜,798,信用卡
2026-04-28 07:41,SA-320548,M00956,母嬰用品,幫寶適 一級幫紙尿褲(箱),1454,LinePay
2026-04-05 08:39,SA-797139,M00010,3C家電,Dyson 吹風機,13987,LinePay
2026-04-18 14:39,SA-235370,M00751,保健食品,娘家 大紅麴,2529,信用卡
2026-04-22 12:25,SA-966730,M00062,服飾配件,Uniqlo 極暖發熱衣,752,ATM轉帳
2026-04-09 22:03,SA-224347,M00529,生活居家,宜得利 N-COOL涼感床墊,1198,信用卡
2026-04-24 05:56,SA-696087,M00619,生活居家,3M 淨水器濾心,2467,信用卡
2026-04-22 20:54,SA-613839,M01266,保健食品,娘家 大紅麴,2556,LinePay
2026-04-26 23:12,SA-595008,M00991,3C家電,Apple Watch S9,12537,信用卡
2026-04-23 21:17,SA-671928,M00998,母嬰用品,貝親 寬口玻璃奶瓶,577,信用卡
2026-04-17 01:24,SA-148708,M01224,生活居家,無印良品 PP收納盒,405,LinePay
2026-04-30 22:39,SA-750370,M01129,服飾配件,Ray-Ban 飛行員太陽眼鏡,5068,超商貨到付款
2026-04-23 03:45,SA-254876,M01235,美妝保養,雅詩蘭黛 小棕瓶,4145,LinePay
2026-04-21 18:30,SA-238231,M00405,美妝保養,資生堂 百優精純乳霜,2669,街口支付
2026-04-17 18:42,SA-937825,M01235,3C家電,Apple Watch S9,12957,信用卡
2026-04-23 22:34,SA-755225,M01259,美妝保養,理膚寶水 B5全面修復霜,850,LinePay
2026-04-08 10:14,SA-747185,M00231,美妝保養,SK-II 青春露,5929,超商貨到付款
2026-04-02 11:33,SA-961674,M00877,美妝保養,資生堂 百優精純乳霜,2714,信用卡
2026-04-25 11:00,SA-518698,M00396,3C家電,Apple Watch S9,12460,街口支付
2026-04-07 09:53,SA-480042,M00849,母嬰用品,Joie 輕量雙向推車,6363,街口支付
2026-04-09 19:19,SA-956502,M01133,服飾配件,Ray-Ban 飛行員太陽眼鏡,5196,信用卡
2026-04-14 12:58,SA-664304,M00049,3C家電,Sony 降噪耳機,10573,信用卡
2026-04-20 20:01,SA-326380,M00338,美妝保養,雅詩蘭黛 小棕瓶,3835,信用卡
2026-04-12 06:29,SA-453222,M01318,3C家電,LG 掃地機器人,14378,LinePay
2026-04-13 16:47,SA-505173,M00742,生活居家,無印良品 PP收納盒,414,街口支付
2026-04-14 06:08,SA-248298,M00397,美妝保養,SK-II 青春露,6205,信用卡
2026-04-06 16:01,SA-705570,M01087,服飾配件,Ray-Ban 飛行員太陽眼鏡,5120,信用卡
2026-04-20 22:53,SA-390619,M00956,服飾配件,Ray-Ban 飛行員太陽眼鏡,5369,信用卡
2026-04-26 10:50,SA-909742,M00602,美妝保養,資生堂 百優精純乳霜,2610,街口支付
2026-04-26 17:31,SA-948977,M01081,母嬰用品,貝親 寬口玻璃奶瓶,559,LinePay
2026-04-13 12:33,SA-588242,M00009,3C家電,LG 掃地機器人,15208,信用卡
2026-04-27 04:05,SA-837069,M00576,服飾配件,Uniqlo 極暖發熱衣,789,信用卡
2026-04-24 21:32,SA-559639,M00360,美妝保養,資生堂 百優精純乳霜,2645,信用卡
2026-04-03 00:48,SA-327885,M00040,母嬰用品,貝親 寬口玻璃奶瓶,533,街口支付
2026-04-15 21:11,SA-667808,M00114,3C家電,iPhone 15 Pro,33469,街口支付
2026-04-03 17:18,SA-684550,M00832,美妝保養,雅詩蘭黛 小棕瓶,3911,LinePay
2026-04-13 05:12,SA-937124,M00317,3C家電,Dyson 吹風機,14130,超商貨到付款
2026-04-19 01:22,SA-901155,M00764,3C家電,LG 掃地機器人,14820,ATM轉帳
2026-04-17 03:45,SA-298317,M01384,美妝保養,SK-II 青春露,5822,信用卡
2026-04-01 03:53,SA-218005,M00603,保健食品,白蘭氏 雙認證雞精(盒),1354,信用卡
2026-04-07 11:06,SA-179988,M00410,美妝保養,雅詩蘭黛 小棕瓶,3929,信用卡
2026-04-11 23:05,SA-434926,M00263,生活居家,TOTO 溫水洗淨便座,9414,信用卡
2026-04-04 03:32,SA-866297,M01500,3C家電,Sony 降噪耳機,10326,信用卡
2026-04-04 10:34,SA-622213,M01062,3C家電,iPhone 15 Pro,34747,街口支付
2026-04-25 13:49,SA-510427,M01053,美妝保養,SK-II 青春露,6015,信用卡
2026-04-13 12:39,SA-913173,M00727,服飾配件,G-Shock 經典運動錶,3024,信用卡
2026-04-10 21:05,SA-745378,M00307,服飾配件,G-Shock 經典運動錶,3043,街口支付
2026-04-08 05:56,SA-903555,M00981,母嬰用品,Joie 輕量雙向推車,6790,信用卡
2026-04-27 20:03,SA-917091,M00606,母嬰用品,Joie 輕量雙向推車,6564,信用卡
2026-04-27 04:07,SA-849537,M00363,服飾配件,Ray-Ban 飛行員太陽眼鏡,5313,街口支付
2026-04-23 12:59,SA-403634,M01078,服飾配件,Uniqlo 極暖發熱衣,780,信用卡
2026-04-18 20:56,SA-784728,M01385,生活居家,無印良品 PP收納盒,406,超商貨到付款
2026-04-05 19:34,SA-203555,M01073,母嬰用品,明治 金選奶粉,727,LinePay
2026-04-30 10:31,SA-339700,M01408,3C家電,Apple Watch S9,12798,信用卡
2026-04-22 20:51,SA-458187,M00170,3C家電,Dyson 吹風機,13759,LinePay
2026-04-28 10:34,SA-815617,M00490,生活居家,無印良品 PP收納盒,438,LinePay
2026-04-10 17:57,SA-514718,M01306,母嬰用品,貝親 寬口玻璃奶瓶,534,信用卡
2026-04-16 19:50,SA-890135,M00715,3C家電,Nintendo Switch,9120,街口支付
2026-04-12 14:19,SA-784508,M00118,母嬰用品,Joie 輕量雙向推車,6433,LinePay
2026-04-20 11:03,SA-639339,M00239,服飾配件,Nike Air Force 1,3080,信用卡
2026-04-06 12:50,SA-645367,M00361,母嬰用品,幫寶適 一級幫紙尿褲(箱),1522,信用卡
2026-04-20 07:13,SA-144901,M00322,生活居家,TOTO 溫水洗淨便座,9374,信用卡
2026-04-22 03:11,SA-380197,M01051,保健食品,娘家 益生菌,1157,街口支付
2026-04-15 08:09,SA-494313,M01281,美妝保養,雅詩蘭黛 小棕瓶,3924,信用卡
2026-04-27 14:17,SA-856320,M00306,美妝保養,雅詩蘭黛 小棕瓶,3926,LinePay
2026-04-15 10:32,SA-248369,M01320,3C家電,Nintendo Switch,9282,信用卡
2026-04-09 11:47,SA-608874,M01269,服飾配件,Levi's 501牛仔褲,3826,超商貨到付款
2026-04-22 10:07,SA-484707,M00440,服飾配件,Ray-Ban 飛行員太陽眼鏡,5472,超商貨到付款
2026-04-18 16:29,SA-278141,M00334,3C家電,iPhone 15 Pro,35015,信用卡
2026-04-14 17:01,SA-927368,M00691,3C家電,Nintendo Switch,9749,街口支付
2026-04-11 19:21,SA-334250,M00690,美妝保養,資生堂 百優精純乳霜,2638,超商貨到付款
2026-04-29 08:08,SA-264185,M00920,生活居家,3M 淨水器濾心,2462,超商貨到付款
2026-04-27 11:03,SA-353734,M01055,母嬰用品,Joie 輕量雙向推車,6519,街口支付
2026-04-15 13:18,SA-472033,M01303,3C家電,Nintendo Switch,8952,超商貨到付款
2026-04-24 07:54,SA-196389,M00599,美妝保養,蘭蔻 極光水,3413,信用卡
2026-04-26 21:20,SA-837898,M00237,美妝保養,SK-II 青春露,5871,信用卡
2026-04-21 00:17,SA-749758,M00234,服飾配件,Uniqlo 極暖發熱衣,760,信用卡
2026-04-28 01:22,SA-731036,M00460,美妝保養,雅詩蘭黛 小棕瓶,4189,信用卡
2026-04-11 02:36,SA-347977,M00915,美妝保養,資生堂 百優精純乳霜,2793,信用卡
2026-04-13 12:17,SA-846152,M01216,美妝保養,雅詩蘭黛 小棕瓶,4051,街口支付
2026-04-18 01:15,SA-772715,M00063,美妝保養,雅詩蘭黛 小棕瓶,3837,街口支付
2026-04-09 23:38,SA-111778,M00495,美妝保養,資生堂 百優精純乳霜,2589,LinePay
2026-04-23 11:25,SA-295267,M00655,美妝保養,雅詩蘭黛 小棕瓶,4131,超商貨到付款
2026-04-17 15:11,SA-241296,M00337,服飾配件,Nike Air Force 1,3375,LinePay
2026-04-20 11:52,SA-323426,M01000,3C家電,Nintendo Switch,9564,街口支付
2026-04-27 21:27,SA-746950,M01151,服飾配件,Ray-Ban 飛行員太陽眼鏡,5076,信用卡
2026-04-22 04:27,SA-719217,M00828,美妝保養,雅詩蘭黛 小棕瓶,4000,街口支付
2026-04-24 01:53,SA-141538,M00134,服飾配件,G-Shock 經典運動錶,2997,信用卡
2026-04-11 01:36,SA-378025,M00947,服飾配件,Uniqlo 極暖發熱衣,719,超商貨到付款
2026-04-06 00:25,SA-763509,M00942,3C家電,Apple Watch S9,12732,信用卡
2026-04-09 13:32,SA-115121,M00090,母嬰用品,幫寶適 一級幫紙尿褲(箱),1544,超商貨到付款
2026-04-14 04:15,SA-170214,M00949,3C家電,Nintendo Switch,9339,信用卡
2026-04-13 21:18,SA-180975,M01111,母嬰用品,明治 金選奶粉,675,LinePay
2026-04-23 05:36,SA-145346,M01068,美妝保養,理膚寶水 B5全面修復霜,827,街口支付
2026-04-22 08:48,SA-144861,M00726,3C家電,Sony 降噪耳機,10500,信用卡
2026-04-13 08:42,SA-974838,M00784,母嬰用品,Joie 輕量雙向推車,6422,信用卡
2026-04-13 09:05,SA-404848,M01249,3C家電,iPhone 15 Pro,34329,LinePay
2026-04-30 22:52,SA-877778,M00174,美妝保養,雅詩蘭黛 小棕瓶,3914,超商貨到付款
2026-04-16 22:15,SA-637212,M00300,美妝保養,雅詩蘭黛 小棕瓶,3886,信用卡
2026-04-02 16:58,SA-485334,M01484,生活居家,無印良品 PP收納盒,406,超商貨到付款
2026-04-27 19:15,SA-920676,M01346,美妝保養,資生堂 百優精純乳霜,2675,信用卡
2026-04-24 03:50,SA-312380,M00272,保健食品,白蘭氏 雙認證雞精(盒),1379,信用卡
2026-04-28 08:16,SA-738384,M00745,美妝保養,資生堂 百優精純乳霜,2697,街口支付
2026-04-10 23:23,SA-268732,M00584,美妝保養,雅詩蘭黛 小棕瓶,3920,LinePay
2026-04-25 23:00,SA-913820,M00301,服飾配件,Ray-Ban 飛行員太陽眼鏡,5521,信用卡
2026-04-20 16:21,SA-905790,M00017,美妝保養,SK-II 青春露,5667,信用卡
2026-04-20 12:27,SA-294784,M01460,生活居家,無印良品 PP收納盒,436,超商貨到付款
2026-04-14 22:27,SA-196367,M01105,生活居家,TOTO 溫水洗淨便座,8983,LinePay
2026-04-05 14:03,SA-945644,M01321,服飾配件,Ray-Ban 飛行員太陽眼鏡,5328,信用卡
2026-04-07 14:28,SA-622639,M00363,服飾配件,Uniqlo 極暖發熱衣,768,信用卡
2026-04-14 22:25,SA-453985,M00875,美妝保養,理膚寶水 B5全面修復霜,792,信用卡
2026-04-26 07:22,SA-637032,M00008,服飾配件,Levi's 501牛仔褲,3716,信用卡
2026-04-06 00:09,SA-191672,M00845,3C家電,iPhone 15 Pro,34160,超商貨到付款
2026-04-16 18:25,SA-722080,M00448,生活居家,無印良品 PP收納盒,429,信用卡
2026-04-27 19:18,SA-503731,M00138,生活居家,舒潔 抽取式衛生紙(箱),849,超商貨到付款
2026-04-22 06:26,SA-294273,M00967,美妝保養,資生堂 百優精純乳霜,2672,信用卡
2026-04-07 06:32,SA-940236,M00348,3C家電,iPhone 15 Pro,33396,信用卡
2026-04-18 06:55,SA-831604,M01135,美妝保養,資生堂 百優精純乳霜,2661,信用卡
2026-04-21 19:59,SA-374226,M01145,3C家電,iPhone 15 Pro,36147,信用卡
2026-04-05 12:44,SA-704372,M01238,服飾配件,Ray-Ban 飛行員太陽眼鏡,5386,街口支付
2026-04-28 07:14,SA-779077,M00236,美妝保養,理膚寶水 B5全面修復霜,850,信用卡
2026-04-04 07:48,SA-967096,M01239,服飾配件,Levi's 501牛仔褲,3900,LinePay
2026-04-19 00:45,SA-661430,M00025,美妝保養,SK-II 青春露,5939,LinePay
2026-04-16 08:01,SA-879807,M00267,服飾配件,Uniqlo 極暖發熱衣,725,LinePay
2026-04-12 09:00,SA-781452,M00349,服飾配件,Uniqlo 極暖發熱衣,788,信用卡
2026-04-25 05:56,SA-771912,M01001,生活居家,舒潔 抽取式衛生紙(箱),887,信用卡
2026-04-01 14:06,SA-917556,M01350,3C家電,Nintendo Switch,9486,超商貨到付款
2026-04-14 18:10,SA-346997,M01122,服飾配件,Levi's 501牛仔褲,3641,超商貨到付款
2026-04-29 15:31,SA-776580,M00071,3C家電,Apple Watch S9,12656,信用卡
2026-04-08 00:05,SA-751083,M00025,3C家電,Sony 降噪耳機,10832,LinePay
2026-04-04 12:34,SA-419196,M01048,美妝保養,理膚寶水 B5全面修復霜,852,LinePay
2026-04-29 19:53,SA-742210,M00089,生活居家,3M 淨水器濾心,2378,信用卡
2026-04-17 02:14,SA-895417,M00126,3C家電,Dyson 吹風機,13660,信用卡
2026-04-05 03:31,SA-515823,M00946,美妝保養,雅詩蘭黛 小棕瓶,4176,信用卡
2026-04-25 10:22,SA-569759,M01277,美妝保養,理膚寶水 B5全面修復霜,853,超商貨到付款
2026-04-11 16:46,SA-481674,M01077,生活居家,舒潔 抽取式衛生紙(箱),812,信用卡
2026-04-03 05:42,SA-786879,M01280,3C家電,LG 掃地機器人,15460,LinePay
2026-04-08 14:53,SA-466692,M01480,3C家電,Dyson 吹風機,14530,街口支付
2026-04-24 02:09,SA-419902,M00568,母嬰用品,Combi 奶瓶消毒鍋,2988,超商貨到付款
2026-04-08 06:49,SA-739360,M01093,3C家電,LG 掃地機器人,14329,信用卡
2026-04-11 03:57,SA-349041,M00747,母嬰用品,Combi 奶瓶消毒鍋,3134,LinePay
2026-04-24 10:45,SA-364800,M01153,生活居家,3M 淨水器濾心,2406,街口支付
2026-04-26 14:17,SA-798924,M00350,服飾配件,Nike Air Force 1,3142,信用卡
2026-04-03 15:55,SA-450118,M00925,服飾配件,G-Shock 經典運動錶,3032,信用卡
2026-04-17 20:26,SA-135999,M00928,生活居家,宜得利 N-COOL涼感床墊,1231,街口支付
2026-04-05 01:44,SA-357481,M00524,生活居家,舒潔 抽取式衛生紙(箱),898,街口支付
2026-04-23 01:53,SA-382098,M00210,美妝保養,蘭蔻 極光水,3563,街口支付
2026-04-03 08:17,SA-115886,M00852,服飾配件,G-Shock 經典運動錶,2963,信用卡
2026-04-23 06:31,SA-331508,M01337,美妝保養,SK-II 青春露,6236,LinePay
2026-04-17 09:49,SA-359907,M00601,服飾配件,Nike Air Force 1,3233,ATM轉帳
2026-04-01 08:53,SA-448337,M00027,3C家電,Dyson 吹風機,14298,信用卡
2026-04-23 09:28,SA-722336,M00353,服飾配件,Levi's 501牛仔褲,3834,LinePay
2026-04-28 15:39,SA-298335,M01133,生活居家,舒潔 抽取式衛生紙(箱),825,LinePay
2026-04-17 10:38,SA-222602,M00213,美妝保養,理膚寶水 B5全面修復霜,836,街口支付
2026-04-11 05:51,SA-683509,M00753,服飾配件,Ray-Ban 飛行員太陽眼鏡,5327,ATM轉帳
2026-04-11 01:43,SA-228116,M01230,3C家電,iPhone 15 Pro,33867,超商貨到付款
2026-04-16 19:25,SA-897591,M00482,3C家電,Apple Watch S9,12471,LinePay
2026-04-27 00:23,SA-505084,M01280,生活居家,3M 淨水器濾心,2264,信用卡
2026-04-22 16:31,SA-118728,M00313,美妝保養,SK-II 青春露,5656,信用卡
2026-04-12 12:35,SA-221452,M00565,母嬰用品,Combi 奶瓶消毒鍋,2993,信用卡
2026-04-18 20:53,SA-683424,M00275,服飾配件,Ray-Ban 飛行員太陽眼鏡,5259,信用卡
2026-04-27 17:38,SA-868638,M01166,美妝保養,蘭蔻 極光水,3479,信用卡
2026-04-06 04:15,SA-160458,M01295,3C家電,iPhone 15 Pro,34652,信用卡
2026-04-01 12:57,SA-478053,M01237,生活居家,無印良品 PP收納盒,428,信用卡
2026-04-23 22:26,SA-615003,M00482,美妝保養,雅詩蘭黛 小棕瓶,4064,信用卡
2026-04-27 18:10,SA-282754,M01031,保健食品,白蘭氏 雙認證雞精(盒),1294,LinePay
2026-04-03 12:26,SA-957871,M01157,美妝保養,理膚寶水 B5全面修復霜,799,ATM轉帳
2026-04-15 06:18,SA-591633,M01203,3C家電,Dyson 吹風機,14488,信用卡
2026-04-28 10:26,SA-988730,M00315,生活居家,宜得利 N-COOL涼感床墊,1257,LinePay
2026-04-05 04:14,SA-875537,M00978,服飾配件,Ray-Ban 飛行員太陽眼鏡,5168,信用卡
2026-04-05 16:55,SA-432107,M00793,服飾配件,Nike Air Force 1,3208,信用卡
2026-04-24 20:14,SA-877952,M00773,美妝保養,雅詩蘭黛 小棕瓶,3815,超商貨到付款
2026-04-20 04:01,SA-520293,M01121,3C家電,Sony 降噪耳機,10636,超商貨到付款
2026-04-30 11:18,SA-153792,M00906,3C家電,Sony 降噪耳機,10323,信用卡
2026-04-18 20:53,SA-888494,M01346,服飾配件,Nike Air Force 1,3206,信用卡
2026-04-10 20:19,SA-710971,M00393,美妝保養,資生堂 百優精純乳霜,2591,街口支付
2026-04-20 05:55,SA-841104,M00369,美妝保養,理膚寶水 B5全面修復霜,835,信用卡
2026-04-28 01:15,SA-623115,M00830,生活居家,宜得利 N-COOL涼感床墊,1242,信用卡
2026-04-04 21:09,SA-699207,M01469,服飾配件,Nike Air Force 1,3205,信用卡
2026-04-22 08:02,SA-185882,M00512,美妝保養,蘭蔻 極光水,3367,街口支付
2026-04-07 16:08,SA-294935,M00156,服飾配件,Uniqlo 極暖發熱衣,726,LinePay
2026-04-28 19:01,SA-469732,M00193,母嬰用品,幫寶適 一級幫紙尿褲(箱),1502,超商貨到付款
2026-04-18 11:14,SA-832600,M00954,生活居家,宜得利 N-COOL涼感床墊,1288,LinePay
2026-04-24 15:30,SA-256234,M01071,服飾配件,Uniqlo 極暖發熱衣,740,信用卡
2026-04-24 03:25,SA-285059,M01324,3C家電,LG 掃地機器人,15793,LinePay
2026-04-16 14:09,SA-282981,M01193,服飾配件,Nike Air Force 1,3156,LinePay
2026-04-26 00:36,SA-674104,M00166,美妝保養,理膚寶水 B5全面修復霜,871,超商貨到付款
2026-04-16 03:29,SA-224487,M01296,母嬰用品,貝親 寬口玻璃奶瓶,567,信用卡
2026-04-11 00:12,SA-649434,M00832,母嬰用品,貝親 寬口玻璃奶瓶,549,超商貨到付款
2026-04-14 09:08,SA-381602,M01313,服飾配件,Ray-Ban 飛行員太陽眼鏡,5161,信用卡
2026-04-02 08:16,SA-712837,M00207,生活居家,宜得利 N-COOL涼感床墊,1219,超商貨到付款
2026-04-14 09:29,SA-684827,M00560,服飾配件,G-Shock 經典運動錶,3087,信用卡
2026-04-27 22:37,SA-715100,M00401,服飾配件,G-Shock 經典運動錶,3112,ATM轉帳
2026-04-07 20:03,SA-584044,M01425,美妝保養,雅詩蘭黛 小棕瓶,3813,LinePay
2026-04-09 11:00,SA-924742,M00902,生活居家,舒潔 抽取式衛生紙(箱),849,信用卡
2026-04-26 21:01,SA-693311,M01340,3C家電,Apple Watch S9,12232,信用卡
2026-04-21 23:32,SA-920537,M01239,服飾配件,G-Shock 經典運動錶,3034,LinePay
2026-04-03 03:07,SA-360042,M01494,母嬰用品,明治 金選奶粉,743,信用卡
2026-04-04 15:46,SA-413724,M00043,生活居家,3M 淨水器濾心,2297,LinePay
2026-04-16 23:06,SA-186907,M00956,生活居家,3M 淨水器濾心,2464,信用卡
2026-04-05 01:23,SA-264933,M00363,3C家電,Apple Watch S9,13345,超商貨到付款
2026-04-16 09:14,SA-112758,M00492,母嬰用品,Combi 奶瓶消毒鍋,3246,街口支付
2026-04-03 17:35,SA-745679,M01162,3C家電,Nintendo Switch,9057,信用卡
2026-04-15 13:33,SA-905118,M01394,3C家電,LG 掃地機器人,14836,LinePay
2026-04-24 11:37,SA-820039,M00118,生活居家,無印良品 PP收納盒,445,街口支付
2026-04-11 23:52,SA-989718,M00633,美妝保養,蘭蔻 極光水,3546,LinePay
2026-04-23 08:39,SA-288716,M00199,3C家電,LG 掃地機器人,14734,超商貨到付款
2026-04-28 15:39,SA-315034,M01091,服飾配件,Uniqlo 極暖發熱衣,784,ATM轉帳
2026-04-09 06:19,SA-343570,M00592,母嬰用品,貝親 寬口玻璃奶瓶,564,信用卡
2026-04-21 22:07,SA-675277,M01260,母嬰用品,Joie 輕量雙向推車,6594,信用卡
2026-04-27 02:29,SA-782516,M00802,3C家電,Dyson 吹風機,14265,LinePay
2026-04-07 18:42,SA-340817,M00024,美妝保養,理膚寶水 B5全面修復霜,866,LinePay
2026-04-29 08:21,SA-800649,M00609,服飾配件,Nike Air Force 1,3061,信用卡
2026-04-14 07:54,SA-153056,M01442,生活居家,宜得利 N-COOL涼感床墊,1242,街口支付
2026-04-15 00:42,SA-384163,M00266,3C家電,iPhone 15 Pro,34939,信用卡
2026-04-18 15:11,SA-222506,M00771,生活居家,宜得利 N-COOL涼感床墊,1202,信用卡
2026-04-27 08:09,SA-968032,M00973,美妝保養,資生堂 百優精純乳霜,2530,信用卡
2026-04-19 12:47,SA-689905,M00742,生活居家,舒潔 抽取式衛生紙(箱),822,LinePay
2026-04-13 22:30,SA-106152,M01323,美妝保養,蘭蔻 極光水,3429,信用卡
2026-04-30 15:44,SA-939057,M00015,保健食品,娘家 大紅麴,2556,信用卡
2026-04-06 13:38,SA-127878,M01371,生活居家,宜得利 N-COOL涼感床墊,1193,信用卡
2026-04-12 21:43,SA-955531,M00854,生活居家,無印良品 PP收納盒,414,超商貨到付款
2026-04-10 01:08,SA-775788,M01466,生活居家,3M 淨水器濾心,2308,超商貨到付款
2026-04-08 01:08,SA-440414,M00128,母嬰用品,幫寶適 一級幫紙尿褲(箱),1593,LinePay
2026-04-27 07:32,SA-790505,M01110,3C家電,LG 掃地機器人,14495,信用卡
2026-04-14 13:00,SA-567840,M01451,美妝保養,雅詩蘭黛 小棕瓶,3962,信用卡
2026-04-05 04:44,SA-319282,M00428,服飾配件,Uniqlo 極暖發熱衣,721,信用卡
2026-04-24 09:13,SA-820908,M01203,3C家電,Apple Watch S9,12546,信用卡
2026-04-25 23:01,SA-126481,M00708,3C家電,Sony 降噪耳機,9812,信用卡
2026-04-05 19:58,SA-378365,M00747,美妝保養,雅詩蘭黛 小棕瓶,4194,信用卡
2026-04-15 03:15,SA-330729,M01462,3C家電,Apple Watch S9,12428,信用卡
2026-04-30 13:25,SA-989476,M00824,母嬰用品,貝親 寬口玻璃奶瓶,559,信用卡
2026-04-09 07:11,SA-843925,M01065,美妝保養,理膚寶水 B5全面修復霜,809,信用卡
2026-04-02 08:37,SA-438388,M00635,生活居家,舒潔 抽取式衛生紙(箱),828,超商貨到付款
2026-04-18 14:42,SA-221078,M01258,3C家電,Apple Watch S9,12992,信用卡
2026-04-14 18:48,SA-521752,M00455,3C家電,iPhone 15 Pro,34410,信用卡
2026-04-10 10:27,SA-922730,M00861,3C家電,iPhone 15 Pro,35368,街口支付
2026-04-22 06:10,SA-640880,M01106,美妝保養,理膚寶水 B5全面修復霜,816,信用卡
2026-04-30 20:44,SA-550545,M00635,生活居家,TOTO 溫水洗淨便座,9401,信用卡
2026-04-22 02:39,SA-591863,M01042,3C家電,Dyson 吹風機,13526,信用卡
2026-04-13 03:26,SA-847323,M01256,美妝保養,雅詩蘭黛 小棕瓶,4053,LinePay
2026-04-10 22:15,SA-515114,M01053,生活居家,TOTO 溫水洗淨便座,8979,超商貨到付款
2026-04-07 01:44,SA-399326,M00469,服飾配件,G-Shock 經典運動錶,3185,LinePay
2026-04-19 08:45,SA-596650,M00428,美妝保養,資生堂 百優精純乳霜,2667,LinePay
2026-04-21 03:13,SA-862199,M00783,服飾配件,Ray-Ban 飛行員太陽眼鏡,5566,信用卡
2026-04-12 17:46,SA-221169,M01022,美妝保養,蘭蔻 極光水,3489,超商貨到付款
2026-04-02 16:26,SA-642455,M01397,生活居家,3M 淨水器濾心,2441,信用卡
2026-04-15 05:34,SA-790458,M00513,服飾配件,Nike Air Force 1,3167,信用卡
2026-04-06 00:35,SA-897417,M00076,生活居家,舒潔 抽取式衛生紙(箱),877,LinePay
2026-04-05 06:49,SA-145368,M00013,母嬰用品,Combi 奶瓶消毒鍋,3185,超商貨到付款
2026-04-20 07:52,SA-180928,M01283,3C家電,Nintendo Switch,9297,信用卡
2026-04-17 16:02,SA-196498,M00408,3C家電,iPhone 15 Pro,34880,信用卡
2026-04-11 16:45,SA-733629,M00699,美妝保養,資生堂 百優精純乳霜,2580,信用卡
2026-04-22 16:02,SA-877068,M00193,母嬰用品,Joie 輕量雙向推車,6725,信用卡
2026-04-17 01:10,SA-534985,M00903,母嬰用品,Joie 輕量雙向推車,6534,LinePay
2026-04-21 08:45,SA-985723,M00334,3C家電,Sony 降噪耳機,10191,LinePay
2026-04-09 18:01,SA-798877,M01108,3C家電,Dyson 吹風機,14581,LinePay
2026-04-30 04:17,SA-963424,M00132,3C家電,Dyson 吹風機,14540,信用卡
2026-04-16 14:01,SA-415225,M00581,3C家電,Nintendo Switch,9683,街口支付
2026-04-13 22:58,SA-398880,M01315,生活居家,無印良品 PP收納盒,409,信用卡
2026-04-29 18:47,SA-387867,M01250,美妝保養,理膚寶水 B5全面修復霜,796,LinePay
2026-04-18 05:18,SA-419301,M00889,美妝保養,雅詩蘭黛 小棕瓶,4161,LinePay
2026-04-05 22:35,SA-290455,M00180,服飾配件,Ray-Ban 飛行員太陽眼鏡,5040,超商貨到付款
2026-04-23 22:50,SA-109950,M00590,服飾配件,Uniqlo 極暖發熱衣,724,超商貨到付款
2026-04-15 17:33,SA-917465,M00679,生活居家,無印良品 PP收納盒,419,ATM轉帳
2026-04-08 15:06,SA-357823,M00981,3C家電,LG 掃地機器人,14879,LinePay
2026-04-11 14:04,SA-938034,M00416,服飾配件,Levi's 501牛仔褲,3850,街口支付
2026-04-02 07:36,SA-277879,M00862,美妝保養,理膚寶水 B5全面修復霜,854,LinePay
2026-04-10 09:47,SA-582160,M00647,3C家電,iPhone 15 Pro,36556,信用卡
2026-04-11 14:50,SA-571593,M00119,美妝保養,蘭蔻 極光水,3336,信用卡
2026-04-22 05:24,SA-526439,M00751,生活居家,舒潔 抽取式衛生紙(箱),863,街口支付
2026-04-19 07:59,SA-711229,M00807,保健食品,娘家 益生菌,1193,信用卡
2026-04-10 19:08,SA-114053,M00957,母嬰用品,Combi 奶瓶消毒鍋,3182,信用卡
2026-04-20 02:07,SA-499082,M00986,生活居家,舒潔 抽取式衛生紙(箱),830,ATM轉帳
2026-04-29 07:29,SA-916558,M00639,母嬰用品,Joie 輕量雙向推車,6551,信用卡
2026-04-21 07:46,SA-124863,M00454,服飾配件,Uniqlo 極暖發熱衣,777,信用卡
2026-04-04 21:17,SA-928117,M00011,美妝保養,理膚寶水 B5全面修復霜,860,信用卡
2026-04-04 07:23,SA-460146,M01341,美妝保養,SK-II 青春露,5678,超商貨到付款
2026-04-03 09:31,SA-683144,M00238,生活居家,TOTO 溫水洗淨便座,9716,信用卡
2026-04-03 13:41,SA-555321,M01286,3C家電,Nintendo Switch,9693,信用卡
2026-04-26 06:42,SA-894307,M01340,生活居家,無印良品 PP收納盒,408,LinePay
2026-04-24 02:44,SA-697335,M00669,3C家電,LG 掃地機器人,15237,LinePay
2026-04-14 09:02,SA-254150,M01421,服飾配件,G-Shock 經典運動錶,3148,信用卡
2026-04-24 14:27,SA-902954,M00934,美妝保養,理膚寶水 B5全面修復霜,869,LinePay
2026-04-01 15:17,SA-765239,M00995,美妝保養,SK-II 青春露,6204,街口支付
2026-04-06 07:57,SA-875921,M00635,美妝保養,資生堂 百優精純乳霜,2526,LinePay
2026-04-04 23:46,SA-381131,M00296,母嬰用品,幫寶適 一級幫紙尿褲(箱),1442,信用卡
2026-04-28 03:51,SA-190174,M00297,3C家電,Apple Watch S9,12794,LinePay
2026-04-18 23:31,SA-426102,M01124,美妝保養,資生堂 百優精純乳霜,2717,信用卡
2026-04-20 16:44,SA-759519,M00147,保健食品,桂格 大燕麥片,237,信用卡
2026-04-30 09:14,SA-146498,M00710,生活居家,3M 淨水器濾心,2440,信用卡
2026-04-18 12:21,SA-581604,M00877,生活居家,無印良品 PP收納盒,410,信用卡
2026-04-29 03:52,SA-804985,M00106,母嬰用品,幫寶適 一級幫紙尿褲(箱),1576,信用卡
2026-04-23 03:34,SA-863028,M00037,美妝保養,蘭蔻 極光水,3363,ATM轉帳
2026-04-22 17:46,SA-389742,M00774,美妝保養,資生堂 百優精純乳霜,2763,信用卡
2026-04-03 17:19,SA-841671,M01029,生活居家,無印良品 PP收納盒,444,信用卡
2026-04-08 11:01,SA-181633,M01210,美妝保養,理膚寶水 B5全面修復霜,801,ATM轉帳
2026-04-29 20:04,SA-133616,M01298,3C家電,Apple Watch S9,12669,LinePay
2026-04-15 02:05,SA-244714,M00142,生活居家,宜得利 N-COOL涼感床墊,1206,街口支付
2026-04-23 17:47,SA-308641,M01352,服飾配件,Nike Air Force 1,3359,信用卡
2026-04-16 12:56,SA-596538,M00851,3C家電,Sony 降噪耳機,10780,信用卡
2026-04-02 19:43,SA-509433,M00872,服飾配件,Ray-Ban 飛行員太陽眼鏡,5167,超商貨到付款
2026-04-21 08:14,SA-818335,M00308,美妝保養,理膚寶水 B5全面修復霜,820,LinePay
2026-04-12 13:52,SA-451109,M01310,美妝保養,蘭蔻 極光水,3492,信用卡
2026-04-25 09:49,SA-319540,M01197,服飾配件,Uniqlo 極暖發熱衣,740,信用卡
2026-04-22 21:03,SA-496560,M00273,服飾配件,G-Shock 經典運動錶,2921,信用卡
2026-04-07 08:14,SA-659784,M01043,服飾配件,G-Shock 經典運動錶,2940,LinePay
2026-04-11 08:25,SA-868570,M01108,3C家電,Sony 降噪耳機,10187,LinePay
2026-04-20 17:27,SA-766493,M01029,3C家電,Sony 降噪耳機,10369,LinePay
2026-04-16 06:02,SA-822412,M00505,服飾配件,Levi's 501牛仔褲,3772,街口支付
2026-04-12 20:50,SA-721264,M00305,美妝保養,資生堂 百優精純乳霜,2678,LinePay
2026-04-05 17:16,SA-222695,M00886,3C家電,Apple Watch S9,12458,超商貨到付款
2026-04-01 19:15,SA-902599,M00855,母嬰用品,Joie 輕量雙向推車,6397,ATM轉帳
2026-04-20 14:37,SA-661754,M00454,生活居家,3M 淨水器濾心,2284,LinePay
2026-04-02 18:13,SA-420495,M01307,美妝保養,雅詩蘭黛 小棕瓶,3830,LinePay
2026-04-25 16:51,SA-606760,M00802,服飾配件,Uniqlo 極暖發熱衣,754,ATM轉帳
2026-04-13 23:52,SA-772552,M00036,母嬰用品,貝親 寬口玻璃奶瓶,530,信用卡
2026-04-25 16:30,SA-302380,M00498,美妝保養,雅詩蘭黛 小棕瓶,3821,LinePay
2026-04-12 05:15,SA-556477,M01100,3C家電,Apple Watch S9,12251,LinePay
2026-04-27 21:27,SA-187805,M00565,生活居家,舒潔 抽取式衛生紙(箱),863,LinePay
2026-04-09 05:32,SA-698458,M00938,服飾配件,Nike Air Force 1,3085,信用卡
2026-04-20 08:56,SA-270075,M00613,服飾配件,Ray-Ban 飛行員太陽眼鏡,5416,超商貨到付款
2026-04-03 18:41,SA-467216,M00753,美妝保養,蘭蔻 極光水,3445,LinePay
2026-04-04 21:21,SA-966535,M01336,服飾配件,G-Shock 經典運動錶,2938,信用卡
2026-04-13 19:05,SA-864497,M01203,服飾配件,Uniqlo 極暖發熱衣,742,街口支付
2026-04-17 00:23,SA-607691,M00638,服飾配件,Levi's 501牛仔褲,3651,街口支付
2026-04-09 09:27,SA-718565,M00847,母嬰用品,Combi 奶瓶消毒鍋,2998,超商貨到付款
2026-04-19 02:07,SA-528047,M00371,3C家電,Nintendo Switch,9515,信用卡
2026-04-29 04:22,SA-661820,M00409,3C家電,LG 掃地機器人,14952,信用卡
2026-04-03 00:30,SA-926826,M01166,美妝保養,SK-II 青春露,6131,信用卡
2026-04-09 07:22,SA-613642,M01192,3C家電,iPhone 15 Pro,34341,信用卡
2026-04-05 19:34,SA-404648,M00816,美妝保養,SK-II 青春露,5747,信用卡
2026-04-06 06:20,SA-412801,M00630,母嬰用品,Joie 輕量雙向推車,6449,信用卡
2026-04-18 05:54,SA-345216,M00560,美妝保養,SK-II 青春露,6085,LinePay
2026-04-14 05:06,SA-675090,M01466,服飾配件,Nike Air Force 1,3359,信用卡
2026-04-09 09:14,SA-133904,M00280,美妝保養,資生堂 百優精純乳霜,2743,信用卡
2026-04-15 10:34,SA-377253,M01145,美妝保養,理膚寶水 B5全面修復霜,799,街口支付
2026-04-14 09:51,SA-779445,M01439,美妝保養,SK-II 青春露,6088,信用卡
2026-04-14 07:14,SA-447451,M01204,3C家電,Nintendo Switch,9326,LinePay
2026-04-17 11:31,SA-206001,M01303,3C家電,Dyson 吹風機,13820,信用卡
2026-04-22 03:03,SA-521045,M00041,生活居家,TOTO 溫水洗淨便座,9769,街口支付
2026-04-24 08:56,SA-291366,M00064,服飾配件,G-Shock 經典運動錶,3169,信用卡
2026-04-21 09:47,SA-324245,M00112,美妝保養,雅詩蘭黛 小棕瓶,4009,LinePay
2026-04-27 08:15,SA-864296,M00535,3C家電,LG 掃地機器人,15318,信用卡
2026-04-17 07:28,SA-529973,M00969,3C家電,Nintendo Switch,8819,超商貨到付款
2026-04-03 10:22,SA-158571,M00499,3C家電,Nintendo Switch,8821,信用卡
2026-04-29 19:51,SA-464712,M00662,美妝保養,SK-II 青春露,5659,超商貨到付款
2026-04-09 21:35,SA-311421,M01171,3C家電,Apple Watch S9,13293,信用卡
2026-04-16 08:53,SA-161328,M01447,生活居家,宜得利 N-COOL涼感床墊,1283,信用卡
2026-04-10 17:10,SA-410831,M00715,服飾配件,G-Shock 經典運動錶,2971,信用卡
2026-04-04 16:06,SA-396690,M00409,3C家電,Apple Watch S9,13386,信用卡
2026-04-12 01:15,SA-127265,M00632,生活居家,TOTO 溫水洗淨便座,9639,超商貨到付款
2026-04-10 19:30,SA-234803,M01049,母嬰用品,Combi 奶瓶消毒鍋,3149,信用卡
2026-04-03 12:30,SA-124375,M00048,服飾配件,Ray-Ban 飛行員太陽眼鏡,5360,信用卡
2026-04-15 04:25,SA-809768,M01307,生活居家,宜得利 N-COOL涼感床墊,1265,信用卡
2026-04-19 14:36,SA-947222,M00033,服飾配件,Nike Air Force 1,3083,信用卡
2026-04-21 02:14,SA-449128,M00900,服飾配件,Ray-Ban 飛行員太陽眼鏡,5477,超商貨到付款
2026-04-29 09:54,SA-215470,M01386,服飾配件,Ray-Ban 飛行員太陽眼鏡,5292,超商貨到付款
2026-04-01 16:45,SA-450292,M00813,生活居家,TOTO 溫水洗淨便座,9357,信用卡
2026-04-15 01:38,SA-364959,M00724,母嬰用品,Combi 奶瓶消毒鍋,3036,LinePay
2026-04-09 03:16,SA-562186,M01458,母嬰用品,明治 金選奶粉,696,LinePay
2026-04-13 05:19,SA-669838,M00807,生活居家,舒潔 抽取式衛生紙(箱),855,ATM轉帳
2026-04-20 23:39,SA-732727,M01405,美妝保養,資生堂 百優精純乳霜,2792,街口支付
2026-04-14 10:26,SA-575653,M00742,母嬰用品,Combi 奶瓶消毒鍋,3252,信用卡
2026-04-24 23:20,SA-129944,M00834,服飾配件,Ray-Ban 飛行員太陽眼鏡,5190,LinePay
2026-04-19 15:01,SA-952111,M00887,保健食品,桂格 大燕麥片,216,LinePay
2026-04-06 20:52,SA-578839,M00659,3C家電,Dyson 吹風機,13507,LinePay
2026-04-13 00:34,SA-851807,M00910,美妝保養,資生堂 百優精純乳霜,2562,信用卡
2026-04-10 07:46,SA-737647,M00618,美妝保養,SK-II 青春露,5713,ATM轉帳
2026-04-19 10:45,SA-986206,M01165,服飾配件,Ray-Ban 飛行員太陽眼鏡,5213,信用卡
2026-04-05 12:43,SA-714211,M00841,3C家電,Dyson 吹風機,14368,信用卡
2026-04-29 13:52,SA-549185,M00954,3C家電,Dyson 吹風機,14557,信用卡
2026-04-24 20:39,SA-246811,M01497,服飾配件,Uniqlo 極暖發熱衣,735,LinePay
2026-04-24 11:15,SA-484872,M00893,3C家電,Sony 降噪耳機,10732,信用卡
2026-04-07 18:11,SA-655614,M00035,3C家電,LG 掃地機器人,15041,街口支付
2026-04-15 19:04,SA-446724,M01430,保健食品,娘家 大紅麴,2578,LinePay
2026-04-15 03:29,SA-652803,M00398,生活居家,宜得利 N-COOL涼感床墊,1174,超商貨到付款
2026-04-23 22:21,SA-818223,M01289,服飾配件,Uniqlo 極暖發熱衣,757,信用卡
2026-04-07 09:19,SA-443957,M00294,3C家電,LG 掃地機器人,14903,LinePay
2026-04-28 19:23,SA-948574,M01388,母嬰用品,明治 金選奶粉,730,信用卡
2026-04-29 05:38,SA-935373,M01390,生活居家,舒潔 抽取式衛生紙(箱),821,超商貨到付款
2026-04-23 04:35,SA-542543,M01375,服飾配件,G-Shock 經典運動錶,3022,LinePay
2026-04-04 18:49,SA-305792,M00599,生活居家,舒潔 抽取式衛生紙(箱),846,超商貨到付款
2026-04-04 01:28,SA-283516,M00887,美妝保養,蘭蔻 極光水,3588,LinePay
2026-04-01 02:20,SA-374276,M01198,服飾配件,Levi's 501牛仔褲,3697,信用卡
2026-04-11 08:23,SA-739166,M00267,美妝保養,資生堂 百優精純乳霜,2627,超商貨到付款
2026-04-22 22:22,SA-979059,M00598,3C家電,LG 掃地機器人,14629,LinePay
2026-04-02 04:01,SA-453623,M00201,美妝保養,理膚寶水 B5全面修復霜,861,信用卡
2026-04-16 04:23,SA-299026,M00491,生活居家,宜得利 N-COOL涼感床墊,1198,超商貨到付款
2026-04-15 08:29,SA-358559,M00365,服飾配件,G-Shock 經典運動錶,3039,LinePay
2026-04-18 09:30,SA-724066,M00884,3C家電,Sony 降噪耳機,9958,信用卡
2026-04-16 04:42,SA-354953,M01433,3C家電,LG 掃地機器人,14397,超商貨到付款
2026-04-07 05:15,SA-630729,M00275,生活居家,舒潔 抽取式衛生紙(箱),892,ATM轉帳
2026-04-25 10:14,SA-893877,M00837,服飾配件,Ray-Ban 飛行員太陽眼鏡,5177,信用卡
2026-04-14 16:47,SA-648692,M00346,3C家電,Apple Watch S9,12704,信用卡
2026-04-05 05:47,SA-653614,M00015,美妝保養,SK-II 青春露,5973,信用卡
2026-04-20 19:17,SA-266905,M00738,服飾配件,Uniqlo 極暖發熱衣,724,信用卡
2026-04-04 00:19,SA-219631,M00636,美妝保養,SK-II 青春露,5658,街口支付
2026-04-03 12:33,SA-543358,M00551,美妝保養,蘭蔻 極光水,3518,信用卡
2026-04-17 10:56,SA-127991,M00531,3C家電,LG 掃地機器人,15620,信用卡
2026-04-03 18:28,SA-862967,M00431,美妝保養,資生堂 百優精純乳霜,2560,信用卡
2026-04-05 05:23,SA-797903,M00521,母嬰用品,貝親 寬口玻璃奶瓶,572,超商貨到付款
2026-04-23 01:17,SA-749285,M01108,美妝保養,SK-II 青春露,5943,LinePay
2026-04-30 20:51,SA-940172,M00719,美妝保養,雅詩蘭黛 小棕瓶,3903,超商貨到付款
2026-04-22 22:16,SA-881168,M00999,生活居家,無印良品 PP收納盒,415,信用卡
2026-04-17 17:53,SA-200671,M00184,服飾配件,Uniqlo 極暖發熱衣,743,ATM轉帳
2026-04-05 10:40,SA-609688,M00692,生活居家,3M 淨水器濾心,2293,信用卡
2026-04-09 12:23,SA-269754,M00621,美妝保養,蘭蔻 極光水,3487,LinePay
2026-04-15 03:35,SA-432444,M00755,3C家電,Sony 降噪耳機,9891,信用卡
2026-04-10 02:32,SA-629609,M01279,保健食品,善存 綜合維他命,914,信用卡
2026-04-08 04:41,SA-884531,M01054,3C家電,Nintendo Switch,9642,LinePay
2026-04-11 10:25,SA-623964,M01020,服飾配件,Ray-Ban 飛行員太陽眼鏡,5590,街口支付
2026-04-16 11:05,SA-367528,M00652,3C家電,iPhone 15 Pro,35774,信用卡
2026-04-14 21:46,SA-743589,M01208,生活居家,3M 淨水器濾心,2307,信用卡
2026-04-07 12:28,SA-466078,M00650,美妝保養,雅詩蘭黛 小棕瓶,4192,超商貨到付款
2026-04-16 07:30,SA-356647,M00741,3C家電,Apple Watch S9,13188,超商貨到付款
2026-04-24 12:09,SA-695746,M00136,服飾配件,Levi's 501牛仔褲,3645,信用卡
2026-04-07 01:41,SA-833553,M01055,生活居家,舒潔 抽取式衛生紙(箱),849,超商貨到付款
2026-04-11 02:45,SA-917566,M00566,服飾配件,Uniqlo 極暖發熱衣,748,信用卡
2026-04-28 09:20,SA-373114,M00940,生活居家,TOTO 溫水洗淨便座,9229,信用卡
2026-04-02 23:30,SA-149893,M00992,美妝保養,資生堂 百優精純乳霜,2738,超商貨到付款
2026-04-03 14:57,SA-762691,M01021,3C家電,Sony 降噪耳機,10237,信用卡
2026-04-19 20:53,SA-968608,M00776,母嬰用品,幫寶適 一級幫紙尿褲(箱),1531,信用卡
2026-04-06 12:24,SA-926816,M00751,母嬰用品,貝親 寬口玻璃奶瓶,577,LinePay
2026-04-13 11:33,SA-316660,M00617,3C家電,Apple Watch S9,12580,信用卡
2026-04-06 21:06,SA-186726,M01391,服飾配件,Levi's 501牛仔褲,3796,信用卡
2026-04-03 09:03,SA-537545,M00907,服飾配件,Nike Air Force 1,3104,超商貨到付款
2026-04-02 17:43,SA-790978,M01429,生活居家,3M 淨水器濾心,2292,街口支付
2026-04-17 10:48,SA-559770,M01111,美妝保養,雅詩蘭黛 小棕瓶,3980,LinePay
2026-04-30 01:31,SA-384582,M00151,生活居家,舒潔 抽取式衛生紙(箱),893,LinePay
2026-04-23 23:43,SA-549457,M00349,3C家電,iPhone 15 Pro,34641,信用卡
2026-04-17 03:33,SA-758363,M01413,生活居家,舒潔 抽取式衛生紙(箱),882,信用卡
2026-04-19 10:52,SA-141754,M00927,生活居家,3M 淨水器濾心,2427,LinePay
2026-04-16 01:19,SA-932647,M00364,3C家電,Nintendo Switch,9461,信用卡
2026-04-16 16:40,SA-888990,M01367,美妝保養,資生堂 百優精純乳霜,2651,信用卡
2026-04-08 07:17,SA-820050,M00013,3C家電,LG 掃地機器人,15566,街口支付
2026-04-11 05:50,SA-968515,M00693,美妝保養,雅詩蘭黛 小棕瓶,4060,街口支付
2026-04-07 01:00,SA-477624,M00971,生活居家,TOTO 溫水洗淨便座,9584,超商貨到付款
2026-04-14 05:50,SA-389932,M00936,母嬰用品,幫寶適 一級幫紙尿褲(箱),1597,信用卡
2026-04-05 20:48,SA-732283,M01265,服飾配件,Uniqlo 極暖發熱衣,765,信用卡
2026-04-01 02:52,SA-549239,M00664,3C家電,Apple Watch S9,13174,信用卡
2026-04-26 09:26,SA-509841,M00727,服飾配件,Ray-Ban 飛行員太陽眼鏡,5580,超商貨到付款
2026-04-15 20:55,SA-423477,M00181,3C家電,Dyson 吹風機,14017,信用卡
2026-04-07 00:26,SA-199404,M00546,服飾配件,Levi's 501牛仔褲,3716,信用卡
2026-04-19 14:26,SA-690226,M00888,生活居家,3M 淨水器濾心,2408,信用卡
2026-04-01 20:53,SA-315304,M01222,美妝保養,資生堂 百優精純乳霜,2672,LinePay
2026-04-23 11:16,SA-186454,M00718,3C家電,LG 掃地機器人,14722,信用卡
2026-04-05 22:14,SA-928847,M01132,3C家電,iPhone 15 Pro,36469,ATM轉帳
2026-04-01 18:31,SA-918668,M01215,美妝保養,資生堂 百優精純乳霜,2775,街口支付
2026-04-16 03:43,SA-245967,M01070,3C家電,Nintendo Switch,9135,信用卡
2026-04-12 03:11,SA-645799,M00207,服飾配件,Uniqlo 極暖發熱衣,745,ATM轉帳
2026-04-13 17:38,SA-771419,M00706,美妝保養,SK-II 青春露,6244,LinePay
2026-04-15 15:35,SA-933674,M00316,服飾配件,Uniqlo 極暖發熱衣,745,LinePay
2026-04-08 01:20,SA-123242,M00993,服飾配件,Ray-Ban 飛行員太陽眼鏡,5326,信用卡
2026-04-18 09:02,SA-220985,M01490,美妝保養,SK-II 青春露,6113,信用卡
2026-04-09 12:36,SA-997342,M00650,母嬰用品,Combi 奶瓶消毒鍋,2991,LinePay
2026-04-15 08:05,SA-710916,M01324,3C家電,LG 掃地機器人,14974,信用卡
2026-04-06 19:53,SA-849587,M00687,美妝保養,蘭蔻 極光水,3497,信用卡
2026-04-17 02:38,SA-172128,M00138,美妝保養,資生堂 百優精純乳霜,2712,信用卡
2026-04-22 03:03,SA-888688,M00555,保健食品,娘家 益生菌,1092,LinePay
2026-04-05 13:20,SA-492149,M01110,3C家電,Apple Watch S9,12348,街口支付
2026-04-18 22:55,SA-796416,M00003,生活居家,舒潔 抽取式衛生紙(箱),847,信用卡
2026-04-14 07:40,SA-300675,M01283,生活居家,宜得利 N-COOL涼感床墊,1183,LinePay
2026-04-07 07:35,SA-540161,M00691,美妝保養,SK-II 青春露,5709,LinePay
2026-04-14 18:46,SA-347185,M00923,保健食品,白蘭氏 雙認證雞精(盒),1379,信用卡
2026-04-20 10:50,SA-892139,M01140,生活居家,TOTO 溫水洗淨便座,8972,LinePay
2026-04-08 06:06,SA-299978,M00395,3C家電,Dyson 吹風機,13267,超商貨到付款
2026-04-12 11:56,SA-787139,M00233,生活居家,TOTO 溫水洗淨便座,9079,信用卡
2026-04-22 06:03,SA-534146,M01387,生活居家,TOTO 溫水洗淨便座,9568,LinePay
2026-04-17 10:46,SA-852314,M00817,生活居家,3M 淨水器濾心,2423,LinePay
2026-04-20 23:51,SA-964417,M00717,美妝保養,雅詩蘭黛 小棕瓶,4001,LinePay
2026-04-02 23:41,SA-146447,M00616,3C家電,LG 掃地機器人,15359,LinePay
2026-04-06 15:05,SA-782380,M01220,服飾配件,G-Shock 經典運動錶,2932,超商貨到付款
2026-04-25 19:12,SA-554515,M01063,3C家電,Apple Watch S9,13391,信用卡
2026-04-20 23:21,SA-954539,M00380,服飾配件,Uniqlo 極暖發熱衣,738,LinePay
2026-04-29 21:18,SA-326071,M00706,3C家電,Nintendo Switch,9773,ATM轉帳
2026-04-09 03:22,SA-417359,M00370,3C家電,Dyson 吹風機,13812,超商貨到付款
2026-04-26 21:05,SA-287381,M00162,美妝保養,SK-II 青春露,6066,ATM轉帳
2026-04-10 23:21,SA-152348,M01021,3C家電,Apple Watch S9,13319,信用卡
2026-04-27 20:16,SA-179200,M01486,母嬰用品,Joie 輕量雙向推車,6559,信用卡
2026-04-21 15:07,SA-216029,M01313,服飾配件,G-Shock 經典運動錶,2893,信用卡
2026-04-30 20:29,SA-111938,M01329,服飾配件,Nike Air Force 1,3113,街口支付
2026-04-08 19:55,SA-902460,M01088,3C家電,Sony 降噪耳機,9841,信用卡
2026-04-05 10:06,SA-363258,M00215,服飾配件,G-Shock 經典運動錶,3134,ATM轉帳
2026-04-18 13:39,SA-482369,M01027,3C家電,LG 掃地機器人,15040,信用卡
2026-04-22 07:51,SA-966531,M01413,生活居家,宜得利 N-COOL涼感床墊,1214,信用卡
2026-04-17 17:03,SA-730741,M01064,服飾配件,Uniqlo 極暖發熱衣,779,信用卡
2026-04-16 17:58,SA-964360,M00792,3C家電,Sony 降噪耳機,10683,LinePay
2026-04-18 17:52,SA-614017,M01453,美妝保養,雅詩蘭黛 小棕瓶,4014,信用卡
2026-04-10 10:53,SA-353742,M01498,生活居家,宜得利 N-COOL涼感床墊,1284,信用卡
2026-04-10 03:57,SA-984154,M01014,美妝保養,SK-II 青春露,5768,信用卡
2026-04-07 07:58,SA-619025,M00118,3C家電,iPhone 15 Pro,34757,超商貨到付款
2026-04-27 05:01,SA-386060,M01058,美妝保養,雅詩蘭黛 小棕瓶,3900,信用卡
2026-04-01 00:27,SA-705090,M00674,3C家電,LG 掃地機器人,14311,信用卡
2026-04-24 00:40,SA-519070,M00394,美妝保養,蘭蔻 極光水,3362,信用卡
2026-04-09 18:19,SA-878583,M01059,保健食品,善存 綜合維他命,907,信用卡
2026-04-14 03:59,SA-783768,M00647,生活居家,3M 淨水器濾心,2359,LinePay
2026-04-03 17:30,SA-605718,M01300,保健食品,娘家 益生菌,1139,信用卡
2026-04-01 00:04,SA-579761,M00224,保健食品,桂格 大燕麥片,218,LinePay
2026-04-16 18:14,SA-112674,M01077,美妝保養,理膚寶水 B5全面修復霜,825,LinePay
2026-04-15 12:59,SA-353477,M01044,3C家電,Dyson 吹風機,13511,街口支付
2026-04-06 17:04,SA-720696,M01479,保健食品,娘家 益生菌,1122,LinePay
2026-04-23 08:22,SA-239015,M01310,3C家電,Sony 降噪耳機,10359,ATM轉帳
2026-04-17 08:55,SA-672247,M01364,母嬰用品,明治 金選奶粉,689,信用卡
2026-04-07 09:44,SA-549428,M00350,3C家電,iPhone 15 Pro,36429,LinePay
2026-04-09 14:26,SA-331747,M00093,美妝保養,雅詩蘭黛 小棕瓶,3995,信用卡
2026-04-11 13:43,SA-561526,M00609,3C家電,Nintendo Switch,9719,街口支付
2026-04-15 16:06,SA-914256,M00726,美妝保養,雅詩蘭黛 小棕瓶,4076,超商貨到付款
2026-04-08 19:07,SA-449138,M01407,3C家電,Sony 降噪耳機,10610,信用卡
2026-04-29 23:39,SA-571151,M01002,母嬰用品,Combi 奶瓶消毒鍋,3155,信用卡
2026-04-14 04:06,SA-272797,M00226,生活居家,無印良品 PP收納盒,445,信用卡
2026-04-25 00:45,SA-766384,M00360,服飾配件,G-Shock 經典運動錶,2941,超商貨到付款
2026-04-10 00:24,SA-782967,M01015,服飾配件,Nike Air Force 1,3103,ATM轉帳
2026-04-23 17:39,SA-382837,M00657,生活居家,宜得利 N-COOL涼感床墊,1182,LinePay
2026-04-24 18:16,SA-419681,M00418,美妝保養,資生堂 百優精純乳霜,2564,LinePay
2026-04-23 12:18,SA-826947,M00904,母嬰用品,Combi 奶瓶消毒鍋,3190,信用卡
2026-04-07 00:22,SA-194939,M00051,母嬰用品,Joie 輕量雙向推車,6200,超商貨到付款
2026-04-08 22:37,SA-522987,M01177,美妝保養,理膚寶水 B5全面修復霜,876,超商貨到付款
2026-04-29 08:07,SA-850887,M00392,服飾配件,Uniqlo 極暖發熱衣,773,信用卡
2026-04-20 01:16,SA-435704,M01015,美妝保養,資生堂 百優精純乳霜,2680,信用卡
2026-04-30 06:06,SA-374610,M01269,服飾配件,Uniqlo 極暖發熱衣,723,LinePay
2026-04-19 11:10,SA-671786,M01465,3C家電,Sony 降噪耳機,10825,信用卡
2026-04-16 09:53,SA-846405,M00294,服飾配件,G-Shock 經典運動錶,3030,超商貨到付款
2026-04-03 21:37,SA-684801,M01151,服飾配件,Uniqlo 極暖發熱衣,738,超商貨到付款
2026-04-03 06:58,SA-106552,M00972,服飾配件,G-Shock 經典運動錶,2905,信用卡
2026-04-22 23:58,SA-246664,M00412,母嬰用品,幫寶適 一級幫紙尿褲(箱),1556,信用卡
2026-04-04 06:36,SA-993544,M01185,母嬰用品,明治 金選奶粉,734,信用卡
2026-04-05 13:33,SA-410199,M01184,服飾配件,Ray-Ban 飛行員太陽眼鏡,5229,信用卡
2026-04-22 16:18,SA-640104,M01448,母嬰用品,貝親 寬口玻璃奶瓶,562,街口支付
2026-04-04 05:28,SA-311338,M01273,3C家電,Nintendo Switch,9623,LinePay
2026-04-08 04:53,SA-388975,M01216,生活居家,無印良品 PP收納盒,430,LinePay
2026-04-14 16:44,SA-169896,M00615,美妝保養,SK-II 青春露,6103,LinePay
2026-04-01 14:23,SA-975425,M00378,美妝保養,雅詩蘭黛 小棕瓶,4040,信用卡
2026-04-20 23:03,SA-598265,M01453,3C家電,iPhone 15 Pro,34724,LinePay
2026-04-30 06:00,SA-936964,M00844,保健食品,善存 綜合維他命,916,LinePay
2026-04-01 02:54,SA-686299,M01073,美妝保養,雅詩蘭黛 小棕瓶,3832,LinePay
2026-04-16 00:39,SA-750600,M00635,3C家電,Nintendo Switch,9521,LinePay
2026-04-16 16:42,SA-380561,M01200,3C家電,Sony 降噪耳機,9854,LinePay
2026-04-11 17:57,SA-418258,M00838,美妝保養,理膚寶水 B5全面修復霜,798,超商貨到付款
2026-04-19 16:23,SA-386171,M00063,3C家電,Apple Watch S9,13427,信用卡
2026-04-19 20:41,SA-427312,M00461,服飾配件,Nike Air Force 1,3068,超商貨到付款
2026-04-17 20:08,SA-508736,M00870,3C家電,LG 掃地機器人,15153,信用卡
2026-04-08 14:27,SA-452741,M01280,生活居家,無印良品 PP收納盒,449,超商貨到付款
2026-04-03 11:40,SA-245925,M00002,生活居家,舒潔 抽取式衛生紙(箱),885,LinePay
2026-04-04 07:36,SA-782292,M00488,3C家電,Sony 降噪耳機,10232,LinePay
2026-04-02 17:21,SA-504066,M00019,3C家電,Nintendo Switch,8959,信用卡
2026-04-16 08:28,SA-267545,M00695,母嬰用品,Combi 奶瓶消毒鍋,3266,信用卡
2026-04-05 15:49,SA-541792,M00308,美妝保養,雅詩蘭黛 小棕瓶,4066,LinePay
2026-04-18 09:24,SA-724008,M01363,保健食品,善存 綜合維他命,871,超商貨到付款
2026-04-05 02:01,SA-380523,M00496,3C家電,Sony 降噪耳機,10704,街口支付
2026-04-16 07:36,SA-837873,M01415,3C家電,LG 掃地機器人,15467,信用卡
2026-04-05 04:10,SA-382725,M00033,服飾配件,Ray-Ban 飛行員太陽眼鏡,5230,信用卡
2026-04-27 07:49,SA-372208,M00041,美妝保養,雅詩蘭黛 小棕瓶,3824,信用卡
2026-04-08 11:40,SA-970393,M00581,3C家電,iPhone 15 Pro,35768,信用卡
2026-04-22 12:54,SA-453238,M01028,3C家電,Sony 降噪耳機,9856,信用卡
2026-04-22 19:45,SA-793079,M01297,3C家電,Apple Watch S9,12345,信用卡
2026-04-23 16:19,SA-211139,M00887,美妝保養,資生堂 百優精純乳霜,2769,信用卡
2026-04-02 06:40,SA-203059,M01431,服飾配件,Uniqlo 極暖發熱衣,715,信用卡
2026-04-18 13:20,SA-692699,M01447,美妝保養,資生堂 百優精純乳霜,2787,LinePay
2026-04-30 03:28,SA-150274,M00857,母嬰用品,明治 金選奶粉,677,超商貨到付款
2026-04-11 14:51,SA-700035,M00101,母嬰用品,幫寶適 一級幫紙尿褲(箱),1494,LinePay
2026-04-03 02:59,SA-601160,M01075,母嬰用品,Combi 奶瓶消毒鍋,3102,信用卡
2026-04-09 12:57,SA-152230,M00876,生活居家,TOTO 溫水洗淨便座,9869,LinePay
2026-04-19 23:06,SA-229209,M00614,美妝保養,蘭蔻 極光水,3332,街口支付
2026-04-09 11:48,SA-852588,M01164,3C家電,Sony 降噪耳機,9942,信用卡
2026-04-25 07:46,SA-206068,M00199,服飾配件,Nike Air Force 1,3068,信用卡
2026-04-16 11:44,SA-241009,M00501,服飾配件,Uniqlo 極暖發熱衣,753,信用卡
2026-04-10 00:33,SA-290104,M00041,母嬰用品,貝親 寬口玻璃奶瓶,529,街口支付
2026-04-17 03:59,SA-327342,M00308,美妝保養,蘭蔻 極光水,3300,超商貨到付款
2026-04-30 10:44,SA-664115,M00323,服飾配件,Uniqlo 極暖發熱衣,732,LinePay
2026-04-07 07:08,SA-433480,M00174,母嬰用品,幫寶適 一級幫紙尿褲(箱),1590,超商貨到付款
2026-04-29 06:09,SA-659182,M00008,母嬰用品,Combi 奶瓶消毒鍋,3097,超商貨到付款
2026-04-12 04:27,SA-282662,M01440,保健食品,娘家 大紅麴,2430,LinePay
2026-04-22 03:58,SA-567015,M01204,母嬰用品,貝親 寬口玻璃奶瓶,529,信用卡
2026-04-15 15:32,SA-227262,M01294,3C家電,Dyson 吹風機,14512,信用卡
2026-04-14 06:58,SA-525524,M00271,3C家電,LG 掃地機器人,15346,LinePay
2026-04-14 10:01,SA-914151,M01419,生活居家,TOTO 溫水洗淨便座,8970,信用卡
2026-04-30 10:22,SA-225022,M01360,服飾配件,Uniqlo 極暖發熱衣,745,信用卡
2026-04-22 04:00,SA-425809,M00554,生活居家,TOTO 溫水洗淨便座,9877,街口支付
2026-04-07 11:17,SA-959779,M01343,生活居家,無印良品 PP收納盒,411,信用卡
2026-04-15 01:05,SA-354564,M00957,美妝保養,理膚寶水 B5全面修復霜,878,超商貨到付款
2026-04-21 02:06,SA-841752,M00338,美妝保養,蘭蔻 極光水,3435,超商貨到付款
2026-04-11 10:48,SA-386041,M01359,美妝保養,資生堂 百優精純乳霜,2727,信用卡
2026-04-18 12:04,SA-347687,M01214,保健食品,白蘭氏 雙認證雞精(盒),1328,LinePay
2026-04-07 05:26,SA-612739,M00552,3C家電,Nintendo Switch,9377,信用卡
2026-04-24 21:27,SA-743701,M00171,3C家電,Sony 降噪耳機,10654,街口支付
2026-04-05 23:42,SA-431299,M01217,美妝保養,雅詩蘭黛 小棕瓶,4094,信用卡
2026-04-22 09:05,SA-893599,M00278,美妝保養,理膚寶水 B5全面修復霜,796,信用卡
2026-04-10 18:17,SA-955645,M00318,3C家電,LG 掃地機器人,14440,超商貨到付款
2026-04-19 15:37,SA-953942,M01025,美妝保養,SK-II 青春露,6244,ATM轉帳
2026-04-05 10:30,SA-460060,M00294,美妝保養,蘭蔻 極光水,3500,信用卡
2026-04-12 19:49,SA-108729,M00720,生活居家,無印良品 PP收納盒,427,信用卡
2026-04-20 20:50,SA-490915,M00442,美妝保養,資生堂 百優精純乳霜,2727,超商貨到付款
2026-04-13 15:32,SA-826190,M00207,美妝保養,資生堂 百優精純乳霜,2658,超商貨到付款
2026-04-29 16:33,SA-100438,M01049,母嬰用品,貝親 寬口玻璃奶瓶,567,信用卡
2026-04-15 16:44,SA-619593,M01137,美妝保養,理膚寶水 B5全面修復霜,866,LinePay
2026-04-07 19:25,SA-619899,M01399,美妝保養,理膚寶水 B5全面修復霜,823,信用卡
2026-04-26 04:40,SA-969134,M00487,美妝保養,雅詩蘭黛 小棕瓶,3978,LinePay
2026-04-08 18:20,SA-164458,M00385,母嬰用品,幫寶適 一級幫紙尿褲(箱),1478,信用卡
2026-04-07 09:26,SA-840447,M00542,母嬰用品,幫寶適 一級幫紙尿褲(箱),1530,LinePay
2026-04-09 00:07,SA-128061,M01450,保健食品,善存 綜合維他命,905,信用卡
2026-04-28 03:08,SA-227992,M00740,生活居家,TOTO 溫水洗淨便座,9000,街口支付
2026-04-28 22:50,SA-341905,M01303,生活居家,3M 淨水器濾心,2242,LinePay
2026-04-25 22:29,SA-238922,M00567,服飾配件,Nike Air Force 1,3081,超商貨到付款
2026-04-05 12:14,SA-499382,M00379,服飾配件,Levi's 501牛仔褲,3881,LinePay
2026-04-02 06:15,SA-385903,M00478,服飾配件,Uniqlo 極暖發熱衣,737,信用卡
2026-04-09 16:24,SA-296469,M00472,3C家電,Sony 降噪耳機,10840,信用卡
2026-04-02 07:31,SA-105822,M00328,美妝保養,SK-II 青春露,6220,LinePay
2026-04-04 03:04,SA-732873,M00088,美妝保養,蘭蔻 極光水,3285,街口支付
2026-04-14 08:35,SA-343429,M00955,生活居家,3M 淨水器濾心,2465,信用卡
2026-04-22 13:52,SA-330686,M00297,母嬰用品,Joie 輕量雙向推車,6502,信用卡
2026-04-27 11:49,SA-485504,M00417,3C家電,iPhone 15 Pro,36214,LinePay
2026-04-18 11:11,SA-466812,M00767,美妝保養,雅詩蘭黛 小棕瓶,4127,信用卡
2026-04-30 20:43,SA-410213,M00919,3C家電,Dyson 吹風機,13833,超商貨到付款
2026-04-18 00:46,SA-791806,M00491,服飾配件,Ray-Ban 飛行員太陽眼鏡,5502,超商貨到付款
2026-04-25 08:37,SA-629989,M00022,3C家電,LG 掃地機器人,15158,LinePay
2026-04-08 14:30,SA-765236,M00611,美妝保養,SK-II 青春露,6028,信用卡
2026-04-29 19:38,SA-378300,M00758,3C家電,Apple Watch S9,12786,信用卡
2026-04-19 19:19,SA-443535,M01233,美妝保養,SK-II 青春露,5668,超商貨到付款
2026-04-03 21:05,SA-746946,M01227,母嬰用品,貝親 寬口玻璃奶瓶,566,信用卡
2026-04-29 02:45,SA-141821,M00551,美妝保養,SK-II 青春露,5963,信用卡
2026-04-11 23:51,SA-130883,M00966,服飾配件,Uniqlo 極暖發熱衣,748,超商貨到付款
2026-04-07 23:26,SA-640791,M01114,美妝保養,理膚寶水 B5全面修復霜,801,LinePay
2026-04-21 19:45,SA-228511,M01125,生活居家,TOTO 溫水洗淨便座,9374,信用卡
2026-04-22 09:25,SA-740849,M01466,服飾配件,Levi's 501牛仔褲,3736,LinePay
2026-04-07 18:24,SA-458280,M00012,保健食品,善存 綜合維他命,896,LinePay
2026-04-16 14:54,SA-977250,M00127,3C家電,Dyson 吹風機,13614,LinePay
2026-04-14 07:36,SA-332363,M01125,保健食品,桂格 大燕麥片,227,ATM轉帳
2026-04-24 09:22,SA-388597,M00633,美妝保養,蘭蔻 極光水,3275,街口支付
2026-04-06 01:00,SA-577307,M00912,生活居家,無印良品 PP收納盒,409,信用卡
2026-04-26 22:15,SA-805943,M00152,美妝保養,資生堂 百優精純乳霜,2537,街口支付
2026-04-25 04:01,SA-756729,M00906,生活居家,無印良品 PP收納盒,418,超商貨到付款
2026-04-27 08:23,SA-183492,M01476,母嬰用品,貝親 寬口玻璃奶瓶,558,LinePay
2026-04-02 02:25,SA-692942,M00735,生活居家,宜得利 N-COOL涼感床墊,1248,超商貨到付款
2026-04-30 23:12,SA-545813,M00301,3C家電,Dyson 吹風機,14501,街口支付
2026-04-18 19:42,SA-721619,M00286,3C家電,Dyson 吹風機,14051,超商貨到付款
2026-04-15 00:19,SA-395057,M00350,3C家電,iPhone 15 Pro,33455,信用卡
2026-04-30 02:39,SA-777324,M00445,服飾配件,Ray-Ban 飛行員太陽眼鏡,5103,LinePay
2026-04-01 20:10,SA-574060,M00378,服飾配件,Ray-Ban 飛行員太陽眼鏡,5389,LinePay
2026-04-24 09:30,SA-397002,M00940,母嬰用品,明治 金選奶粉,737,超商貨到付款
2026-04-26 05:39,SA-165085,M00098,生活居家,宜得利 N-COOL涼感床墊,1261,LinePay
2026-04-25 12:21,SA-309588,M00496,3C家電,Apple Watch S9,12614,信用卡
2026-04-11 17:33,SA-137144,M00248,生活居家,無印良品 PP收納盒,413,信用卡
2026-04-23 04:02,SA-398813,M00609,美妝保養,SK-II 青春露,6102,街口支付
2026-04-21 23:21,SA-838841,M00873,美妝保養,理膚寶水 B5全面修復霜,879,街口支付
2026-04-08 06:49,SA-627762,M00849,服飾配件,Nike Air Force 1,3353,超商貨到付款
2026-04-11 13:15,SA-427237,M00268,生活居家,無印良品 PP收納盒,435,信用卡
2026-04-15 18:50,SA-885132,M01023,服飾配件,Ray-Ban 飛行員太陽眼鏡,5104,信用卡
2026-04-04 14:34,SA-185972,M00739,3C家電,Nintendo Switch,9678,超商貨到付款
2026-04-08 10:53,SA-314502,M01134,生活居家,舒潔 抽取式衛生紙(箱),837,街口支付
2026-04-25 21:20,SA-923034,M01394,美妝保養,資生堂 百優精純乳霜,2731,信用卡
2026-04-17 03:39,SA-396889,M00437,美妝保養,SK-II 青春露,6129,LinePay
2026-04-10 04:34,SA-224835,M00601,服飾配件,G-Shock 經典運動錶,2980,LinePay
2026-04-08 11:49,SA-280937,M00144,3C家電,LG 掃地機器人,14786,LinePay
2026-04-15 03:37,SA-252707,M00094,美妝保養,SK-II 青春露,5729,信用卡
2026-04-28 19:30,SA-894076,M00398,生活居家,宜得利 N-COOL涼感床墊,1224,信用卡
2026-04-16 00:18,SA-873068,M00339,美妝保養,理膚寶水 B5全面修復霜,831,超商貨到付款
2026-04-06 02:08,SA-838576,M00964,母嬰用品,貝親 寬口玻璃奶瓶,544,LinePay
2026-04-23 12:47,SA-710553,M00977,美妝保養,蘭蔻 極光水,3306,信用卡
2026-04-05 15:49,SA-790605,M01281,3C家電,Apple Watch S9,12318,LinePay
2026-04-07 08:38,SA-453871,M00437,美妝保養,理膚寶水 B5全面修復霜,840,LinePay
2026-04-29 07:38,SA-553956,M00106,服飾配件,G-Shock 經典運動錶,3092,信用卡
2026-04-18 17:12,SA-574442,M01357,3C家電,LG 掃地機器人,15305,LinePay
2026-04-04 20:34,SA-658200,M00139,3C家電,Apple Watch S9,12172,信用卡
2026-04-28 05:26,SA-512788,M00155,生活居家,TOTO 溫水洗淨便座,9225,ATM轉帳
2026-04-19 19:03,SA-454228,M01099,美妝保養,資生堂 百優精純乳霜,2557,信用卡
2026-04-16 11:48,SA-765525,M01129,美妝保養,理膚寶水 B5全面修復霜,796,街口支付
2026-04-09 03:04,SA-497958,M00753,母嬰用品,貝親 寬口玻璃奶瓶,555,LinePay
2026-04-19 08:01,SA-535571,M00192,3C家電,iPhone 15 Pro,33308,LinePay
2026-04-13 02:48,SA-173382,M00239,美妝保養,理膚寶水 B5全面修復霜,863,信用卡
2026-04-08 18:15,SA-634724,M01317,美妝保養,蘭蔻 極光水,3383,LinePay
2026-04-09 22:47,SA-948915,M00706,保健食品,白蘭氏 雙認證雞精(盒),1322,超商貨到付款
2026-04-01 15:18,SA-586871,M00576,美妝保養,SK-II 青春露,5921,信用卡
2026-04-30 06:36,SA-984964,M00989,母嬰用品,Combi 奶瓶消毒鍋,3287,信用卡
2026-04-19 06:04,SA-323433,M01084,3C家電,iPhone 15 Pro,36782,LinePay
2026-04-02 06:39,SA-743273,M00799,3C家電,Sony 降噪耳機,10286,超商貨到付款
2026-04-14 23:30,SA-906387,M00525,美妝保養,資生堂 百優精純乳霜,2621,信用卡
2026-04-16 19:43,SA-739457,M00625,美妝保養,資生堂 百優精純乳霜,2676,信用卡
2026-04-11 10:05,SA-571500,M00270,美妝保養,理膚寶水 B5全面修復霜,829,超商貨到付款
2026-04-30 15:29,SA-725603,M00201,3C家電,Nintendo Switch,9546,超商貨到付款
2026-04-17 23:51,SA-129431,M00560,美妝保養,SK-II 青春露,5651,超商貨到付款
2026-04-03 03:00,SA-131448,M01187,母嬰用品,貝親 寬口玻璃奶瓶,542,信用卡
2026-04-06 10:32,SA-444317,M00918,保健食品,善存 綜合維他命,940,信用卡
2026-04-22 01:00,SA-796590,M00077,3C家電,Dyson 吹風機,14091,信用卡
2026-04-11 01:35,SA-994976,M01121,美妝保養,資生堂 百優精純乳霜,2795,LinePay
2026-04-22 13:36,SA-893775,M00824,3C家電,Dyson 吹風機,13871,ATM轉帳
2026-04-21 23:29,SA-336030,M01139,服飾配件,Ray-Ban 飛行員太陽眼鏡,5218,LinePay
2026-04-19 17:18,SA-606304,M01278,母嬰用品,貝親 寬口玻璃奶瓶,553,信用卡
2026-04-30 10:05,SA-362867,M00144,美妝保養,SK-II 青春露,5669,信用卡
2026-04-13 04:12,SA-937763,M01413,3C家電,Sony 降噪耳機,10461,信用卡
2026-04-27 04:47,SA-298035,M00128,3C家電,Sony 降噪耳機,10711,超商貨到付款
2026-04-22 06:37,SA-525684,M01262,3C家電,Nintendo Switch,9402,LinePay
2026-04-12 06:49,SA-943099,M00972,美妝保養,SK-II 青春露,5800,LinePay
2026-04-11 23:50,SA-116946,M00053,3C家電,iPhone 15 Pro,34170,超商貨到付款
2026-04-08 14:12,SA-456869,M00687,美妝保養,SK-II 青春露,5640,街口支付
2026-04-07 17:17,SA-434587,M01135,服飾配件,G-Shock 經典運動錶,2892,LinePay
2026-04-14 06:09,SA-838914,M00407,3C家電,iPhone 15 Pro,34370,信用卡
2026-04-21 21:21,SA-773960,M00979,服飾配件,Levi's 501牛仔褲,3852,信用卡
2026-04-12 13:11,SA-607815,M00911,美妝保養,理膚寶水 B5全面修復霜,857,信用卡
2026-04-02 19:44,SA-847761,M00971,3C家電,LG 掃地機器人,15099,信用卡
2026-04-26 21:32,SA-950901,M00864,服飾配件,Nike Air Force 1,3134,LinePay
2026-04-23 17:00,SA-621065,M01084,3C家電,Dyson 吹風機,13462,ATM轉帳
2026-04-26 01:55,SA-766474,M00487,美妝保養,蘭蔻 極光水,3245,街口支付
2026-04-05 00:59,SA-406523,M00309,美妝保養,雅詩蘭黛 小棕瓶,3784,LinePay
2026-04-21 19:11,SA-992901,M00823,3C家電,Nintendo Switch,8877,信用卡
2026-04-03 21:48,SA-852552,M00191,保健食品,娘家 大紅麴,2411,信用卡
2026-04-20 00:19,SA-819910,M00950,服飾配件,G-Shock 經典運動錶,3183,信用卡
2026-04-01 04:57,SA-148217,M00039,3C家電,iPhone 15 Pro,36484,街口支付
2026-04-05 09:03,SA-844051,M01350,母嬰用品,明治 金選奶粉,715,超商貨到付款
2026-04-09 09:15,SA-826007,M00264,服飾配件,G-Shock 經典運動錶,3041,信用卡
2026-04-05 16:44,SA-328082,M01136,3C家電,Nintendo Switch,8933,超商貨到付款
2026-04-13 03:30,SA-283774,M00126,生活居家,舒潔 抽取式衛生紙(箱),885,信用卡
2026-04-02 23:20,SA-217818,M01467,服飾配件,Nike Air Force 1,3318,LinePay
2026-04-02 06:12,SA-662404,M00832,母嬰用品,Combi 奶瓶消毒鍋,3218,信用卡
2026-04-22 01:44,SA-494553,M00989,美妝保養,SK-II 青春露,5662,ATM轉帳
2026-04-19 09:54,SA-840420,M01447,美妝保養,理膚寶水 B5全面修復霜,867,超商貨到付款
2026-04-09 05:21,SA-583446,M00306,美妝保養,蘭蔻 極光水,3482,信用卡
2026-04-19 04:20,SA-290680,M00467,母嬰用品,幫寶適 一級幫紙尿褲(箱),1578,超商貨到付款
2026-04-07 18:16,SA-860829,M01476,美妝保養,SK-II 青春露,5784,信用卡
2026-04-03 15:24,SA-470134,M00538,美妝保養,理膚寶水 B5全面修復霜,810,超商貨到付款
2026-04-10 07:40,SA-510934,M00795,母嬰用品,Joie 輕量雙向推車,6495,信用卡
2026-04-08 16:23,SA-234963,M00903,服飾配件,G-Shock 經典運動錶,3097,信用卡
2026-04-15 00:12,SA-359588,M00376,美妝保養,蘭蔻 極光水,3287,信用卡
2026-04-17 01:52,SA-906644,M01396,3C家電,Apple Watch S9,12410,LinePay
2026-04-25 22:18,SA-826920,M00329,3C家電,Sony 降噪耳機,10709,信用卡
2026-04-22 09:06,SA-270463,M01279,3C家電,Dyson 吹風機,13423,信用卡
2026-04-25 12:23,SA-839172,M00451,服飾配件,Ray-Ban 飛行員太陽眼鏡,5123,信用卡
2026-04-27 18:24,SA-940360,M00550,保健食品,娘家 益生菌,1158,信用卡
2026-04-10 02:17,SA-555358,M01261,生活居家,宜得利 N-COOL涼感床墊,1182,超商貨到付款
2026-04-08 06:43,SA-781659,M01423,美妝保養,雅詩蘭黛 小棕瓶,4080,LinePay
2026-04-27 10:38,SA-135342,M00354,服飾配件,Nike Air Force 1,3238,信用卡
2026-04-08 11:44,SA-294185,M01428,服飾配件,Uniqlo 極暖發熱衣,782,信用卡
2026-04-13 22:37,SA-486515,M01210,服飾配件,G-Shock 經典運動錶,2952,信用卡
2026-04-13 00:42,SA-629755,M00500,服飾配件,G-Shock 經典運動錶,3139,街口支付
2026-04-02 18:31,SA-360490,M00369,生活居家,TOTO 溫水洗淨便座,8964,信用卡
2026-04-01 22:16,SA-795488,M00119,美妝保養,資生堂 百優精純乳霜,2757,信用卡
2026-04-15 10:23,SA-942530,M00863,生活居家,TOTO 溫水洗淨便座,9370,超商貨到付款
2026-04-16 05:47,SA-903912,M00376,3C家電,LG 掃地機器人,14337,LinePay
2026-04-17 17:44,SA-430001,M00025,服飾配件,Nike Air Force 1,3262,超商貨到付款
2026-04-15 14:52,SA-999358,M00392,生活居家,TOTO 溫水洗淨便座,9241,信用卡
2026-04-17 17:45,SA-579693,M00846,生活居家,舒潔 抽取式衛生紙(箱),890,信用卡
2026-04-08 07:44,SA-747344,M00817,生活居家,TOTO 溫水洗淨便座,9593,信用卡
2026-04-09 20:42,SA-883555,M00596,美妝保養,資生堂 百優精純乳霜,2675,信用卡
2026-04-20 07:20,SA-275008,M00001,母嬰用品,幫寶適 一級幫紙尿褲(箱),1570,信用卡
2026-04-28 17:02,SA-943593,M01012,美妝保養,雅詩蘭黛 小棕瓶,4052,信用卡
2026-04-16 00:43,SA-326554,M01144,服飾配件,Ray-Ban 飛行員太陽眼鏡,5454,信用卡
2026-04-11 02:03,SA-766127,M00763,3C家電,Apple Watch S9,12404,街口支付
2026-04-21 18:00,SA-874558,M00548,服飾配件,Ray-Ban 飛行員太陽眼鏡,5359,超商貨到付款
2026-04-20 12:47,SA-878741,M00719,3C家電,Apple Watch S9,12380,LinePay
2026-04-05 21:41,SA-437975,M00991,母嬰用品,Combi 奶瓶消毒鍋,3258,信用卡
2026-04-02 03:22,SA-455763,M00843,美妝保養,雅詩蘭黛 小棕瓶,3909,街口支付
2026-04-30 04:51,SA-532514,M00477,母嬰用品,Joie 輕量雙向推車,6578,超商貨到付款
2026-04-21 02:46,SA-766613,M00096,美妝保養,資生堂 百優精純乳霜,2521,街口支付
2026-04-19 04:51,SA-414511,M00491,生活居家,宜得利 N-COOL涼感床墊,1288,信用卡
2026-04-03 23:13,SA-634228,M00291,服飾配件,Uniqlo 極暖發熱衣,768,信用卡
2026-04-14 07:47,SA-972888,M00325,美妝保養,雅詩蘭黛 小棕瓶,4010,街口支付
2026-04-13 03:42,SA-509692,M00104,服飾配件,G-Shock 經典運動錶,2951,信用卡
2026-04-14 01:58,SA-314766,M01480,3C家電,Sony 降噪耳機,10296,信用卡
2026-04-30 17:06,SA-169209,M00036,生活居家,TOTO 溫水洗淨便座,9665,LinePay
2026-04-17 09:49,SA-513558,M00188,美妝保養,SK-II 青春露,5631,信用卡
2026-04-24 17:06,SA-655048,M01005,服飾配件,Uniqlo 極暖發熱衣,754,信用卡
2026-04-13 02:26,SA-998744,M01048,3C家電,LG 掃地機器人,14866,信用卡
2026-04-23 01:45,SA-295272,M00972,生活居家,TOTO 溫水洗淨便座,9254,LinePay
2026-04-18 11:01,SA-362444,M00149,3C家電,Sony 降噪耳機,10645,LinePay
2026-04-19 05:01,SA-503332,M00703,美妝保養,SK-II 青春露,6185,超商貨到付款
2026-04-26 02:43,SA-283898,M00217,生活居家,3M 淨水器濾心,2396,信用卡
2026-04-12 18:10,SA-105425,M00180,3C家電,iPhone 15 Pro,35974,LinePay
2026-04-05 19:01,SA-306635,M00649,服飾配件,Levi's 501牛仔褲,3947,LinePay
2026-04-14 21:46,SA-450254,M01242,美妝保養,資生堂 百優精純乳霜,2740,超商貨到付款
2026-04-05 15:17,SA-101321,M00470,服飾配件,Levi's 501牛仔褲,3967,超商貨到付款
2026-04-06 16:07,SA-759159,M00384,服飾配件,Levi's 501牛仔褲,3727,LinePay
2026-04-12 05:55,SA-448690,M00730,服飾配件,Nike Air Force 1,3195,信用卡
2026-04-18 09:58,SA-544597,M00840,服飾配件,Levi's 501牛仔褲,3984,超商貨到付款
2026-04-16 01:33,SA-897043,M00687,生活居家,TOTO 溫水洗淨便座,9198,信用卡
2026-04-17 00:30,SA-962128,M00245,美妝保養,資生堂 百優精純乳霜,2525,信用卡
2026-04-15 12:02,SA-197745,M00916,3C家電,iPhone 15 Pro,34054,信用卡
2026-04-02 07:14,SA-598577,M01430,美妝保養,雅詩蘭黛 小棕瓶,4116,LinePay
2026-04-26 16:01,SA-350593,M01283,美妝保養,資生堂 百優精純乳霜,2707,信用卡
2026-04-09 10:19,SA-300377,M00305,美妝保養,SK-II 青春露,6025,街口支付
2026-04-17 06:51,SA-338095,M01203,服飾配件,G-Shock 經典運動錶,3034,LinePay
2026-04-24 06:38,SA-263829,M01418,母嬰用品,幫寶適 一級幫紙尿褲(箱),1510,超商貨到付款
2026-04-02 02:54,SA-356793,M00242,服飾配件,Uniqlo 極暖發熱衣,717,LinePay
2026-04-03 04:42,SA-520076,M00775,美妝保養,理膚寶水 B5全面修復霜,867,超商貨到付款
2026-04-23 01:19,SA-197548,M00165,3C家電,LG 掃地機器人,15321,信用卡
2026-04-29 06:27,SA-132245,M01408,服飾配件,Nike Air Force 1,3231,信用卡
2026-04-14 20:38,SA-329238,M00750,3C家電,Sony 降噪耳機,9834,LinePay
2026-04-17 04:46,SA-411979,M00299,服飾配件,Levi's 501牛仔褲,3876,街口支付
2026-04-18 10:57,SA-701213,M01009,服飾配件,G-Shock 經典運動錶,2952,LinePay
2026-04-01 09:38,SA-739047,M01163,生活居家,宜得利 N-COOL涼感床墊,1181,LinePay
2026-04-16 08:34,SA-742819,M00629,美妝保養,雅詩蘭黛 小棕瓶,3880,信用卡
2026-04-27 08:41,SA-655140,M00113,3C家電,Sony 降噪耳機,9936,信用卡
2026-04-20 06:49,SA-500585,M00259,服飾配件,G-Shock 經典運動錶,3090,信用卡
2026-04-07 15:05,SA-814972,M00222,母嬰用品,貝親 寬口玻璃奶瓶,546,LinePay
2026-04-03 06:26,SA-749494,M00113,美妝保養,理膚寶水 B5全面修復霜,801,信用卡
2026-04-01 01:56,SA-981454,M01428,3C家電,Dyson 吹風機,14441,信用卡
2026-04-09 23:35,SA-673020,M01206,服飾配件,Ray-Ban 飛行員太陽眼鏡,5355,信用卡
2026-04-14 01:30,SA-849610,M00921,服飾配件,Levi's 501牛仔褲,3959,LinePay
2026-04-25 19:32,SA-982588,M00496,生活居家,TOTO 溫水洗淨便座,9045,超商貨到付款
2026-04-14 05:10,SA-238929,M00673,美妝保養,SK-II 青春露,6016,街口支付
2026-04-08 01:06,SA-419975,M00405,美妝保養,SK-II 青春露,6048,信用卡
2026-04-20 19:30,SA-359628,M00577,生活居家,舒潔 抽取式衛生紙(箱),884,ATM轉帳
2026-04-02 21:02,SA-654809,M00920,美妝保養,雅詩蘭黛 小棕瓶,4104,街口支付
2026-04-01 10:27,SA-206176,M00677,美妝保養,雅詩蘭黛 小棕瓶,4078,LinePay
2026-04-08 14:18,SA-249501,M00558,母嬰用品,明治 金選奶粉,699,街口支付
2026-04-17 13:57,SA-183575,M00832,母嬰用品,幫寶適 一級幫紙尿褲(箱),1479,信用卡
2026-04-04 10:40,SA-437232,M00290,服飾配件,Nike Air Force 1,3357,信用卡
2026-04-23 15:57,SA-262979,M01016,3C家電,Dyson 吹風機,13217,信用卡
2026-04-07 02:03,SA-336277,M00417,美妝保養,雅詩蘭黛 小棕瓶,4179,LinePay
2026-04-16 18:00,SA-837656,M01424,保健食品,娘家 益生菌,1196,信用卡
2026-04-19 21:25,SA-269376,M00128,美妝保養,理膚寶水 B5全面修復霜,863,信用卡
2026-04-10 18:09,SA-397324,M00082,保健食品,娘家 益生菌,1169,LinePay
2026-04-25 03:51,SA-653432,M00972,美妝保養,雅詩蘭黛 小棕瓶,4089,超商貨到付款
2026-04-22 10:49,SA-718718,M00222,美妝保養,雅詩蘭黛 小棕瓶,3954,LinePay
2026-04-17 09:48,SA-849981,M01334,美妝保養,資生堂 百優精純乳霜,2590,超商貨到付款
2026-04-22 04:55,SA-108537,M00200,生活居家,無印良品 PP收納盒,409,LinePay
2026-04-24 04:44,SA-916092,M00820,服飾配件,Uniqlo 極暖發熱衣,787,信用卡
2026-04-26 18:33,SA-680482,M00351,3C家電,Apple Watch S9,13262,信用卡
2026-04-02 01:27,SA-347377,M00017,3C家電,Sony 降噪耳機,10516,LinePay
2026-04-28 13:43,SA-217479,M00106,服飾配件,Levi's 501牛仔褲,3664,信用卡
2026-04-16 16:38,SA-402605,M00079,生活居家,舒潔 抽取式衛生紙(箱),898,LinePay
2026-04-15 20:38,SA-547366,M01009,服飾配件,Levi's 501牛仔褲,3670,街口支付
2026-04-23 15:23,SA-376520,M01484,生活居家,舒潔 抽取式衛生紙(箱),885,超商貨到付款
2026-04-19 05:18,SA-471372,M00961,服飾配件,Uniqlo 極暖發熱衣,766,信用卡
2026-04-14 12:30,SA-539747,M00344,母嬰用品,Combi 奶瓶消毒鍋,3244,信用卡
2026-04-29 13:49,SA-194987,M00538,3C家電,LG 掃地機器人,15480,超商貨到付款
2026-04-17 21:08,SA-589045,M01387,3C家電,Nintendo Switch,9144,信用卡
2026-04-18 00:29,SA-557811,M00176,3C家電,LG 掃地機器人,15647,信用卡
2026-04-04 13:38,SA-221716,M00543,3C家電,Apple Watch S9,12513,信用卡
2026-04-20 00:33,SA-130653,M01367,3C家電,Nintendo Switch,9068,街口支付
2026-04-26 04:10,SA-349826,M01177,保健食品,桂格 大燕麥片,225,街口支付
2026-04-15 21:39,SA-382987,M00369,服飾配件,Ray-Ban 飛行員太陽眼鏡,5220,信用卡
2026-04-18 22:50,SA-135470,M00560,母嬰用品,明治 金選奶粉,689,ATM轉帳
2026-04-04 08:01,SA-940803,M00954,3C家電,Apple Watch S9,12230,LinePay
2026-04-21 20:39,SA-364770,M01398,生活居家,TOTO 溫水洗淨便座,9105,LinePay
2026-04-16 10:55,SA-804341,M00248,生活居家,舒潔 抽取式衛生紙(箱),814,LinePay
2026-04-30 18:47,SA-118138,M00223,服飾配件,Nike Air Force 1,3356,超商貨到付款
2026-04-08 07:02,SA-171973,M01384,美妝保養,理膚寶水 B5全面修復霜,830,信用卡
2026-04-13 01:16,SA-620658,M00312,服飾配件,Nike Air Force 1,3259,信用卡
2026-04-26 19:46,SA-203082,M00732,3C家電,LG 掃地機器人,14666,LinePay
2026-04-03 11:41,SA-762575,M00318,3C家電,Dyson 吹風機,14016,街口支付
2026-04-03 15:01,SA-643601,M01386,服飾配件,Uniqlo 極暖發熱衣,771,LinePay
2026-04-15 23:15,SA-450555,M00677,服飾配件,G-Shock 經典運動錶,2954,ATM轉帳
2026-04-02 08:22,SA-740466,M01071,美妝保養,蘭蔻 極光水,3470,信用卡
2026-04-23 01:24,SA-103020,M01088,美妝保養,資生堂 百優精純乳霜,2640,超商貨到付款
2026-04-23 12:06,SA-200909,M01276,美妝保養,蘭蔻 極光水,3281,信用卡
2026-04-15 07:46,SA-587458,M00473,生活居家,舒潔 抽取式衛生紙(箱),828,超商貨到付款
2026-04-13 01:35,SA-268147,M00130,3C家電,iPhone 15 Pro,35052,信用卡
2026-04-12 17:21,SA-855557,M00376,3C家電,LG 掃地機器人,15844,ATM轉帳
2026-04-26 06:00,SA-957745,M00221,母嬰用品,Joie 輕量雙向推車,6473,信用卡
2026-04-19 08:20,SA-222943,M00474,服飾配件,Levi's 501牛仔褲,3757,超商貨到付款
2026-04-29 19:27,SA-717062,M01337,服飾配件,Nike Air Force 1,3214,信用卡
2026-04-03 18:12,SA-653452,M00047,美妝保養,雅詩蘭黛 小棕瓶,3857,信用卡
2026-04-26 19:01,SA-990776,M00759,3C家電,LG 掃地機器人,14392,信用卡
2026-04-19 09:49,SA-994962,M01292,保健食品,白蘭氏 雙認證雞精(盒),1246,超商貨到付款
2026-04-13 20:41,SA-658053,M00758,服飾配件,Levi's 501牛仔褲,3876,信用卡
2026-04-04 11:49,SA-655272,M00621,服飾配件,Levi's 501牛仔褲,3871,超商貨到付款
2026-04-10 22:14,SA-754611,M01106,3C家電,Apple Watch S9,12863,信用卡
2026-04-22 23:11,SA-767742,M00338,生活居家,3M 淨水器濾心,2253,超商貨到付款
2026-04-26 00:42,SA-848432,M00087,美妝保養,雅詩蘭黛 小棕瓶,3936,信用卡
2026-04-01 03:45,SA-499255,M01493,生活居家,舒潔 抽取式衛生紙(箱),832,街口支付
2026-04-17 21:58,SA-118790,M00899,生活居家,宜得利 N-COOL涼感床墊,1225,信用卡
2026-04-06 20:09,SA-414924,M00043,服飾配件,Levi's 501牛仔褲,3679,ATM轉帳
2026-04-03 16:03,SA-686526,M00535,美妝保養,蘭蔻 極光水,3332,超商貨到付款
2026-04-20 15:39,SA-829686,M00628,母嬰用品,幫寶適 一級幫紙尿褲(箱),1481,LinePay
2026-04-02 19:14,SA-547679,M01033,美妝保養,蘭蔻 極光水,3586,超商貨到付款
2026-04-14 23:37,SA-736681,M01194,3C家電,Dyson 吹風機,13915,LinePay
2026-04-16 14:52,SA-533825,M01187,美妝保養,SK-II 青春露,5841,信用卡
2026-04-11 03:24,SA-844690,M01425,美妝保養,理膚寶水 B5全面修復霜,803,ATM轉帳
2026-04-16 06:50,SA-829081,M00533,母嬰用品,Combi 奶瓶消毒鍋,2973,LinePay
2026-04-22 16:30,SA-633188,M00813,3C家電,LG 掃地機器人,14535,超商貨到付款
2026-04-08 03:13,SA-973893,M00325,3C家電,Nintendo Switch,9185,信用卡
2026-04-19 07:31,SA-776002,M00496,美妝保養,資生堂 百優精純乳霜,2786,街口支付
2026-04-02 10:00,SA-439119,M01368,服飾配件,Uniqlo 極暖發熱衣,772,LinePay
2026-04-16 09:22,SA-362013,M00577,3C家電,Sony 降噪耳機,10364,信用卡
2026-04-13 20:10,SA-639252,M01282,母嬰用品,幫寶適 一級幫紙尿褲(箱),1469,信用卡
2026-04-02 14:30,SA-407713,M01359,3C家電,Nintendo Switch,8909,ATM轉帳
2026-04-27 12:59,SA-509101,M00385,母嬰用品,明治 金選奶粉,690,信用卡
2026-04-11 08:48,SA-191190,M00663,3C家電,iPhone 15 Pro,33210,超商貨到付款
2026-04-01 13:07,SA-338823,M00624,美妝保養,蘭蔻 極光水,3538,LinePay
2026-04-11 20:07,SA-695584,M00383,3C家電,Nintendo Switch,8986,街口支付
2026-04-01 11:47,SA-176968,M00587,美妝保養,SK-II 青春露,6224,LinePay
2026-04-26 12:07,SA-637367,M00014,美妝保養,雅詩蘭黛 小棕瓶,4123,超商貨到付款
2026-04-09 21:09,SA-839585,M00872,保健食品,娘家 益生菌,1087,信用卡
2026-04-12 19:52,SA-364322,M00862,母嬰用品,貝親 寬口玻璃奶瓶,523,超商貨到付款
2026-04-13 12:03,SA-274096,M00950,保健食品,善存 綜合維他命,930,信用卡
2026-04-02 17:03,SA-410405,M00263,生活居家,舒潔 抽取式衛生紙(箱),845,超商貨到付款
2026-04-10 06:10,SA-103735,M01297,服飾配件,Nike Air Force 1,3361,信用卡
2026-04-25 06:51,SA-119582,M00618,保健食品,白蘭氏 雙認證雞精(盒),1293,信用卡
2026-04-30 06:18,SA-406838,M01345,美妝保養,資生堂 百優精純乳霜,2671,信用卡
2026-04-22 22:44,SA-644873,M00973,3C家電,LG 掃地機器人,15743,LinePay
2026-04-02 12:18,SA-910140,M01110,美妝保養,資生堂 百優精純乳霜,2638,信用卡
2026-04-09 09:32,SA-826591,M00990,美妝保養,蘭蔻 極光水,3350,信用卡
2026-04-21 09:39,SA-424528,M00653,3C家電,Sony 降噪耳機,10652,LinePay
2026-04-12 16:35,SA-789130,M01416,服飾配件,Uniqlo 極暖發熱衣,750,LinePay
2026-04-29 11:47,SA-500075,M00017,美妝保養,蘭蔻 極光水,3406,街口支付
2026-04-04 18:57,SA-134069,M00173,美妝保養,蘭蔻 極光水,3278,超商貨到付款
2026-04-03 21:46,SA-218523,M00556,母嬰用品,Combi 奶瓶消毒鍋,3077,超商貨到付款
2026-04-03 15:23,SA-511162,M00047,母嬰用品,貝親 寬口玻璃奶瓶,551,信用卡
2026-04-26 23:53,SA-314327,M00860,美妝保養,資生堂 百優精純乳霜,2727,信用卡
2026-04-08 08:41,SA-786656,M00814,3C家電,LG 掃地機器人,15676,LinePay
2026-04-16 15:03,SA-534816,M00975,生活居家,宜得利 N-COOL涼感床墊,1195,LinePay
2026-04-24 20:48,SA-218967,M00794,服飾配件,Nike Air Force 1,3143,LinePay
2026-04-07 12:33,SA-166883,M01306,3C家電,Apple Watch S9,13296,信用卡
2026-04-29 07:26,SA-918637,M01144,母嬰用品,幫寶適 一級幫紙尿褲(箱),1543,信用卡
2026-04-21 20:11,SA-859058,M00010,服飾配件,G-Shock 經典運動錶,3083,LinePay
2026-04-18 05:10,SA-451624,M00709,3C家電,LG 掃地機器人,14801,信用卡
2026-04-18 00:13,SA-106414,M00803,3C家電,Sony 降噪耳機,10820,信用卡
2026-04-02 22:35,SA-744428,M00264,生活居家,3M 淨水器濾心,2243,LinePay
2026-04-23 10:33,SA-888103,M00344,生活居家,TOTO 溫水洗淨便座,9875,信用卡
2026-04-22 20:14,SA-634045,M01321,美妝保養,蘭蔻 極光水,3575,信用卡
2026-04-22 01:46,SA-542588,M00728,生活居家,舒潔 抽取式衛生紙(箱),825,信用卡
2026-04-14 06:24,SA-919325,M00985,生活居家,舒潔 抽取式衛生紙(箱),859,信用卡
2026-04-28 20:24,SA-489595,M00113,3C家電,Apple Watch S9,13091,街口支付
2026-04-02 12:23,SA-466060,M01120,美妝保養,資生堂 百優精純乳霜,2588,超商貨到付款
2026-04-09 12:38,SA-239600,M01063,生活居家,宜得利 N-COOL涼感床墊,1270,信用卡
2026-04-26 22:21,SA-535505,M00938,服飾配件,Uniqlo 極暖發熱衣,786,信用卡
2026-04-15 16:43,SA-364380,M00330,服飾配件,Levi's 501牛仔褲,3968,超商貨到付款
2026-04-16 19:27,SA-808569,M01064,3C家電,Apple Watch S9,12632,信用卡
2026-04-06 19:45,SA-468286,M00428,美妝保養,資生堂 百優精純乳霜,2654,信用卡
2026-04-02 17:31,SA-789259,M00680,3C家電,LG 掃地機器人,14381,信用卡
2026-04-06 05:36,SA-180091,M01269,生活居家,3M 淨水器濾心,2400,信用卡
2026-04-11 06:27,SA-998874,M00045,生活居家,宜得利 N-COOL涼感床墊,1267,LinePay
2026-04-06 09:58,SA-179821,M00593,美妝保養,蘭蔻 極光水,3253,信用卡
2026-04-26 08:41,SA-472436,M01344,3C家電,Dyson 吹風機,13655,信用卡
2026-04-12 07:34,SA-817857,M00236,服飾配件,Uniqlo 極暖發熱衣,727,街口支付
2026-04-27 18:02,SA-199334,M00351,生活居家,TOTO 溫水洗淨便座,9720,LinePay
2026-04-19 06:38,SA-482490,M00738,3C家電,iPhone 15 Pro,36351,超商貨到付款
2026-04-02 12:03,SA-788303,M01340,3C家電,Apple Watch S9,13289,信用卡
2026-04-19 11:08,SA-631705,M01043,3C家電,iPhone 15 Pro,36467,ATM轉帳
2026-04-20 10:01,SA-509637,M00004,美妝保養,蘭蔻 極光水,3389,超商貨到付款
2026-04-07 16:54,SA-172426,M01236,美妝保養,資生堂 百優精純乳霜,2719,信用卡
2026-04-15 11:23,SA-269470,M00330,美妝保養,SK-II 青春露,5810,信用卡
2026-04-04 02:24,SA-404660,M00041,美妝保養,SK-II 青春露,6001,LinePay
2026-04-30 22:26,SA-946839,M00298,服飾配件,Uniqlo 極暖發熱衣,786,信用卡
2026-04-21 17:59,SA-248646,M00510,美妝保養,蘭蔻 極光水,3583,超商貨到付款
2026-04-03 05:11,SA-269261,M00015,服飾配件,Uniqlo 極暖發熱衣,755,街口支付
2026-04-13 11:02,SA-964828,M00506,母嬰用品,貝親 寬口玻璃奶瓶,537,信用卡
2026-04-22 19:18,SA-534598,M01443,生活居家,TOTO 溫水洗淨便座,9463,超商貨到付款
2026-04-30 19:14,SA-468756,M00147,3C家電,iPhone 15 Pro,36456,信用卡
2026-04-08 16:04,SA-693950,M01317,服飾配件,Levi's 501牛仔褲,3928,街口支付
2026-04-15 03:57,SA-204868,M00207,母嬰用品,幫寶適 一級幫紙尿褲(箱),1450,信用卡
2026-04-03 18:16,SA-280560,M01141,生活居家,TOTO 溫水洗淨便座,9839,超商貨到付款
2026-04-03 03:31,SA-688635,M00109,保健食品,白蘭氏 雙認證雞精(盒),1304,信用卡
2026-04-05 03:55,SA-387565,M00355,美妝保養,雅詩蘭黛 小棕瓶,3884,信用卡
2026-04-24 07:00,SA-880442,M00625,服飾配件,Levi's 501牛仔褲,3778,LinePay
2026-04-03 15:50,SA-334139,M01237,服飾配件,Ray-Ban 飛行員太陽眼鏡,5276,超商貨到付款
2026-04-19 21:54,SA-300161,M00939,3C家電,LG 掃地機器人,14648,信用卡
2026-04-23 10:38,SA-170785,M00267,生活居家,TOTO 溫水洗淨便座,9380,信用卡
2026-04-06 11:54,SA-253296,M00903,生活居家,TOTO 溫水洗淨便座,9568,信用卡
2026-04-21 06:07,SA-130748,M01401,母嬰用品,幫寶適 一級幫紙尿褲(箱),1546,LinePay
2026-04-06 08:25,SA-116047,M00313,服飾配件,G-Shock 經典運動錶,3121,信用卡
2026-04-30 03:53,SA-945143,M00804,美妝保養,蘭蔻 極光水,3576,LinePay
2026-04-28 11:40,SA-652861,M00613,美妝保養,雅詩蘭黛 小棕瓶,4034,信用卡
2026-04-15 18:17,SA-904988,M00962,生活居家,宜得利 N-COOL涼感床墊,1198,街口支付
2026-04-17 02:07,SA-541746,M00579,服飾配件,Nike Air Force 1,3294,信用卡
2026-04-27 22:17,SA-117741,M00378,服飾配件,G-Shock 經典運動錶,2930,信用卡
2026-04-29 21:01,SA-917141,M01167,美妝保養,理膚寶水 B5全面修復霜,837,信用卡
2026-04-27 07:35,SA-612873,M01001,服飾配件,Levi's 501牛仔褲,3722,LinePay
2026-04-06 08:15,SA-497936,M00282,服飾配件,G-Shock 經典運動錶,3030,信用卡
2026-04-11 10:21,SA-604090,M00430,生活居家,舒潔 抽取式衛生紙(箱),824,街口支付
2026-04-11 13:54,SA-520555,M01175,保健食品,娘家 大紅麴,2403,LinePay
2026-04-12 19:08,SA-620520,M01068,服飾配件,Uniqlo 極暖發熱衣,737,超商貨到付款
2026-04-26 23:39,SA-570847,M01369,服飾配件,G-Shock 經典運動錶,2961,信用卡
2026-04-04 22:02,SA-860415,M00007,服飾配件,Nike Air Force 1,3331,LinePay
2026-04-12 10:30,SA-375973,M00428,生活居家,舒潔 抽取式衛生紙(箱),851,ATM轉帳
2026-04-06 12:41,SA-991895,M00863,美妝保養,資生堂 百優精純乳霜,2520,ATM轉帳
2026-04-02 19:36,SA-922157,M00292,服飾配件,Nike Air Force 1,3119,信用卡
2026-04-24 18:00,SA-314702,M00213,服飾配件,Levi's 501牛仔褲,3790,LinePay
2026-04-01 13:33,SA-120946,M00976,服飾配件,Ray-Ban 飛行員太陽眼鏡,5085,ATM轉帳
2026-04-19 15:12,SA-268655,M01240,生活居家,舒潔 抽取式衛生紙(箱),820,信用卡
2026-04-08 10:52,SA-401301,M00108,3C家電,Nintendo Switch,8892,ATM轉帳
2026-04-02 12:36,SA-839972,M00206,美妝保養,雅詩蘭黛 小棕瓶,3838,LinePay
2026-04-12 22:36,SA-135955,M01175,生活居家,TOTO 溫水洗淨便座,9641,LinePay
2026-04-04 19:31,SA-664092,M01317,生活居家,舒潔 抽取式衛生紙(箱),826,超商貨到付款
2026-04-21 09:57,SA-320660,M00430,服飾配件,Nike Air Force 1,3067,信用卡
2026-04-07 00:34,SA-430904,M00868,美妝保養,雅詩蘭黛 小棕瓶,3857,信用卡
2026-04-07 04:53,SA-617706,M01101,生活居家,無印良品 PP收納盒,410,超商貨到付款
2026-04-19 10:00,SA-553356,M00069,美妝保養,資生堂 百優精純乳霜,2747,信用卡
2026-04-21 05:39,SA-483302,M00373,服飾配件,Uniqlo 極暖發熱衣,745,超商貨到付款
2026-04-18 17:54,SA-495162,M01376,3C家電,Nintendo Switch,9065,ATM轉帳
2026-04-22 13:19,SA-214385,M00502,3C家電,LG 掃地機器人,15394,街口支付
2026-04-25 16:02,SA-550419,M00354,保健食品,白蘭氏 雙認證雞精(盒),1346,街口支付
2026-04-23 06:30,SA-705430,M00178,生活居家,無印良品 PP收納盒,409,街口支付
2026-04-27 01:53,SA-989167,M00720,美妝保養,資生堂 百優精純乳霜,2583,信用卡
2026-04-19 07:56,SA-837037,M00506,服飾配件,G-Shock 經典運動錶,3001,信用卡
2026-04-04 08:54,SA-349880,M00090,服飾配件,Uniqlo 極暖發熱衣,783,超商貨到付款
2026-04-21 22:21,SA-649562,M01075,美妝保養,SK-II 青春露,5899,LinePay
2026-04-12 06:18,SA-340130,M00127,3C家電,Dyson 吹風機,14130,LinePay
2026-04-13 05:04,SA-103025,M01123,3C家電,Dyson 吹風機,13308,超商貨到付款
2026-04-19 13:07,SA-722995,M01069,美妝保養,理膚寶水 B5全面修復霜,821,信用卡
2026-04-25 14:26,SA-832839,M01072,生活居家,舒潔 抽取式衛生紙(箱),855,超商貨到付款
2026-04-15 14:28,SA-521160,M00822,美妝保養,蘭蔻 極光水,3457,LinePay
2026-04-22 13:20,SA-325590,M01236,生活居家,舒潔 抽取式衛生紙(箱),880,ATM轉帳
2026-04-10 13:53,SA-198741,M00241,3C家電,Sony 降噪耳機,9962,信用卡
2026-04-16 05:52,SA-858608,M00250,3C家電,Sony 降噪耳機,10244,街口支付
2026-04-04 18:00,SA-261452,M00571,生活居家,TOTO 溫水洗淨便座,9731,信用卡
2026-04-09 06:40,SA-113932,M01381,3C家電,Sony 降噪耳機,10548,LinePay
2026-04-02 10:49,SA-123136,M00985,3C家電,Sony 降噪耳機,10150,超商貨到付款
2026-04-25 04:24,SA-962293,M00523,生活居家,無印良品 PP收納盒,409,LinePay
2026-04-12 14:43,SA-766691,M01478,3C家電,LG 掃地機器人,14532,LinePay
2026-04-30 19:55,SA-776473,M00553,3C家電,LG 掃地機器人,14961,LinePay
2026-04-03 03:46,SA-749687,M00121,美妝保養,理膚寶水 B5全面修復霜,825,LinePay
2026-04-18 04:36,SA-894960,M01345,3C家電,LG 掃地機器人,14576,LinePay
2026-04-02 19:32,SA-794539,M00742,3C家電,Sony 降噪耳機,10288,信用卡
2026-04-06 00:29,SA-413600,M00577,服飾配件,Uniqlo 極暖發熱衣,786,LinePay
2026-04-18 17:56,SA-237262,M00763,3C家電,Sony 降噪耳機,10564,LinePay
2026-04-01 10:04,SA-742451,M00041,生活居家,3M 淨水器濾心,2411,信用卡
2026-04-18 04:43,SA-386327,M01486,美妝保養,蘭蔻 極光水,3396,信用卡
2026-04-17 13:39,SA-970905,M00399,服飾配件,Ray-Ban 飛行員太陽眼鏡,5312,超商貨到付款
2026-04-13 08:12,SA-868011,M00636,3C家電,Sony 降噪耳機,9973,信用卡
2026-04-15 22:47,SA-378424,M00284,美妝保養,資生堂 百優精純乳霜,2568,信用卡
2026-04-07 19:05,SA-947796,M00400,服飾配件,G-Shock 經典運動錶,2913,LinePay
2026-04-03 19:06,SA-105973,M00874,服飾配件,Nike Air Force 1,3346,信用卡
2026-04-01 12:56,SA-611951,M01333,服飾配件,Levi's 501牛仔褲,3736,信用卡
2026-04-04 20:23,SA-510827,M01272,3C家電,LG 掃地機器人,14406,信用卡
2026-04-30 18:56,SA-808867,M00825,3C家電,Sony 降噪耳機,10224,信用卡
2026-04-18 10:27,SA-249182,M00488,服飾配件,Nike Air Force 1,3264,LinePay
2026-04-21 04:06,SA-714607,M01033,生活居家,宜得利 N-COOL涼感床墊,1245,信用卡
2026-04-08 19:37,SA-521009,M01410,生活居家,TOTO 溫水洗淨便座,9464,信用卡
2026-04-14 12:16,SA-910607,M01046,服飾配件,G-Shock 經典運動錶,3168,信用卡
2026-04-29 04:20,SA-869874,M01084,3C家電,iPhone 15 Pro,33350,超商貨到付款
2026-04-23 10:06,SA-199964,M00060,生活居家,TOTO 溫水洗淨便座,9403,信用卡
2026-04-12 05:33,SA-675160,M00057,美妝保養,SK-II 青春露,6201,信用卡
2026-04-30 18:53,SA-332768,M00785,美妝保養,蘭蔻 極光水,3439,ATM轉帳
2026-04-30 22:21,SA-780077,M00747,美妝保養,雅詩蘭黛 小棕瓶,4143,LinePay
2026-04-21 21:37,SA-695106,M01111,生活居家,舒潔 抽取式衛生紙(箱),812,信用卡
2026-04-05 01:39,SA-769550,M00032,生活居家,TOTO 溫水洗淨便座,8941,超商貨到付款
2026-04-20 19:45,SA-923288,M00816,3C家電,Nintendo Switch,9152,LinePay
2026-04-26 02:44,SA-146761,M00067,3C家電,Nintendo Switch,9719,LinePay
2026-04-07 21:29,SA-310292,M01304,3C家電,Dyson 吹風機,13527,信用卡
2026-04-21 06:12,SA-653614,M00888,3C家電,Nintendo Switch,9145,LinePay
2026-04-18 09:44,SA-614079,M01049,服飾配件,Nike Air Force 1,3189,信用卡
2026-04-20 08:56,SA-347059,M01296,美妝保養,理膚寶水 B5全面修復霜,840,信用卡
2026-04-30 04:46,SA-593750,M00469,3C家電,Nintendo Switch,9704,信用卡
2026-04-10 23:54,SA-364896,M01298,生活居家,宜得利 N-COOL涼感床墊,1199,信用卡
2026-04-27 03:40,SA-637207,M00778,服飾配件,Levi's 501牛仔褲,3733,街口支付
2026-04-18 02:46,SA-627018,M01314,美妝保養,雅詩蘭黛 小棕瓶,3842,信用卡
2026-04-27 00:56,SA-372634,M00492,美妝保養,蘭蔻 極光水,3486,LinePay
2026-04-01 02:31,SA-640739,M00703,母嬰用品,明治 金選奶粉,706,信用卡
2026-04-03 06:14,SA-112596,M00709,美妝保養,蘭蔻 極光水,3322,信用卡
2026-04-28 14:07,SA-280313,M00572,美妝保養,資生堂 百優精純乳霜,2554,超商貨到付款
2026-04-23 19:04,SA-549949,M00666,3C家電,Nintendo Switch,9380,LinePay
2026-04-06 16:03,SA-110849,M00479,母嬰用品,Combi 奶瓶消毒鍋,3135,信用卡
2026-04-02 06:07,SA-411696,M00711,美妝保養,資生堂 百優精純乳霜,2676,街口支付
2026-04-22 18:49,SA-259802,M00745,生活居家,舒潔 抽取式衛生紙(箱),879,LinePay
2026-04-24 06:34,SA-734716,M00815,美妝保養,理膚寶水 B5全面修復霜,811,信用卡
2026-04-29 02:27,SA-159533,M00016,美妝保養,蘭蔻 極光水,3433,超商貨到付款
2026-04-01 21:49,SA-665019,M00931,母嬰用品,Joie 輕量雙向推車,6423,信用卡
2026-04-06 10:47,SA-724775,M00686,3C家電,Dyson 吹風機,13430,信用卡
2026-04-17 19:53,SA-262384,M00491,服飾配件,G-Shock 經典運動錶,3095,信用卡
2026-04-04 13:17,SA-419902,M00287,3C家電,Apple Watch S9,13234,ATM轉帳
2026-04-27 19:10,SA-215402,M01188,母嬰用品,Combi 奶瓶消毒鍋,3245,LinePay
2026-04-07 21:19,SA-606118,M00994,生活居家,3M 淨水器濾心,2379,LinePay
2026-04-17 11:54,SA-244614,M01487,3C家電,Dyson 吹風機,13260,信用卡
2026-04-02 11:27,SA-678856,M00290,生活居家,舒潔 抽取式衛生紙(箱),825,LinePay
2026-04-27 02:23,SA-855043,M00527,美妝保養,雅詩蘭黛 小棕瓶,4098,超商貨到付款
2026-04-24 16:29,SA-901837,M01378,美妝保養,資生堂 百優精純乳霜,2701,超商貨到付款
2026-04-20 06:46,SA-430040,M00708,3C家電,LG 掃地機器人,14924,信用卡
2026-04-15 22:11,SA-880252,M01287,母嬰用品,Combi 奶瓶消毒鍋,3113,ATM轉帳
2026-04-05 11:31,SA-797262,M01391,美妝保養,雅詩蘭黛 小棕瓶,4126,信用卡
2026-04-29 07:47,SA-123290,M00273,生活居家,無印良品 PP收納盒,439,信用卡
2026-04-09 08:34,SA-562584,M01128,3C家電,Dyson 吹風機,13339,信用卡
2026-04-15 14:00,SA-184046,M00397,3C家電,Apple Watch S9,12288,超商貨到付款
2026-04-29 21:10,SA-234114,M01151,保健食品,善存 綜合維他命,859,LinePay
2026-04-28 02:31,SA-441786,M00445,美妝保養,SK-II 青春露,6180,LinePay
2026-04-20 16:12,SA-958882,M01218,美妝保養,SK-II 青春露,5816,超商貨到付款
2026-04-30 12:27,SA-611877,M01467,美妝保養,資生堂 百優精純乳霜,2683,LinePay
2026-04-11 21:16,SA-853946,M01464,美妝保養,SK-II 青春露,5790,信用卡
2026-04-18 20:40,SA-364539,M00636,母嬰用品,明治 金選奶粉,723,信用卡
2026-04-05 21:16,SA-880180,M00780,服飾配件,G-Shock 經典運動錶,3124,信用卡
2026-04-01 22:17,SA-632686,M00188,3C家電,iPhone 15 Pro,35832,街口支付
2026-04-27 15:55,SA-402973,M00094,服飾配件,Uniqlo 極暖發熱衣,783,超商貨到付款
2026-04-05 09:30,SA-957729,M01153,美妝保養,蘭蔻 極光水,3275,LinePay
2026-04-22 01:39,SA-633827,M00081,3C家電,Sony 降噪耳機,10599,LinePay
2026-04-22 15:42,SA-654607,M01052,服飾配件,Uniqlo 極暖發熱衣,768,超商貨到付款
2026-04-20 09:46,SA-354831,M00291,服飾配件,G-Shock 經典運動錶,2993,信用卡
2026-04-27 00:32,SA-337796,M00891,3C家電,Dyson 吹風機,14419,信用卡
2026-04-15 00:48,SA-220283,M00540,生活居家,宜得利 N-COOL涼感床墊,1215,ATM轉帳
2026-04-26 05:49,SA-343219,M00211,3C家電,iPhone 15 Pro,33969,超商貨到付款
2026-04-04 05:18,SA-607435,M00556,3C家電,Sony 降噪耳機,10153,超商貨到付款
2026-04-11 18:53,SA-667759,M00589,3C家電,LG 掃地機器人,14715,信用卡
2026-04-10 19:15,SA-912409,M00647,服飾配件,Nike Air Force 1,3265,信用卡
2026-04-16 06:09,SA-486312,M00869,美妝保養,蘭蔻 極光水,3252,街口支付
2026-04-27 18:27,SA-282169,M00760,生活居家,3M 淨水器濾心,2475,信用卡
2026-04-07 09:20,SA-488113,M00906,服飾配件,G-Shock 經典運動錶,3118,街口支付
2026-04-09 05:38,SA-110165,M01219,美妝保養,資生堂 百優精純乳霜,2657,街口支付
2026-04-08 07:31,SA-665065,M00182,服飾配件,Ray-Ban 飛行員太陽眼鏡,5402,街口支付
2026-04-12 15:52,SA-482333,M00320,服飾配件,G-Shock 經典運動錶,2975,LinePay
2026-04-17 15:16,SA-415986,M00523,3C家電,Apple Watch S9,12936,信用卡
2026-04-21 20:25,SA-651520,M01193,美妝保養,SK-II 青春露,5719,LinePay
2026-04-27 09:20,SA-890891,M00035,服飾配件,G-Shock 經典運動錶,3187,街口支付
2026-04-26 13:36,SA-965599,M01083,生活居家,宜得利 N-COOL涼感床墊,1165,信用卡
2026-04-06 15:30,SA-531281,M00866,生活居家,宜得利 N-COOL涼感床墊,1223,街口支付
2026-04-01 19:55,SA-863479,M01263,保健食品,桂格 大燕麥片,223,信用卡
2026-04-18 18:31,SA-599042,M01311,美妝保養,理膚寶水 B5全面修復霜,848,LinePay
2026-04-17 21:39,SA-612257,M01073,生活居家,無印良品 PP收納盒,425,街口支付
2026-04-21 19:55,SA-479837,M00219,3C家電,Dyson 吹風機,13756,超商貨到付款
2026-04-09 13:20,SA-870018,M00582,保健食品,娘家 大紅麴,2330,信用卡
2026-04-26 08:01,SA-739942,M01154,3C家電,LG 掃地機器人,15274,信用卡
2026-04-18 20:19,SA-120125,M00931,服飾配件,Uniqlo 極暖發熱衣,724,信用卡
2026-04-10 23:55,SA-224724,M00537,美妝保養,蘭蔻 極光水,3359,超商貨到付款
2026-04-26 05:41,SA-571483,M00472,3C家電,iPhone 15 Pro,36492,超商貨到付款
2026-04-14 17:51,SA-812173,M01141,生活居家,宜得利 N-COOL涼感床墊,1166,信用卡
2026-04-19 12:59,SA-920927,M00841,保健食品,娘家 益生菌,1138,信用卡
2026-04-22 18:39,SA-250893,M00357,美妝保養,理膚寶水 B5全面修復霜,807,超商貨到付款
2026-04-24 03:02,SA-760023,M00958,3C家電,LG 掃地機器人,15794,LinePay
2026-04-02 06:26,SA-699211,M00431,生活居家,宜得利 N-COOL涼感床墊,1224,信用卡
2026-04-07 15:02,SA-608667,M01258,3C家電,iPhone 15 Pro,34701,LinePay
2026-04-06 14:59,SA-694739,M00070,生活居家,3M 淨水器濾心,2406,信用卡
2026-04-05 23:24,SA-289003,M00045,美妝保養,理膚寶水 B5全面修復霜,810,信用卡
2026-04-22 20:21,SA-706910,M00807,3C家電,Nintendo Switch,9129,ATM轉帳
2026-04-29 00:35,SA-751780,M00425,生活居家,3M 淨水器濾心,2408,信用卡
2026-04-06 13:15,SA-443981,M00322,美妝保養,蘭蔻 極光水,3426,信用卡
2026-04-18 19:05,SA-815774,M01015,服飾配件,G-Shock 經典運動錶,3000,超商貨到付款
2026-04-12 01:59,SA-754856,M01396,3C家電,Nintendo Switch,9226,LinePay
2026-04-20 03:07,SA-212783,M00198,生活居家,宜得利 N-COOL涼感床墊,1234,信用卡
2026-04-25 01:48,SA-212715,M00029,生活居家,舒潔 抽取式衛生紙(箱),852,LinePay
2026-04-25 23:24,SA-851534,M01092,3C家電,Dyson 吹風機,13905,超商貨到付款
2026-04-19 06:57,SA-784079,M01062,美妝保養,蘭蔻 極光水,3429,LinePay
2026-04-01 20:31,SA-823674,M00196,3C家電,iPhone 15 Pro,34369,信用卡
2026-04-06 21:33,SA-312680,M00669,3C家電,Nintendo Switch,9727,街口支付
2026-04-15 07:05,SA-560641,M01250,母嬰用品,明治 金選奶粉,694,街口支付
2026-04-15 02:45,SA-433680,M00300,3C家電,Dyson 吹風機,13255,LinePay
2026-04-24 22:00,SA-302602,M01070,生活居家,3M 淨水器濾心,2409,LinePay
2026-04-21 11:49,SA-145440,M01038,生活居家,舒潔 抽取式衛生紙(箱),886,信用卡
2026-04-14 09:19,SA-844013,M00559,美妝保養,資生堂 百優精純乳霜,2669,信用卡
2026-04-26 22:28,SA-339150,M01163,3C家電,LG 掃地機器人,14847,LinePay
2026-04-28 18:00,SA-720958,M00822,美妝保養,理膚寶水 B5全面修復霜,817,信用卡
2026-04-13 02:40,SA-436555,M00294,生活居家,3M 淨水器濾心,2253,LinePay
2026-04-27 12:35,SA-980358,M00735,服飾配件,Ray-Ban 飛行員太陽眼鏡,5299,信用卡
2026-04-14 05:21,SA-517421,M01049,美妝保養,雅詩蘭黛 小棕瓶,4169,LinePay
2026-04-23 15:30,SA-381363,M01456,服飾配件,Ray-Ban 飛行員太陽眼鏡,5307,信用卡
2026-04-03 18:19,SA-508104,M00940,生活居家,宜得利 N-COOL涼感床墊,1224,超商貨到付款
2026-04-19 22:16,SA-182257,M00298,母嬰用品,貝親 寬口玻璃奶瓶,522,街口支付
2026-04-21 20:27,SA-921674,M00924,美妝保養,雅詩蘭黛 小棕瓶,3919,信用卡
2026-04-22 19:50,SA-428852,M00199,服飾配件,Nike Air Force 1,3134,信用卡
2026-04-06 19:23,SA-839499,M00886,3C家電,Apple Watch S9,12184,超商貨到付款
2026-04-29 14:43,SA-891999,M00646,美妝保養,雅詩蘭黛 小棕瓶,3976,信用卡
2026-04-27 11:30,SA-836111,M00958,服飾配件,G-Shock 經典運動錶,2900,LinePay
2026-04-16 19:05,SA-320065,M00175,美妝保養,資生堂 百優精純乳霜,2699,信用卡
2026-04-29 23:09,SA-240061,M01219,3C家電,LG 掃地機器人,15159,街口支付
2026-04-10 09:49,SA-807492,M00021,3C家電,Dyson 吹風機,14076,信用卡
2026-04-04 00:01,SA-723800,M01277,服飾配件,Ray-Ban 飛行員太陽眼鏡,5500,LinePay
2026-04-26 12:37,SA-747379,M00013,母嬰用品,Combi 奶瓶消毒鍋,3023,超商貨到付款
2026-04-28 16:41,SA-149856,M00800,生活居家,TOTO 溫水洗淨便座,9073,信用卡
2026-04-16 16:09,SA-947607,M00229,3C家電,Nintendo Switch,9400,信用卡
2026-04-22 22:24,SA-661922,M01026,服飾配件,Nike Air Force 1,3114,LinePay
2026-04-23 15:33,SA-697306,M00101,生活居家,宜得利 N-COOL涼感床墊,1175,街口支付
2026-04-18 08:50,SA-958478,M01130,3C家電,Apple Watch S9,12523,街口支付
2026-04-23 05:37,SA-904251,M00388,3C家電,Dyson 吹風機,13141,信用卡
2026-04-22 23:03,SA-601008,M01352,3C家電,LG 掃地機器人,15662,LinePay
2026-04-21 10:38,SA-796432,M01466,3C家電,Dyson 吹風機,14013,信用卡
2026-04-04 12:03,SA-129175,M00318,3C家電,Dyson 吹風機,13662,信用卡
2026-04-02 12:48,SA-120986,M00607,生活居家,宜得利 N-COOL涼感床墊,1247,信用卡
2026-04-16 01:03,SA-355682,M01087,生活居家,宜得利 N-COOL涼感床墊,1222,LinePay
2026-04-20 01:31,SA-566946,M00780,美妝保養,蘭蔻 極光水,3575,信用卡
2026-04-30 21:47,SA-505041,M00233,服飾配件,G-Shock 經典運動錶,3187,超商貨到付款
2026-04-30 19:03,SA-435351,M00909,服飾配件,G-Shock 經典運動錶,2913,信用卡
2026-04-28 10:42,SA-897511,M01317,美妝保養,蘭蔻 極光水,3261,街口支付
2026-04-02 04:55,SA-654500,M01104,3C家電,Nintendo Switch,9670,信用卡
2026-04-11 13:52,SA-438184,M00248,生活居家,TOTO 溫水洗淨便座,9565,信用卡
2026-04-27 01:47,SA-606648,M00800,3C家電,Nintendo Switch,9008,ATM轉帳
2026-04-15 14:46,SA-482281,M00064,美妝保養,雅詩蘭黛 小棕瓶,3840,信用卡
2026-04-10 05:20,SA-538561,M00080,生活居家,3M 淨水器濾心,2404,信用卡
2026-04-20 20:45,SA-304382,M00481,3C家電,Sony 降噪耳機,10830,信用卡
2026-04-22 04:19,SA-759880,M01456,3C家電,Nintendo Switch,8857,信用卡
2026-04-01 08:39,SA-971691,M00607,生活居家,TOTO 溫水洗淨便座,9734,超商貨到付款
2026-04-09 15:50,SA-599227,M00493,美妝保養,蘭蔻 極光水,3375,信用卡
2026-04-18 02:10,SA-867056,M01232,服飾配件,Nike Air Force 1,3357,超商貨到付款
2026-04-18 02:22,SA-243679,M00523,服飾配件,Ray-Ban 飛行員太陽眼鏡,5377,信用卡
2026-04-01 00:08,SA-558987,M00339,3C家電,iPhone 15 Pro,34606,街口支付
2026-04-29 02:13,SA-159011,M00683,保健食品,娘家 大紅麴,2488,信用卡
2026-04-18 16:11,SA-204862,M01287,服飾配件,G-Shock 經典運動錶,3129,街口支付
2026-04-24 20:05,SA-979244,M00658,母嬰用品,Combi 奶瓶消毒鍋,3187,超商貨到付款
2026-04-18 10:05,SA-135518,M00253,美妝保養,SK-II 青春露,5949,信用卡
2026-04-23 14:43,SA-612933,M01164,生活居家,無印良品 PP收納盒,441,超商貨到付款
2026-04-07 16:02,SA-316934,M00051,生活居家,3M 淨水器濾心,2331,LinePay
2026-04-14 23:22,SA-747115,M00108,服飾配件,Uniqlo 極暖發熱衣,736,LinePay
2026-04-18 08:58,SA-483444,M00461,美妝保養,資生堂 百優精純乳霜,2562,信用卡
2026-04-10 05:18,SA-226729,M00734,母嬰用品,明治 金選奶粉,717,信用卡
2026-04-27 11:42,SA-516308,M01109,生活居家,3M 淨水器濾心,2417,街口支付
2026-04-14 22:34,SA-562000,M00085,生活居家,無印良品 PP收納盒,431,信用卡
2026-04-15 01:10,SA-322292,M00502,母嬰用品,明治 金選奶粉,716,超商貨到付款
2026-04-07 08:40,SA-476597,M00116,3C家電,Apple Watch S9,12676,街口支付
2026-04-29 03:59,SA-113605,M01153,美妝保養,蘭蔻 極光水,3488,超商貨到付款
2026-04-29 10:44,SA-719794,M00696,母嬰用品,貝親 寬口玻璃奶瓶,557,超商貨到付款
2026-04-27 14:16,SA-877272,M01234,生活居家,無印良品 PP收納盒,427,信用卡
2026-04-29 10:03,SA-496934,M00440,美妝保養,資生堂 百優精純乳霜,2735,超商貨到付款
2026-04-16 03:11,SA-659718,M00615,母嬰用品,貝親 寬口玻璃奶瓶,534,ATM轉帳
2026-04-05 15:37,SA-659960,M01497,3C家電,Apple Watch S9,13264,街口支付
2026-04-15 07:30,SA-271862,M01363,生活居家,TOTO 溫水洗淨便座,9357,信用卡
2026-04-25 11:29,SA-654320,M00851,服飾配件,Nike Air Force 1,3141,信用卡
2026-04-10 11:02,SA-814717,M01268,服飾配件,Ray-Ban 飛行員太陽眼鏡,5254,信用卡
2026-04-23 17:36,SA-621201,M01208,美妝保養,蘭蔻 極光水,3498,超商貨到付款
2026-04-06 11:25,SA-201578,M01496,美妝保養,SK-II 青春露,6224,信用卡
2026-04-13 01:04,SA-979157,M00653,母嬰用品,Joie 輕量雙向推車,6199,街口支付
2026-04-22 09:01,SA-419247,M00867,生活居家,舒潔 抽取式衛生紙(箱),833,信用卡
2026-04-28 00:49,SA-463597,M01335,3C家電,LG 掃地機器人,15622,信用卡
2026-04-09 16:48,SA-520682,M00507,服飾配件,Levi's 501牛仔褲,3615,街口支付
2026-04-24 05:26,SA-963987,M00290,服飾配件,Ray-Ban 飛行員太陽眼鏡,5464,超商貨到付款
2026-04-13 04:30,SA-965810,M00744,生活居家,TOTO 溫水洗淨便座,9899,LinePay
2026-04-11 07:25,SA-655478,M00946,服飾配件,Uniqlo 極暖發熱衣,740,ATM轉帳
2026-04-16 11:30,SA-966665,M00924,3C家電,Nintendo Switch,9372,信用卡
2026-04-10 05:56,SA-282461,M01257,生活居家,宜得利 N-COOL涼感床墊,1282,LinePay
2026-04-21 09:16,SA-112812,M01114,美妝保養,蘭蔻 極光水,3461,LinePay
2026-04-21 10:49,SA-539876,M00862,美妝保養,資生堂 百優精純乳霜,2702,超商貨到付款
2026-04-08 13:32,SA-329216,M00633,保健食品,桂格 大燕麥片,235,信用卡
2026-04-16 21:19,SA-623197,M00576,生活居家,無印良品 PP收納盒,432,超商貨到付款
2026-04-15 08:54,SA-437203,M00796,3C家電,LG 掃地機器人,14315,ATM轉帳
2026-04-12 12:42,SA-969022,M00149,保健食品,桂格 大燕麥片,220,LinePay
2026-04-18 06:12,SA-900715,M00977,生活居家,宜得利 N-COOL涼感床墊,1289,信用卡
2026-04-01 11:08,SA-434165,M00418,生活居家,TOTO 溫水洗淨便座,9795,信用卡
2026-04-02 05:06,SA-364786,M01279,服飾配件,Levi's 501牛仔褲,3882,LinePay
2026-04-28 13:42,SA-675951,M00154,3C家電,LG 掃地機器人,14779,信用卡
2026-04-15 17:41,SA-568359,M00176,生活居家,無印良品 PP收納盒,414,街口支付
2026-04-20 11:46,SA-827576,M00071,美妝保養,SK-II 青春露,5850,信用卡
2026-04-04 02:22,SA-683539,M00086,美妝保養,SK-II 青春露,5824,街口支付
2026-04-26 20:34,SA-194283,M01336,生活居家,宜得利 N-COOL涼感床墊,1242,LinePay
2026-04-22 13:28,SA-719801,M00389,母嬰用品,明治 金選奶粉,708,信用卡
2026-04-13 11:00,SA-165379,M00836,生活居家,3M 淨水器濾心,2346,超商貨到付款
2026-04-04 01:21,SA-954928,M00428,美妝保養,SK-II 青春露,6239,信用卡
2026-04-09 08:17,SA-246598,M00154,美妝保養,資生堂 百優精純乳霜,2691,LinePay
2026-04-23 09:36,SA-411366,M01007,美妝保養,理膚寶水 B5全面修復霜,878,超商貨到付款
2026-04-11 21:19,SA-751632,M00636,生活居家,3M 淨水器濾心,2329,信用卡
2026-04-08 15:08,SA-353122,M00223,服飾配件,G-Shock 經典運動錶,3040,信用卡
2026-04-05 20:56,SA-171506,M00279,美妝保養,雅詩蘭黛 小棕瓶,4099,LinePay
2026-04-05 06:21,SA-802502,M01171,3C家電,Nintendo Switch,9579,LinePay
2026-04-24 10:47,SA-298960,M00581,生活居家,TOTO 溫水洗淨便座,9146,超商貨到付款
2026-04-16 05:42,SA-340502,M00114,3C家電,Sony 降噪耳機,9833,信用卡
2026-04-23 22:21,SA-966455,M01343,生活居家,宜得利 N-COOL涼感床墊,1272,信用卡
2026-04-03 00:31,SA-717185,M00155,3C家電,Dyson 吹風機,14157,ATM轉帳
2026-04-16 21:32,SA-773032,M00666,美妝保養,蘭蔻 極光水,3521,信用卡
2026-04-24 09:26,SA-779948,M00773,保健食品,白蘭氏 雙認證雞精(盒),1242,LinePay
2026-04-04 18:39,SA-376286,M01191,服飾配件,G-Shock 經典運動錶,2883,LinePay
2026-04-22 16:57,SA-807657,M01394,保健食品,善存 綜合維他命,931,信用卡
2026-04-17 20:44,SA-211541,M01022,服飾配件,Levi's 501牛仔褲,3978,LinePay
2026-04-20 17:26,SA-283403,M01198,母嬰用品,Joie 輕量雙向推車,6460,LinePay
2026-04-06 11:11,SA-921109,M01242,3C家電,Nintendo Switch,9254,信用卡
2026-04-29 19:03,SA-324386,M00887,服飾配件,Ray-Ban 飛行員太陽眼鏡,5301,信用卡
2026-04-20 11:09,SA-400862,M00761,美妝保養,理膚寶水 B5全面修復霜,835,信用卡
2026-04-04 22:58,SA-510407,M01105,3C家電,Nintendo Switch,9359,街口支付
2026-04-23 17:17,SA-499718,M01383,生活居家,宜得利 N-COOL涼感床墊,1190,LinePay
2026-04-22 04:09,SA-193703,M00776,美妝保養,SK-II 青春露,6197,信用卡
2026-04-11 14:18,SA-623636,M01430,美妝保養,理膚寶水 B5全面修復霜,809,LinePay
2026-04-22 07:34,SA-674195,M00760,保健食品,娘家 大紅麴,2388,LinePay
2026-04-26 00:13,SA-409060,M01186,3C家電,Apple Watch S9,12406,信用卡
2026-04-21 13:52,SA-952956,M00617,美妝保養,SK-II 青春露,5993,街口支付
2026-04-14 06:22,SA-977414,M00217,3C家電,Nintendo Switch,9104,信用卡
2026-04-26 05:24,SA-425347,M01496,生活居家,TOTO 溫水洗淨便座,8926,信用卡
2026-04-26 11:32,SA-665999,M00291,3C家電,Dyson 吹風機,13430,信用卡
2026-04-16 22:57,SA-966257,M00815,服飾配件,Levi's 501牛仔褲,3976,信用卡
2026-04-01 22:19,SA-340695,M01197,3C家電,LG 掃地機器人,14944,信用卡
2026-04-01 02:15,SA-952188,M00842,美妝保養,理膚寶水 B5全面修復霜,836,LinePay
2026-04-26 21:27,SA-506842,M00331,服飾配件,Levi's 501牛仔褲,3681,超商貨到付款
2026-04-17 16:46,SA-629606,M00699,美妝保養,資生堂 百優精純乳霜,2627,信用卡
2026-04-07 19:50,SA-972147,M01167,3C家電,LG 掃地機器人,15689,超商貨到付款
2026-04-29 19:47,SA-320248,M00732,母嬰用品,貝親 寬口玻璃奶瓶,546,信用卡
2026-04-18 23:31,SA-837043,M01173,服飾配件,Uniqlo 極暖發熱衣,720,信用卡
2026-04-26 18:27,SA-299466,M01093,美妝保養,理膚寶水 B5全面修復霜,797,信用卡
2026-04-13 18:32,SA-493788,M00289,母嬰用品,Joie 輕量雙向推車,6254,街口支付
2026-04-20 10:04,SA-272643,M00287,生活居家,宜得利 N-COOL涼感床墊,1191,信用卡
2026-04-02 01:33,SA-167252,M01344,服飾配件,G-Shock 經典運動錶,3006,信用卡
2026-04-25 13:22,SA-301477,M01213,美妝保養,SK-II 青春露,6205,信用卡
2026-04-25 22:39,SA-586905,M01000,美妝保養,資生堂 百優精純乳霜,2612,LinePay
2026-04-01 01:00,SA-406478,M00626,3C家電,Nintendo Switch,9537,信用卡
2026-04-16 19:25,SA-581971,M01444,母嬰用品,Combi 奶瓶消毒鍋,3235,信用卡
2026-04-05 23:35,SA-863111,M00817,美妝保養,蘭蔻 極光水,3271,LinePay
2026-04-18 23:55,SA-757239,M00538,3C家電,Nintendo Switch,9020,LinePay
2026-04-22 22:23,SA-765552,M00930,美妝保養,SK-II 青春露,6037,信用卡
2026-04-15 21:35,SA-932104,M01169,服飾配件,Levi's 501牛仔褲,3987,信用卡
2026-04-13 15:11,SA-563408,M00552,3C家電,Apple Watch S9,13338,LinePay
2026-04-27 04:15,SA-606846,M01426,美妝保養,蘭蔻 極光水,3260,LinePay
2026-04-30 04:20,SA-801789,M00327,生活居家,舒潔 抽取式衛生紙(箱),821,超商貨到付款
2026-04-30 04:44,SA-305330,M00003,母嬰用品,幫寶適 一級幫紙尿褲(箱),1530,信用卡
2026-04-29 13:52,SA-886355,M00587,美妝保養,雅詩蘭黛 小棕瓶,4078,LinePay
2026-04-05 04:16,SA-100254,M00445,美妝保養,雅詩蘭黛 小棕瓶,4001,街口支付
2026-04-29 16:09,SA-578550,M00829,美妝保養,理膚寶水 B5全面修復霜,814,信用卡
2026-04-15 04:04,SA-698714,M01200,服飾配件,Nike Air Force 1,3290,LinePay
2026-04-15 05:11,SA-951839,M01080,服飾配件,G-Shock 經典運動錶,3052,LinePay
2026-04-16 05:27,SA-207856,M00294,3C家電,LG 掃地機器人,14612,LinePay
2026-04-01 07:49,SA-549923,M01046,3C家電,Apple Watch S9,12869,LinePay
2026-04-13 15:09,SA-308691,M01384,美妝保養,雅詩蘭黛 小棕瓶,3913,LinePay
2026-04-03 23:55,SA-539215,M00730,3C家電,LG 掃地機器人,15302,LinePay
2026-04-26 15:08,SA-320177,M00232,3C家電,Sony 降噪耳機,10531,信用卡
2026-04-09 12:07,SA-301130,M00889,母嬰用品,Joie 輕量雙向推車,6660,信用卡
2026-04-05 07:30,SA-937542,M00555,服飾配件,Levi's 501牛仔褲,3880,街口支付
2026-04-02 09:45,SA-930799,M01336,服飾配件,Ray-Ban 飛行員太陽眼鏡,5433,超商貨到付款
2026-04-05 13:37,SA-731412,M00101,服飾配件,Ray-Ban 飛行員太陽眼鏡,5509,信用卡
2026-04-05 20:16,SA-757881,M00907,母嬰用品,幫寶適 一級幫紙尿褲(箱),1558,超商貨到付款
2026-04-01 09:53,SA-765107,M01390,生活居家,無印良品 PP收納盒,443,ATM轉帳
2026-04-10 02:34,SA-519092,M00018,保健食品,桂格 大燕麥片,225,街口支付
2026-04-06 15:41,SA-926301,M00352,生活居家,TOTO 溫水洗淨便座,9045,LinePay
2026-04-13 02:25,SA-661561,M00998,3C家電,iPhone 15 Pro,36480,信用卡
2026-04-24 06:23,SA-719446,M00524,生活居家,TOTO 溫水洗淨便座,9739,LinePay
2026-04-24 18:50,SA-618590,M00072,美妝保養,蘭蔻 極光水,3599,信用卡
2026-04-02 11:14,SA-517110,M00232,3C家電,Nintendo Switch,8838,LinePay
2026-04-26 04:48,SA-540802,M01327,服飾配件,Uniqlo 極暖發熱衣,788,信用卡
2026-04-16 05:15,SA-507792,M00763,服飾配件,Uniqlo 極暖發熱衣,722,LinePay
2026-04-17 22:01,SA-538163,M00655,美妝保養,SK-II 青春露,5945,信用卡
2026-04-21 17:45,SA-548145,M00456,服飾配件,G-Shock 經典運動錶,3079,信用卡
2026-04-15 14:24,SA-273170,M00618,3C家電,LG 掃地機器人,14769,信用卡
2026-04-13 11:34,SA-353501,M00307,服飾配件,G-Shock 經典運動錶,2982,LinePay
2026-04-29 21:37,SA-169881,M01049,母嬰用品,Combi 奶瓶消毒鍋,3137,信用卡
2026-04-29 04:34,SA-234625,M00764,保健食品,善存 綜合維他命,862,超商貨到付款
2026-04-18 03:16,SA-805616,M00250,服飾配件,G-Shock 經典運動錶,3094,ATM轉帳
2026-04-08 00:56,SA-544589,M00990,美妝保養,資生堂 百優精純乳霜,2545,超商貨到付款
2026-04-03 06:19,SA-474778,M01154,3C家電,Sony 降噪耳機,10106,超商貨到付款
2026-04-15 04:08,SA-548747,M00306,3C家電,Apple Watch S9,12815,LinePay
2026-04-19 03:39,SA-628076,M00405,美妝保養,SK-II 青春露,5816,信用卡
2026-04-26 19:11,SA-159284,M00585,生活居家,宜得利 N-COOL涼感床墊,1264,LinePay
2026-04-17 12:06,SA-257381,M01095,生活居家,舒潔 抽取式衛生紙(箱),876,LinePay
2026-04-11 21:30,SA-461517,M00042,服飾配件,G-Shock 經典運動錶,2999,信用卡
2026-04-29 18:25,SA-473906,M00875,生活居家,TOTO 溫水洗淨便座,9878,街口支付
2026-04-13 23:27,SA-754790,M01324,美妝保養,理膚寶水 B5全面修復霜,818,街口支付
2026-04-13 16:57,SA-857863,M01039,生活居家,無印良品 PP收納盒,430,信用卡
2026-04-22 16:28,SA-280552,M00684,母嬰用品,Joie 輕量雙向推車,6556,街口支付
2026-04-06 00:07,SA-966962,M00296,3C家電,Apple Watch S9,12978,LinePay
2026-04-15 16:21,SA-114498,M00565,美妝保養,理膚寶水 B5全面修復霜,846,信用卡
2026-04-04 06:03,SA-914202,M01210,服飾配件,Ray-Ban 飛行員太陽眼鏡,5362,LinePay
2026-04-09 00:10,SA-944581,M00538,服飾配件,Ray-Ban 飛行員太陽眼鏡,5416,LinePay
2026-04-16 19:04,SA-663129,M01404,美妝保養,SK-II 青春露,6217,LinePay
2026-04-19 23:40,SA-758056,M01172,服飾配件,Nike Air Force 1,3189,街口支付
2026-04-07 02:58,SA-251090,M00160,服飾配件,Uniqlo 極暖發熱衣,750,超商貨到付款
2026-04-09 04:02,SA-905680,M00354,美妝保養,SK-II 青春露,5794,街口支付
2026-04-29 21:38,SA-745900,M00674,生活居家,無印良品 PP收納盒,418,ATM轉帳
2026-04-09 05:48,SA-513197,M00998,服飾配件,G-Shock 經典運動錶,2948,超商貨到付款
2026-04-29 02:57,SA-525885,M00116,美妝保養,資生堂 百優精純乳霜,2572,ATM轉帳
2026-04-30 09:44,SA-773340,M01100,3C家電,LG 掃地機器人,15128,信用卡
2026-04-05 08:14,SA-744417,M00538,服飾配件,Levi's 501牛仔褲,3937,信用卡
2026-04-24 18:09,SA-430383,M01425,3C家電,Dyson 吹風機,13773,LinePay
2026-04-10 11:12,SA-796699,M01498,服飾配件,G-Shock 經典運動錶,3143,信用卡
2026-04-21 13:46,SA-505058,M01372,美妝保養,SK-II 青春露,6109,信用卡
2026-04-21 03:10,SA-721275,M00760,生活居家,3M 淨水器濾心,2319,超商貨到付款
2026-04-23 02:45,SA-819333,M00677,美妝保養,蘭蔻 極光水,3581,信用卡
2026-04-25 03:42,SA-415544,M00387,3C家電,Sony 降噪耳機,10511,信用卡
2026-04-15 07:35,SA-805908,M01499,3C家電,LG 掃地機器人,14604,超商貨到付款
2026-04-30 06:44,SA-672417,M01275,3C家電,Nintendo Switch,9254,超商貨到付款
2026-04-03 03:35,SA-606417,M00663,美妝保養,資生堂 百優精純乳霜,2699,信用卡
2026-04-14 22:31,SA-404637,M01258,3C家電,LG 掃地機器人,15587,信用卡
2026-04-22 18:56,SA-924610,M00757,母嬰用品,幫寶適 一級幫紙尿褲(箱),1483,LinePay
2026-04-04 17:49,SA-202464,M00064,美妝保養,雅詩蘭黛 小棕瓶,3944,ATM轉帳
2026-04-02 22:21,SA-142993,M00261,3C家電,Sony 降噪耳機,10347,LinePay
2026-04-21 11:07,SA-861172,M01403,服飾配件,Ray-Ban 飛行員太陽眼鏡,5464,信用卡
2026-04-30 15:36,SA-437847,M00155,母嬰用品,Combi 奶瓶消毒鍋,3167,超商貨到付款
2026-04-05 13:31,SA-182408,M01465,生活居家,TOTO 溫水洗淨便座,9162,信用卡
2026-04-28 21:10,SA-273065,M01281,美妝保養,理膚寶水 B5全面修復霜,850,信用卡
2026-04-09 07:17,SA-383548,M00254,服飾配件,Nike Air Force 1,3375,LinePay
2026-04-15 21:56,SA-144599,M01479,3C家電,Dyson 吹風機,14024,LinePay
2026-04-27 12:36,SA-635490,M01155,生活居家,宜得利 N-COOL涼感床墊,1236,信用卡
2026-04-07 05:20,SA-201972,M00672,3C家電,Sony 降噪耳機,10853,LinePay
2026-04-30 02:02,SA-680512,M00954,服飾配件,Uniqlo 極暖發熱衣,716,街口支付
2026-04-24 00:20,SA-647317,M00356,生活居家,宜得利 N-COOL涼感床墊,1265,超商貨到付款
2026-04-08 11:16,SA-299502,M00089,3C家電,iPhone 15 Pro,34516,ATM轉帳
2026-04-28 09:23,SA-235494,M01077,服飾配件,Levi's 501牛仔褲,3605,信用卡
2026-04-20 07:08,SA-651481,M00987,3C家電,LG 掃地機器人,14421,信用卡
2026-04-24 03:50,SA-511360,M01468,母嬰用品,貝親 寬口玻璃奶瓶,562,信用卡
2026-04-06 03:13,SA-669002,M00915,美妝保養,SK-II 青春露,6080,LinePay
2026-04-02 19:48,SA-307103,M00199,美妝保養,理膚寶水 B5全面修復霜,795,LinePay
2026-04-17 04:09,SA-208282,M01440,服飾配件,Ray-Ban 飛行員太陽眼鏡,5046,街口支付
2026-04-03 10:17,SA-497411,M00320,服飾配件,G-Shock 經典運動錶,3014,LinePay
2026-04-16 20:44,SA-218161,M01415,母嬰用品,貝親 寬口玻璃奶瓶,522,信用卡
2026-04-18 13:02,SA-399074,M00855,服飾配件,Levi's 501牛仔褲,3805,LinePay
2026-04-28 06:39,SA-666585,M01304,服飾配件,G-Shock 經典運動錶,3148,LinePay
2026-04-02 01:04,SA-495447,M00429,母嬰用品,貝親 寬口玻璃奶瓶,574,信用卡
2026-04-17 21:57,SA-470695,M01464,3C家電,Nintendo Switch,9450,超商貨到付款
2026-04-04 10:10,SA-659682,M00448,母嬰用品,幫寶適 一級幫紙尿褲(箱),1475,信用卡
2026-04-03 06:50,SA-214380,M01074,美妝保養,資生堂 百優精純乳霜,2729,信用卡
2026-04-02 18:09,SA-551680,M01350,美妝保養,蘭蔻 極光水,3381,ATM轉帳
2026-04-15 10:23,SA-106422,M00597,生活居家,舒潔 抽取式衛生紙(箱),830,信用卡
2026-04-06 18:29,SA-108995,M01329,美妝保養,雅詩蘭黛 小棕瓶,3998,信用卡
2026-04-20 05:01,SA-857378,M01027,生活居家,無印良品 PP收納盒,413,LinePay
2026-04-19 12:33,SA-284493,M00428,生活居家,舒潔 抽取式衛生紙(箱),856,信用卡
2026-04-02 20:51,SA-547683,M01219,母嬰用品,Joie 輕量雙向推車,6665,信用卡
2026-04-20 23:05,SA-905491,M00801,美妝保養,雅詩蘭黛 小棕瓶,3864,LinePay
2026-04-02 06:36,SA-945266,M01278,服飾配件,Nike Air Force 1,3219,信用卡
2026-04-01 13:43,SA-671270,M01459,生活居家,宜得利 N-COOL涼感床墊,1277,信用卡
2026-04-15 18:20,SA-401673,M01121,美妝保養,理膚寶水 B5全面修復霜,861,街口支付
2026-04-22 04:54,SA-224552,M00605,服飾配件,Levi's 501牛仔褲,3981,信用卡
2026-04-19 18:35,SA-921039,M01071,美妝保養,雅詩蘭黛 小棕瓶,3851,LinePay
2026-04-23 19:13,SA-425352,M01071,3C家電,Nintendo Switch,9322,信用卡
2026-04-15 22:11,SA-311035,M01376,服飾配件,Nike Air Force 1,3372,信用卡
2026-04-27 21:02,SA-238807,M00965,服飾配件,Ray-Ban 飛行員太陽眼鏡,5317,信用卡
2026-04-03 05:22,SA-375733,M00402,生活居家,3M 淨水器濾心,2367,信用卡
2026-04-07 05:47,SA-366135,M01393,服飾配件,Ray-Ban 飛行員太陽眼鏡,5540,超商貨到付款
2026-04-12 00:31,SA-122430,M00752,3C家電,Sony 降噪耳機,10376,信用卡
2026-04-17 04:47,SA-302259,M00483,3C家電,Sony 降噪耳機,10741,超商貨到付款
2026-04-07 17:35,SA-366603,M00788,美妝保養,理膚寶水 B5全面修復霜,806,信用卡
2026-04-13 18:25,SA-795248,M00084,保健食品,白蘭氏 雙認證雞精(盒),1320,LinePay
2026-04-25 16:19,SA-910077,M01321,3C家電,iPhone 15 Pro,35329,LinePay
2026-04-02 06:05,SA-220882,M00852,美妝保養,雅詩蘭黛 小棕瓶,3910,LinePay
2026-04-13 09:40,SA-375271,M00576,母嬰用品,明治 金選奶粉,688,超商貨到付款
2026-04-26 17:20,SA-807033,M01251,服飾配件,Uniqlo 極暖發熱衣,739,LinePay
2026-04-25 13:37,SA-211312,M01089,3C家電,Nintendo Switch,9774,LinePay
2026-04-16 12:54,SA-885999,M00682,3C家電,Nintendo Switch,9290,LinePay
2026-04-03 23:52,SA-616897,M00745,美妝保養,蘭蔻 極光水,3579,信用卡
2026-04-30 20:54,SA-780141,M01070,母嬰用品,貝親 寬口玻璃奶瓶,529,信用卡
2026-04-29 06:28,SA-944836,M00170,服飾配件,Uniqlo 極暖發熱衣,729,街口支付
2026-04-23 21:24,SA-293120,M00352,服飾配件,Uniqlo 極暖發熱衣,750,超商貨到付款
2026-04-03 22:35,SA-320477,M00984,3C家電,iPhone 15 Pro,34620,LinePay
2026-04-03 07:39,SA-165025,M00631,生活居家,TOTO 溫水洗淨便座,9251,信用卡
2026-04-07 17:49,SA-203138,M00414,服飾配件,Ray-Ban 飛行員太陽眼鏡,5272,LinePay
2026-04-06 22:22,SA-832204,M01397,美妝保養,雅詩蘭黛 小棕瓶,3950,LinePay
2026-04-17 16:12,SA-899790,M00821,3C家電,iPhone 15 Pro,34069,信用卡
2026-04-23 07:46,SA-542470,M01171,3C家電,iPhone 15 Pro,34237,信用卡
2026-04-09 19:39,SA-344962,M00085,3C家電,LG 掃地機器人,15779,街口支付
2026-04-20 22:09,SA-659533,M00015,3C家電,iPhone 15 Pro,36290,街口支付
2026-04-29 21:41,SA-851410,M00389,生活居家,舒潔 抽取式衛生紙(箱),825,信用卡
2026-04-10 13:51,SA-315956,M00014,3C家電,Dyson 吹風機,13790,信用卡
2026-04-05 22:55,SA-591358,M01245,母嬰用品,Joie 輕量雙向推車,6434,LinePay
2026-04-20 07:32,SA-165112,M00063,3C家電,iPhone 15 Pro,34622,信用卡
2026-04-01 04:26,SA-626452,M00942,美妝保養,雅詩蘭黛 小棕瓶,4014,信用卡
2026-04-19 15:59,SA-732922,M01348,保健食品,娘家 大紅麴,2553,LinePay
2026-04-03 23:25,SA-621676,M01202,3C家電,Nintendo Switch,9309,信用卡
2026-04-22 17:35,SA-246228,M00813,3C家電,Dyson 吹風機,13900,信用卡
2026-04-02 01:29,SA-733157,M00013,母嬰用品,貝親 寬口玻璃奶瓶,542,信用卡
2026-04-26 08:47,SA-583614,M00576,母嬰用品,Combi 奶瓶消毒鍋,3067,超商貨到付款
2026-04-05 02:57,SA-109858,M01038,美妝保養,蘭蔻 極光水,3425,超商貨到付款
2026-04-10 07:46,SA-111679,M00752,服飾配件,Levi's 501牛仔褲,3780,信用卡
2026-04-28 02:45,SA-553879,M01059,生活居家,TOTO 溫水洗淨便座,9461,超商貨到付款
2026-04-23 23:11,SA-505542,M00909,美妝保養,蘭蔻 極光水,3323,信用卡
2026-04-28 17:13,SA-527392,M01331,3C家電,Nintendo Switch,9159,信用卡
2026-04-05 06:19,SA-459492,M00186,3C家電,Apple Watch S9,13016,信用卡
2026-04-30 12:46,SA-993508,M00574,美妝保養,資生堂 百優精純乳霜,2555,街口支付
2026-04-27 17:55,SA-906147,M00525,服飾配件,Levi's 501牛仔褲,3868,信用卡
2026-04-09 16:18,SA-482982,M00426,服飾配件,Ray-Ban 飛行員太陽眼鏡,5323,超商貨到付款
2026-04-09 09:38,SA-790268,M00432,服飾配件,G-Shock 經典運動錶,2901,LinePay
2026-04-28 23:22,SA-233057,M00716,生活居家,3M 淨水器濾心,2481,LinePay
2026-04-07 02:39,SA-480966,M01192,生活居家,舒潔 抽取式衛生紙(箱),879,街口支付
2026-04-16 19:52,SA-644766,M00123,美妝保養,理膚寶水 B5全面修復霜,828,超商貨到付款
2026-04-07 00:03,SA-165839,M00616,3C家電,Sony 降噪耳機,10791,街口支付
2026-04-27 08:05,SA-367229,M01395,3C家電,iPhone 15 Pro,35245,信用卡
2026-04-11 09:24,SA-702597,M00709,生活居家,舒潔 抽取式衛生紙(箱),829,LinePay
2026-04-01 22:44,SA-757304,M00201,美妝保養,SK-II 青春露,5895,LinePay
2026-04-05 09:45,SA-435943,M00698,美妝保養,蘭蔻 極光水,3499,街口支付
2026-04-16 12:03,SA-935383,M00965,美妝保養,蘭蔻 極光水,3377,ATM轉帳
2026-04-06 17:15,SA-766133,M01056,美妝保養,SK-II 青春露,6000,信用卡
2026-04-30 04:36,SA-359391,M00440,母嬰用品,明治 金選奶粉,697,信用卡
2026-04-08 02:51,SA-821344,M01288,3C家電,Dyson 吹風機,13642,街口支付
2026-04-02 13:24,SA-165592,M01177,母嬰用品,Joie 輕量雙向推車,6270,信用卡
2026-04-28 01:33,SA-133745,M00331,美妝保養,資生堂 百優精純乳霜,2679,LinePay
2026-04-23 14:05,SA-607949,M01296,服飾配件,Ray-Ban 飛行員太陽眼鏡,5432,LinePay
2026-04-09 12:14,SA-717979,M00569,美妝保養,蘭蔻 極光水,3402,信用卡
2026-04-12 16:34,SA-956980,M01247,3C家電,Sony 降噪耳機,10579,信用卡
2026-04-25 10:14,SA-210254,M01231,生活居家,TOTO 溫水洗淨便座,9022,信用卡
2026-04-27 14:01,SA-394037,M01266,美妝保養,理膚寶水 B5全面修復霜,872,街口支付
2026-04-28 06:09,SA-845332,M00307,3C家電,Dyson 吹風機,14133,信用卡
2026-04-15 17:26,SA-783067,M00222,美妝保養,SK-II 青春露,6146,LinePay
2026-04-03 20:35,SA-255727,M00478,保健食品,娘家 大紅麴,2472,ATM轉帳
2026-04-25 12:35,SA-289643,M00425,服飾配件,Nike Air Force 1,3366,街口支付
2026-04-30 16:46,SA-172441,M01159,服飾配件,G-Shock 經典運動錶,2897,LinePay
2026-04-23 13:01,SA-425524,M01459,生活居家,宜得利 N-COOL涼感床墊,1266,信用卡
2026-04-19 19:25,SA-411250,M01236,服飾配件,Nike Air Force 1,3204,信用卡
2026-04-02 11:23,SA-956535,M00082,生活居家,TOTO 溫水洗淨便座,9701,信用卡
2026-04-11 06:16,SA-472538,M00990,生活居家,TOTO 溫水洗淨便座,9001,LinePay
2026-04-20 12:57,SA-686444,M00950,3C家電,Dyson 吹風機,13606,信用卡
2026-04-26 03:03,SA-464497,M00074,美妝保養,蘭蔻 極光水,3522,街口支付
2026-04-23 02:53,SA-261458,M00528,生活居家,3M 淨水器濾心,2320,LinePay
2026-04-23 23:20,SA-725755,M01298,母嬰用品,明治 金選奶粉,740,信用卡
2026-04-30 04:55,SA-864213,M01087,3C家電,Nintendo Switch,9146,信用卡
2026-04-15 11:44,SA-936343,M01064,3C家電,Apple Watch S9,13087,信用卡
2026-04-02 13:21,SA-782040,M00215,美妝保養,雅詩蘭黛 小棕瓶,4090,LinePay
2026-04-10 22:28,SA-590088,M01237,服飾配件,Ray-Ban 飛行員太陽眼鏡,5532,超商貨到付款
2026-04-11 19:41,SA-932218,M00070,生活居家,TOTO 溫水洗淨便座,8913,信用卡
2026-04-16 17:28,SA-947190,M00479,母嬰用品,Joie 輕量雙向推車,6302,LinePay
2026-04-25 11:52,SA-609833,M01468,生活居家,宜得利 N-COOL涼感床墊,1211,信用卡
2026-04-25 12:38,SA-992563,M00064,母嬰用品,Joie 輕量雙向推車,6624,LinePay
2026-04-13 09:55,SA-820579,M00312,生活居家,舒潔 抽取式衛生紙(箱),883,LinePay
2026-04-22 23:25,SA-138611,M00166,生活居家,宜得利 N-COOL涼感床墊,1233,超商貨到付款
2026-04-21 03:23,SA-934427,M00451,3C家電,LG 掃地機器人,14332,街口支付
2026-04-13 14:28,SA-591324,M00644,美妝保養,SK-II 青春露,6158,信用卡
2026-04-18 16:07,SA-232452,M01220,美妝保養,理膚寶水 B5全面修復霜,867,LinePay
2026-04-04 13:04,SA-742814,M00590,生活居家,TOTO 溫水洗淨便座,9797,信用卡
2026-04-13 20:31,SA-231524,M00961,母嬰用品,Combi 奶瓶消毒鍋,2996,信用卡
2026-04-26 00:03,SA-249501,M00338,母嬰用品,Combi 奶瓶消毒鍋,3101,信用卡
2026-04-19 03:34,SA-725241,M01221,3C家電,LG 掃地機器人,14344,信用卡
2026-04-18 07:33,SA-911820,M00225,服飾配件,Nike Air Force 1,3375,超商貨到付款
2026-04-19 15:58,SA-171088,M01191,美妝保養,SK-II 青春露,5760,超商貨到付款
2026-04-30 23:07,SA-870709,M00180,3C家電,Sony 降噪耳機,9996,信用卡
2026-04-15 23:29,SA-619702,M00983,母嬰用品,幫寶適 一級幫紙尿褲(箱),1454,LinePay
2026-04-09 13:55,SA-891681,M00648,母嬰用品,幫寶適 一級幫紙尿褲(箱),1464,信用卡
2026-04-11 08:17,SA-716838,M00494,服飾配件,Nike Air Force 1,3391,信用卡
2026-04-08 14:48,SA-651338,M00080,3C家電,iPhone 15 Pro,36532,LinePay
2026-04-24 14:49,SA-275100,M01394,母嬰用品,幫寶適 一級幫紙尿褲(箱),1584,超商貨到付款
2026-04-13 05:44,SA-790973,M01164,生活居家,宜得利 N-COOL涼感床墊,1252,超商貨到付款
2026-04-11 07:25,SA-801780,M00014,母嬰用品,幫寶適 一級幫紙尿褲(箱),1505,LinePay
2026-04-18 01:47,SA-636292,M00652,保健食品,善存 綜合維他命,930,信用卡
2026-04-14 02:56,SA-858279,M01427,美妝保養,SK-II 青春露,6030,信用卡
2026-04-11 22:26,SA-242087,M00319,3C家電,Nintendo Switch,9164,超商貨到付款
2026-04-10 13:23,SA-431852,M00487,服飾配件,Ray-Ban 飛行員太陽眼鏡,5389,信用卡
2026-04-15 00:51,SA-613842,M00956,生活居家,TOTO 溫水洗淨便座,9600,LinePay
2026-04-16 07:53,SA-652158,M00771,3C家電,Sony 降噪耳機,10890,LinePay
2026-04-01 17:44,SA-631609,M00407,服飾配件,Ray-Ban 飛行員太陽眼鏡,5445,信用卡
2026-04-02 03:47,SA-661787,M00602,母嬰用品,Combi 奶瓶消毒鍋,3131,超商貨到付款
2026-04-13 17:52,SA-968634,M01336,生活居家,舒潔 抽取式衛生紙(箱),822,信用卡
2026-04-17 21:04,SA-583912,M01227,美妝保養,雅詩蘭黛 小棕瓶,3792,LinePay
2026-04-26 04:08,SA-107794,M01391,保健食品,桂格 大燕麥片,216,信用卡
2026-04-17 01:44,SA-311679,M00167,生活居家,舒潔 抽取式衛生紙(箱),883,LinePay
2026-04-02 08:44,SA-448476,M00357,保健食品,娘家 大紅麴,2358,信用卡
2026-04-14 02:44,SA-743809,M01332,美妝保養,資生堂 百優精純乳霜,2684,信用卡
2026-04-17 06:17,SA-493436,M01371,3C家電,Apple Watch S9,12461,信用卡
2026-04-03 05:22,SA-895442,M01493,美妝保養,理膚寶水 B5全面修復霜,796,LinePay
2026-04-19 19:47,SA-487230,M00152,美妝保養,SK-II 青春露,6235,超商貨到付款
2026-04-16 08:55,SA-601811,M01248,美妝保養,理膚寶水 B5全面修復霜,806,超商貨到付款
2026-04-03 21:17,SA-816588,M01403,生活居家,無印良品 PP收納盒,433,ATM轉帳
2026-04-08 05:05,SA-432033,M01469,生活居家,宜得利 N-COOL涼感床墊,1225,街口支付
2026-04-16 16:42,SA-432853,M00407,美妝保養,資生堂 百優精純乳霜,2579,信用卡
2026-04-22 13:53,SA-523204,M01117,3C家電,Apple Watch S9,12480,超商貨到付款
2026-04-22 16:37,SA-796214,M00387,母嬰用品,Combi 奶瓶消毒鍋,3077,信用卡
2026-04-10 03:49,SA-957612,M01290,服飾配件,Uniqlo 極暖發熱衣,776,超商貨到付款
2026-04-12 21:33,SA-441544,M00970,3C家電,Nintendo Switch,8823,ATM轉帳
2026-04-27 21:20,SA-133539,M00140,生活居家,TOTO 溫水洗淨便座,9837,信用卡
2026-04-11 06:43,SA-286394,M00289,服飾配件,Levi's 501牛仔褲,3681,ATM轉帳
2026-04-04 11:30,SA-254868,M00846,服飾配件,Nike Air Force 1,3102,信用卡
2026-04-05 11:00,SA-964731,M00707,美妝保養,資生堂 百優精純乳霜,2690,信用卡
2026-04-24 15:55,SA-362910,M00852,母嬰用品,Combi 奶瓶消毒鍋,3199,信用卡
2026-04-05 23:40,SA-906951,M00021,生活居家,舒潔 抽取式衛生紙(箱),890,LinePay
2026-04-17 17:48,SA-469854,M00532,母嬰用品,Combi 奶瓶消毒鍋,3236,LinePay
2026-04-11 10:58,SA-682801,M01387,保健食品,善存 綜合維他命,920,信用卡
2026-04-14 05:23,SA-495548,M01403,3C家電,Apple Watch S9,13046,LinePay
2026-04-27 21:19,SA-775620,M00866,美妝保養,雅詩蘭黛 小棕瓶,3910,超商貨到付款
2026-04-04 13:17,SA-680417,M00844,3C家電,Sony 降噪耳機,9941,LinePay
2026-04-04 18:55,SA-440247,M01003,生活居家,舒潔 抽取式衛生紙(箱),838,LinePay
2026-04-25 20:34,SA-585968,M00721,美妝保養,理膚寶水 B5全面修復霜,847,街口支付
2026-04-19 19:33,SA-866469,M01228,服飾配件,Levi's 501牛仔褲,3621,LinePay
2026-04-08 13:47,SA-941152,M01443,保健食品,善存 綜合維他命,915,信用卡
2026-04-04 12:06,SA-336638,M00287,美妝保養,SK-II 青春露,6094,信用卡
2026-04-27 03:10,SA-799908,M00366,母嬰用品,幫寶適 一級幫紙尿褲(箱),1536,LinePay
2026-04-01 10:28,SA-987245,M00083,3C家電,Dyson 吹風機,13411,信用卡
2026-04-28 08:51,SA-573105,M00437,服飾配件,G-Shock 經典運動錶,3185,信用卡
2026-04-19 10:59,SA-926419,M00076,3C家電,Dyson 吹風機,14475,ATM轉帳
2026-04-28 21:56,SA-501117,M01100,美妝保養,蘭蔻 極光水,3245,LinePay
2026-04-22 04:51,SA-164802,M00337,生活居家,無印良品 PP收納盒,428,街口支付
2026-04-28 11:13,SA-597141,M00921,服飾配件,Uniqlo 極暖發熱衣,717,超商貨到付款
2026-04-23 20:09,SA-888843,M00509,美妝保養,蘭蔻 極光水,3379,超商貨到付款
2026-04-04 11:04,SA-325000,M01203,母嬰用品,貝親 寬口玻璃奶瓶,549,超商貨到付款
2026-04-29 05:11,SA-963041,M01271,母嬰用品,明治 金選奶粉,687,LinePay
2026-04-13 08:05,SA-396995,M01010,3C家電,Sony 降噪耳機,10683,超商貨到付款
2026-04-06 04:04,SA-642681,M01072,服飾配件,Nike Air Force 1,3197,超商貨到付款
2026-04-14 20:46,SA-633772,M01421,服飾配件,Ray-Ban 飛行員太陽眼鏡,5396,街口支付
2026-04-16 15:05,SA-597128,M00568,美妝保養,資生堂 百優精純乳霜,2719,信用卡
2026-04-12 20:51,SA-340069,M01326,美妝保養,資生堂 百優精純乳霜,2649,超商貨到付款
2026-04-22 05:42,SA-141354,M01094,服飾配件,Nike Air Force 1,3344,LinePay
2026-04-04 12:30,SA-255113,M00688,3C家電,LG 掃地機器人,14379,超商貨到付款
2026-04-10 15:48,SA-135495,M00830,3C家電,Apple Watch S9,12214,超商貨到付款
2026-04-02 18:15,SA-179419,M00001,生活居家,TOTO 溫水洗淨便座,9266,街口支付
2026-04-01 23:27,SA-766764,M00044,服飾配件,G-Shock 經典運動錶,2895,信用卡
2026-04-04 17:30,SA-131578,M00603,服飾配件,Nike Air Force 1,3207,LinePay
2026-04-29 09:39,SA-963953,M00568,3C家電,Dyson 吹風機,14407,LinePay
2026-04-16 10:30,SA-770626,M00001,母嬰用品,明治 金選奶粉,733,信用卡
2026-04-01 03:28,SA-786633,M01148,美妝保養,SK-II 青春露,5762,信用卡
2026-04-25 09:27,SA-802229,M01195,服飾配件,Ray-Ban 飛行員太陽眼鏡,5283,LinePay
2026-04-25 09:29,SA-121781,M01132,美妝保養,資生堂 百優精純乳霜,2724,LinePay
2026-04-28 11:20,SA-478131,M01165,美妝保養,SK-II 青春露,5668,LinePay
2026-04-05 15:47,SA-933832,M01007,保健食品,白蘭氏 雙認證雞精(盒),1301,信用卡
2026-04-05 12:27,SA-813997,M01109,美妝保養,理膚寶水 B5全面修復霜,830,信用卡
2026-04-28 04:18,SA-379151,M00574,生活居家,舒潔 抽取式衛生紙(箱),868,超商貨到付款
2026-04-15 19:02,SA-275294,M00616,美妝保養,資生堂 百優精純乳霜,2750,LinePay
2026-04-24 08:52,SA-423130,M00115,服飾配件,G-Shock 經典運動錶,2903,信用卡
2026-04-11 22:16,SA-697927,M01125,美妝保養,資生堂 百優精純乳霜,2761,超商貨到付款
2026-04-09 17:12,SA-658276,M00259,生活居家,TOTO 溫水洗淨便座,9691,信用卡
2026-04-12 13:15,SA-323880,M01130,3C家電,LG 掃地機器人,15650,LinePay
2026-04-17 22:58,SA-281040,M00549,服飾配件,Levi's 501牛仔褲,3931,LinePay
2026-04-11 19:32,SA-800851,M00083,服飾配件,Ray-Ban 飛行員太陽眼鏡,5074,信用卡
2026-04-29 11:09,SA-383434,M00887,3C家電,Apple Watch S9,12686,信用卡
2026-04-05 20:49,SA-898844,M00607,美妝保養,SK-II 青春露,6136,信用卡
2026-04-30 18:13,SA-420359,M00143,美妝保養,資生堂 百優精純乳霜,2787,街口支付
2026-04-24 02:17,SA-255135,M00540,3C家電,Apple Watch S9,12626,信用卡
2026-04-13 13:05,SA-966188,M00587,服飾配件,Ray-Ban 飛行員太陽眼鏡,5073,LinePay
2026-04-09 16:51,SA-257275,M00307,3C家電,iPhone 15 Pro,33575,LinePay
2026-04-26 23:58,SA-994112,M01134,生活居家,舒潔 抽取式衛生紙(箱),832,信用卡
2026-04-28 00:52,SA-601546,M00160,生活居家,宜得利 N-COOL涼感床墊,1185,LinePay
2026-04-03 21:14,SA-229614,M00848,3C家電,iPhone 15 Pro,34581,超商貨到付款
2026-04-14 08:04,SA-537897,M01469,服飾配件,Ray-Ban 飛行員太陽眼鏡,5431,LinePay
2026-04-06 18:51,SA-527371,M00657,服飾配件,Nike Air Force 1,3324,ATM轉帳
2026-04-09 06:44,SA-298541,M00461,保健食品,桂格 大燕麥片,215,ATM轉帳
2026-04-16 20:57,SA-480777,M00038,服飾配件,Ray-Ban 飛行員太陽眼鏡,5256,超商貨到付款
2026-04-15 02:18,SA-736990,M00146,3C家電,Nintendo Switch,9459,LinePay
2026-04-26 18:11,SA-777361,M01330,美妝保養,蘭蔻 極光水,3264,信用卡
2026-04-28 22:00,SA-337548,M01332,生活居家,3M 淨水器濾心,2266,信用卡
2026-04-28 10:40,SA-439333,M01436,3C家電,iPhone 15 Pro,34189,超商貨到付款
2026-04-25 22:57,SA-579852,M00409,3C家電,Dyson 吹風機,13925,ATM轉帳
2026-04-23 15:45,SA-504707,M00459,美妝保養,資生堂 百優精純乳霜,2520,街口支付
2026-04-26 08:55,SA-233110,M00462,保健食品,娘家 大紅麴,2376,信用卡
2026-04-06 08:18,SA-185610,M01327,3C家電,LG 掃地機器人,15252,信用卡
2026-04-23 19:51,SA-962766,M00376,服飾配件,Nike Air Force 1,3191,信用卡
2026-04-22 10:27,SA-514123,M00951,母嬰用品,明治 金選奶粉,691,LinePay
2026-04-16 16:34,SA-597863,M01084,生活居家,舒潔 抽取式衛生紙(箱),813,信用卡
2026-04-28 19:09,SA-205897,M00403,服飾配件,Levi's 501牛仔褲,3710,信用卡
2026-04-25 21:20,SA-837803,M01448,服飾配件,Ray-Ban 飛行員太陽眼鏡,5318,超商貨到付款
2026-04-06 18:04,SA-384738,M00662,保健食品,娘家 益生菌,1126,LinePay
2026-04-20 23:37,SA-331224,M00069,3C家電,Dyson 吹風機,13693,LinePay
2026-04-11 12:07,SA-125522,M01399,母嬰用品,Combi 奶瓶消毒鍋,3133,LinePay
2026-04-29 19:52,SA-140842,M00208,生活居家,舒潔 抽取式衛生紙(箱),883,LinePay
2026-04-21 06:18,SA-759448,M01412,美妝保養,雅詩蘭黛 小棕瓶,3996,信用卡
2026-04-30 09:20,SA-940384,M00263,生活居家,3M 淨水器濾心,2438,超商貨到付款
2026-04-30 21:25,SA-504217,M00423,3C家電,Dyson 吹風機,13439,街口支付
2026-04-22 02:04,SA-845751,M00817,3C家電,Dyson 吹風機,13254,LinePay
2026-04-04 04:40,SA-215716,M00174,母嬰用品,明治 金選奶粉,729,信用卡
2026-04-09 04:06,SA-305883,M01385,3C家電,LG 掃地機器人,15551,信用卡
2026-04-10 19:04,SA-581447,M00568,生活居家,TOTO 溫水洗淨便座,9011,ATM轉帳
2026-04-12 18:19,SA-878257,M00870,美妝保養,資生堂 百優精純乳霜,2630,信用卡
2026-04-17 05:02,SA-923133,M00227,美妝保養,資生堂 百優精純乳霜,2635,信用卡
2026-04-07 07:09,SA-599630,M00116,保健食品,桂格 大燕麥片,238,信用卡
2026-04-30 00:22,SA-148461,M00022,3C家電,Sony 降噪耳機,10684,信用卡
2026-04-09 08:51,SA-953684,M01087,服飾配件,Ray-Ban 飛行員太陽眼鏡,5244,信用卡
2026-04-10 09:51,SA-170837,M00102,服飾配件,Uniqlo 極暖發熱衣,768,ATM轉帳
2026-04-20 21:33,SA-279288,M00599,3C家電,iPhone 15 Pro,35134,信用卡
2026-04-15 17:09,SA-822645,M00123,服飾配件,Ray-Ban 飛行員太陽眼鏡,5302,信用卡
2026-04-15 21:15,SA-892936,M01055,保健食品,善存 綜合維他命,946,超商貨到付款
2026-04-17 07:27,SA-320670,M00626,母嬰用品,幫寶適 一級幫紙尿褲(箱),1580,信用卡
2026-04-11 01:50,SA-957682,M00333,服飾配件,G-Shock 經典運動錶,3127,信用卡
2026-04-20 23:29,SA-291570,M01087,美妝保養,理膚寶水 B5全面修復霜,878,LinePay
2026-04-06 17:51,SA-165948,M00642,母嬰用品,Joie 輕量雙向推車,6469,信用卡
2026-04-27 21:44,SA-561037,M00213,美妝保養,SK-II 青春露,5805,LinePay
2026-04-29 12:28,SA-431494,M01018,生活居家,3M 淨水器濾心,2485,信用卡
2026-04-26 04:22,SA-539033,M00591,3C家電,iPhone 15 Pro,36288,超商貨到付款
2026-04-14 21:35,SA-203358,M00428,生活居家,TOTO 溫水洗淨便座,9012,街口支付
2026-04-18 00:25,SA-625923,M00595,美妝保養,蘭蔻 極光水,3471,LinePay
2026-04-01 21:20,SA-666075,M00112,服飾配件,Levi's 501牛仔褲,3750,信用卡
2026-04-12 00:25,SA-189851,M01111,3C家電,Dyson 吹風機,14296,超商貨到付款
2026-04-04 18:53,SA-430555,M00284,美妝保養,資生堂 百優精純乳霜,2624,超商貨到付款
2026-04-17 10:59,SA-622011,M00102,美妝保養,資生堂 百優精純乳霜,2744,超商貨到付款
2026-04-27 13:14,SA-189796,M00584,服飾配件,Levi's 501牛仔褲,3953,信用卡
2026-04-05 09:08,SA-808055,M00018,生活居家,舒潔 抽取式衛生紙(箱),889,LinePay
2026-04-15 22:02,SA-349110,M00890,美妝保養,雅詩蘭黛 小棕瓶,3963,信用卡
2026-04-02 12:07,SA-841405,M01095,母嬰用品,幫寶適 一級幫紙尿褲(箱),1492,LinePay
2026-04-15 11:42,SA-330762,M00881,3C家電,LG 掃地機器人,14626,LinePay
2026-04-11 22:41,SA-537808,M00232,美妝保養,蘭蔻 極光水,3461,信用卡
2026-04-21 11:28,SA-862523,M00949,服飾配件,Uniqlo 極暖發熱衣,782,信用卡
2026-04-16 23:56,SA-337054,M00942,母嬰用品,貝親 寬口玻璃奶瓶,535,超商貨到付款
2026-04-04 13:41,SA-761263,M01480,服飾配件,Uniqlo 極暖發熱衣,771,LinePay
2026-04-12 00:24,SA-233124,M01449,3C家電,Sony 降噪耳機,9860,信用卡
2026-04-10 09:10,SA-862435,M01373,服飾配件,Ray-Ban 飛行員太陽眼鏡,5498,信用卡
2026-04-24 20:47,SA-119051,M00403,美妝保養,雅詩蘭黛 小棕瓶,4051,信用卡
2026-04-30 17:42,SA-972479,M00267,保健食品,桂格 大燕麥片,216,LinePay
2026-04-28 20:32,SA-608106,M00978,美妝保養,SK-II 青春露,5870,信用卡
2026-04-09 10:58,SA-585757,M00279,保健食品,娘家 大紅麴,2467,信用卡
2026-04-24 14:02,SA-539149,M01481,生活居家,宜得利 N-COOL涼感床墊,1189,信用卡
2026-04-19 04:05,SA-910180,M00818,美妝保養,資生堂 百優精純乳霜,2736,LinePay
2026-04-01 14:48,SA-842111,M00711,3C家電,Apple Watch S9,12648,信用卡
2026-04-24 02:14,SA-872601,M00334,服飾配件,G-Shock 經典運動錶,3023,LinePay
2026-04-27 10:23,SA-155469,M00007,美妝保養,雅詩蘭黛 小棕瓶,3808,信用卡
2026-04-07 22:20,SA-645230,M00722,生活居家,3M 淨水器濾心,2454,LinePay
2026-04-21 19:47,SA-456877,M00491,美妝保養,蘭蔻 極光水,3558,信用卡
2026-04-16 11:07,SA-943450,M00967,保健食品,桂格 大燕麥片,216,超商貨到付款
2026-04-22 02:04,SA-669750,M00958,生活居家,TOTO 溫水洗淨便座,9422,信用卡
2026-04-03 18:06,SA-896351,M00004,母嬰用品,貝親 寬口玻璃奶瓶,537,信用卡
2026-04-13 19:50,SA-498023,M00218,服飾配件,G-Shock 經典運動錶,3158,ATM轉帳
2026-04-13 02:10,SA-200172,M01117,美妝保養,雅詩蘭黛 小棕瓶,4164,信用卡
2026-04-25 20:14,SA-854546,M01120,服飾配件,Ray-Ban 飛行員太陽眼鏡,5153,LinePay
2026-04-06 18:52,SA-937111,M00196,服飾配件,Ray-Ban 飛行員太陽眼鏡,5472,信用卡
2026-04-02 20:19,SA-869059,M01004,3C家電,Sony 降噪耳機,10147,信用卡
2026-04-03 12:30,SA-416387,M00070,生活居家,3M 淨水器濾心,2396,信用卡
2026-04-13 20:19,SA-385182,M00976,母嬰用品,Joie 輕量雙向推車,6792,超商貨到付款
2026-04-14 22:21,SA-296431,M00095,美妝保養,雅詩蘭黛 小棕瓶,4192,信用卡
2026-04-08 05:31,SA-612833,M00759,美妝保養,資生堂 百優精純乳霜,2769,信用卡
2026-04-03 06:59,SA-217189,M00962,保健食品,娘家 大紅麴,2565,LinePay
2026-04-21 02:26,SA-400384,M01275,保健食品,娘家 益生菌,1188,信用卡
2026-04-06 03:09,SA-974131,M00986,3C家電,iPhone 15 Pro,35997,信用卡
2026-04-18 04:50,SA-740456,M01320,服飾配件,G-Shock 經典運動錶,2972,LinePay
2026-04-07 15:05,SA-101750,M01218,生活居家,無印良品 PP收納盒,411,信用卡
2026-04-13 04:19,SA-724023,M00274,母嬰用品,Joie 輕量雙向推車,6214,信用卡
2026-04-04 01:11,SA-203893,M01057,美妝保養,蘭蔻 極光水,3550,信用卡
2026-04-03 20:26,SA-242697,M01054,3C家電,Nintendo Switch,9706,LinePay
2026-04-25 08:50,SA-208078,M01338,保健食品,娘家 益生菌,1177,LinePay
2026-04-20 03:58,SA-778025,M00070,服飾配件,Ray-Ban 飛行員太陽眼鏡,5306,LinePay
2026-04-22 18:27,SA-927447,M01235,美妝保養,蘭蔻 極光水,3361,信用卡
2026-04-04 23:13,SA-945179,M01162,服飾配件,G-Shock 經典運動錶,3068,LinePay
2026-04-16 09:49,SA-451175,M00248,服飾配件,Ray-Ban 飛行員太陽眼鏡,5436,信用卡
2026-04-15 17:42,SA-971006,M01450,美妝保養,資生堂 百優精純乳霜,2703,信用卡
2026-04-23 04:06,SA-443237,M01375,美妝保養,雅詩蘭黛 小棕瓶,4015,信用卡
2026-04-28 03:30,SA-522097,M00465,美妝保養,SK-II 青春露,6085,信用卡
2026-04-12 12:07,SA-309266,M00240,美妝保養,理膚寶水 B5全面修復霜,839,信用卡
2026-04-20 00:32,SA-901448,M00332,服飾配件,Levi's 501牛仔褲,3598,超商貨到付款
2026-04-19 16:57,SA-350335,M01339,3C家電,Dyson 吹風機,14030,LinePay
2026-04-16 13:47,SA-490125,M01230,服飾配件,Levi's 501牛仔褲,3949,LinePay
2026-04-21 11:51,SA-744687,M00516,生活居家,TOTO 溫水洗淨便座,9793,信用卡
2026-04-15 20:17,SA-544646,M00462,美妝保養,雅詩蘭黛 小棕瓶,3975,信用卡
2026-04-29 21:19,SA-221515,M00993,母嬰用品,貝親 寬口玻璃奶瓶,544,信用卡
2026-04-28 06:07,SA-314155,M00432,美妝保養,資生堂 百優精純乳霜,2755,信用卡
2026-04-17 09:00,SA-317028,M00829,母嬰用品,Combi 奶瓶消毒鍋,3038,信用卡
2026-04-24 22:30,SA-681533,M00426,母嬰用品,貝親 寬口玻璃奶瓶,566,超商貨到付款
2026-04-16 01:17,SA-951358,M00391,生活居家,舒潔 抽取式衛生紙(箱),878,街口支付
2026-04-17 05:08,SA-215874,M00292,美妝保養,資生堂 百優精純乳霜,2756,信用卡
2026-04-20 10:47,SA-973203,M01339,3C家電,Dyson 吹風機,13952,超商貨到付款
2026-04-25 20:52,SA-264985,M00362,服飾配件,Ray-Ban 飛行員太陽眼鏡,5368,信用卡
2026-04-01 14:00,SA-272941,M00174,美妝保養,雅詩蘭黛 小棕瓶,4163,街口支付
2026-04-12 21:36,SA-480371,M00609,服飾配件,Nike Air Force 1,3377,街口支付
2026-04-18 21:15,SA-693920,M01443,3C家電,Sony 降噪耳機,10141,ATM轉帳
2026-04-12 04:20,SA-726472,M01427,服飾配件,Levi's 501牛仔褲,3804,街口支付
2026-04-08 08:46,SA-611093,M00204,服飾配件,G-Shock 經典運動錶,3025,超商貨到付款
2026-04-24 14:14,SA-845857,M00026,保健食品,娘家 益生菌,1117,信用卡
2026-04-08 05:54,SA-758199,M00681,服飾配件,Uniqlo 極暖發熱衣,776,信用卡
2026-04-26 18:50,SA-556969,M00494,3C家電,Sony 降噪耳機,9849,超商貨到付款
2026-04-14 22:41,SA-571597,M01175,保健食品,善存 綜合維他命,940,超商貨到付款
2026-04-14 06:38,SA-871516,M00572,生活居家,TOTO 溫水洗淨便座,9407,LinePay
2026-04-09 05:24,SA-565116,M01155,美妝保養,蘭蔻 極光水,3369,信用卡
2026-04-08 22:37,SA-484197,M00962,3C家電,iPhone 15 Pro,34922,信用卡
2026-04-13 18:26,SA-950213,M00592,美妝保養,蘭蔻 極光水,3349,信用卡
2026-04-08 05:36,SA-362351,M01165,保健食品,桂格 大燕麥片,237,信用卡
2026-04-21 11:58,SA-285024,M00919,美妝保養,理膚寶水 B5全面修復霜,804,LinePay
2026-04-22 00:08,SA-849891,M00521,服飾配件,Levi's 501牛仔褲,3820,信用卡
2026-04-11 15:57,SA-871910,M00357,美妝保養,蘭蔻 極光水,3529,超商貨到付款
2026-04-08 13:51,SA-505567,M00679,3C家電,Dyson 吹風機,13324,超商貨到付款
2026-04-08 09:10,SA-758690,M00791,服飾配件,Ray-Ban 飛行員太陽眼鏡,5302,信用卡
2026-04-20 05:08,SA-187248,M00029,母嬰用品,明治 金選奶粉,738,信用卡
2026-04-26 12:25,SA-201576,M00754,服飾配件,G-Shock 經典運動錶,2925,信用卡
2026-04-03 12:09,SA-949131,M01087,母嬰用品,Joie 輕量雙向推車,6519,LinePay
2026-04-19 01:04,SA-445566,M00214,生活居家,宜得利 N-COOL涼感床墊,1169,信用卡
2026-04-10 11:27,SA-853352,M01162,生活居家,宜得利 N-COOL涼感床墊,1241,超商貨到付款
2026-04-04 21:16,SA-386448,M01274,3C家電,iPhone 15 Pro,34538,LinePay
2026-04-27 19:59,SA-442198,M01369,3C家電,Apple Watch S9,12510,信用卡
2026-04-19 20:22,SA-755866,M01111,美妝保養,蘭蔻 極光水,3542,信用卡
2026-04-12 08:02,SA-902718,M00265,母嬰用品,幫寶適 一級幫紙尿褲(箱),1589,超商貨到付款
2026-04-17 22:13,SA-308545,M00760,服飾配件,Levi's 501牛仔褲,3732,信用卡
2026-04-04 20:05,SA-206471,M00749,美妝保養,SK-II 青春露,5632,LinePay
2026-04-11 15:36,SA-661705,M01465,美妝保養,雅詩蘭黛 小棕瓶,3928,超商貨到付款
2026-04-18 14:20,SA-256150,M01319,美妝保養,資生堂 百優精純乳霜,2552,超商貨到付款
2026-04-03 10:23,SA-136181,M01337,3C家電,iPhone 15 Pro,35289,LinePay
2026-04-20 16:58,SA-733180,M01184,美妝保養,雅詩蘭黛 小棕瓶,3958,信用卡
2026-04-14 19:16,SA-428652,M00076,3C家電,LG 掃地機器人,15667,超商貨到付款
2026-04-25 22:06,SA-490315,M00610,保健食品,娘家 益生菌,1175,超商貨到付款
2026-04-11 22:24,SA-860758,M00250,服飾配件,Nike Air Force 1,3176,LinePay
2026-04-03 06:02,SA-294113,M00590,服飾配件,Nike Air Force 1,3372,信用卡
2026-04-18 18:49,SA-345395,M00807,美妝保養,理膚寶水 B5全面修復霜,826,超商貨到付款
2026-04-18 10:15,SA-198495,M00683,生活居家,TOTO 溫水洗淨便座,9184,信用卡
2026-04-27 00:05,SA-935964,M00488,服飾配件,Ray-Ban 飛行員太陽眼鏡,5415,信用卡
2026-04-16 02:12,SA-296044,M00761,母嬰用品,貝親 寬口玻璃奶瓶,552,超商貨到付款
2026-04-09 03:20,SA-934662,M01419,美妝保養,雅詩蘭黛 小棕瓶,3831,信用卡
2026-04-19 00:12,SA-507872,M00099,美妝保養,資生堂 百優精純乳霜,2619,LinePay
2026-04-28 17:26,SA-566181,M01380,美妝保養,資生堂 百優精純乳霜,2561,LinePay
2026-04-01 11:57,SA-928975,M00384,3C家電,Nintendo Switch,9545,LinePay
2026-04-02 14:12,SA-807817,M01261,母嬰用品,Joie 輕量雙向推車,6797,街口支付
2026-04-30 18:00,SA-589897,M00108,服飾配件,Uniqlo 極暖發熱衣,729,超商貨到付款
2026-04-07 03:17,SA-328948,M00295,服飾配件,Levi's 501牛仔褲,3687,信用卡
2026-04-25 00:54,SA-142438,M01371,3C家電,Nintendo Switch,9663,信用卡
2026-04-27 14:39,SA-415388,M00874,生活居家,無印良品 PP收納盒,448,LinePay
2026-04-14 02:39,SA-414463,M00134,生活居家,無印良品 PP收納盒,430,信用卡
2026-04-05 17:43,SA-690019,M00271,服飾配件,G-Shock 經典運動錶,2910,LinePay
2026-04-09 12:17,SA-115177,M01482,母嬰用品,明治 金選奶粉,736,信用卡
2026-04-24 19:59,SA-734876,M01373,美妝保養,蘭蔻 極光水,3293,街口支付
2026-04-30 11:46,SA-922766,M01045,美妝保養,理膚寶水 B5全面修復霜,840,信用卡
2026-04-23 17:05,SA-263999,M00510,3C家電,Nintendo Switch,9379,LinePay
2026-04-27 03:24,SA-170347,M00992,3C家電,Sony 降噪耳機,10481,超商貨到付款
2026-04-30 15:45,SA-306068,M01478,母嬰用品,明治 金選奶粉,681,LinePay
2026-04-09 08:29,SA-501047,M00381,美妝保養,資生堂 百優精純乳霜,2695,LinePay
2026-04-22 02:05,SA-600187,M01093,保健食品,娘家 益生菌,1147,超商貨到付款
2026-04-16 17:10,SA-563982,M00634,3C家電,LG 掃地機器人,15847,信用卡
2026-04-01 01:37,SA-120731,M00029,母嬰用品,Joie 輕量雙向推車,6401,LinePay
2026-04-12 22:29,SA-821042,M00470,3C家電,Dyson 吹風機,13270,LinePay
2026-04-30 04:55,SA-604080,M00455,美妝保養,雅詩蘭黛 小棕瓶,3850,LinePay
2026-04-20 11:23,SA-477957,M00851,服飾配件,Uniqlo 極暖發熱衣,725,信用卡
2026-04-17 23:40,SA-394926,M01022,服飾配件,G-Shock 經典運動錶,3136,信用卡
2026-04-06 20:37,SA-978938,M01237,美妝保養,SK-II 青春露,5955,信用卡
2026-04-18 02:45,SA-372219,M00810,母嬰用品,貝親 寬口玻璃奶瓶,551,信用卡
2026-04-19 00:43,SA-766907,M00582,3C家電,Sony 降噪耳機,10528,街口支付
2026-04-01 10:42,SA-526716,M00756,美妝保養,蘭蔻 極光水,3484,信用卡
2026-04-26 20:17,SA-747403,M00346,服飾配件,Ray-Ban 飛行員太陽眼鏡,5432,LinePay
2026-04-06 15:19,SA-412770,M01352,保健食品,娘家 大紅麴,2520,街口支付
2026-04-07 11:48,SA-659095,M00421,保健食品,白蘭氏 雙認證雞精(盒),1272,信用卡
2026-04-17 17:17,SA-254445,M00933,美妝保養,資生堂 百優精純乳霜,2776,街口支付
2026-04-09 12:49,SA-643745,M00411,3C家電,Sony 降噪耳機,10010,信用卡
2026-04-16 00:20,SA-475741,M01310,服飾配件,Uniqlo 極暖發熱衣,734,ATM轉帳
2026-04-03 05:25,SA-255497,M01171,3C家電,Sony 降噪耳機,10341,信用卡
2026-04-22 22:48,SA-182135,M01291,服飾配件,Levi's 501牛仔褲,3716,ATM轉帳
2026-04-14 01:27,SA-646237,M01131,美妝保養,理膚寶水 B5全面修復霜,868,LinePay
2026-04-29 19:54,SA-731692,M00342,服飾配件,Nike Air Force 1,3334,街口支付
2026-04-17 04:53,SA-536028,M00679,美妝保養,雅詩蘭黛 小棕瓶,3949,LinePay
2026-04-25 07:49,SA-565701,M00301,服飾配件,Levi's 501牛仔褲,3741,信用卡
2026-04-22 05:54,SA-988012,M01491,3C家電,Nintendo Switch,9182,信用卡
2026-04-10 17:36,SA-192575,M00787,美妝保養,理膚寶水 B5全面修復霜,822,街口支付
2026-04-21 05:36,SA-461832,M00785,母嬰用品,幫寶適 一級幫紙尿褲(箱),1538,信用卡
2026-04-26 15:55,SA-922298,M00871,母嬰用品,幫寶適 一級幫紙尿褲(箱),1561,LinePay
2026-04-18 23:19,SA-767540,M00315,3C家電,Dyson 吹風機,14158,信用卡
2026-04-28 02:23,SA-353947,M00047,美妝保養,資生堂 百優精純乳霜,2688,信用卡
2026-04-28 06:36,SA-604485,M00810,服飾配件,Uniqlo 極暖發熱衣,769,信用卡
2026-04-18 20:50,SA-384010,M00755,生活居家,TOTO 溫水洗淨便座,9399,街口支付
2026-04-22 09:26,SA-581960,M00728,3C家電,LG 掃地機器人,14992,信用卡
2026-04-24 23:54,SA-494043,M00263,美妝保養,雅詩蘭黛 小棕瓶,3794,信用卡
2026-04-01 13:39,SA-960552,M00985,3C家電,Dyson 吹風機,13252,LinePay
2026-04-01 20:33,SA-689596,M00535,美妝保養,雅詩蘭黛 小棕瓶,3863,信用卡
2026-04-06 20:15,SA-374753,M01311,美妝保養,理膚寶水 B5全面修復霜,866,超商貨到付款
2026-04-20 03:42,SA-900507,M00694,3C家電,iPhone 15 Pro,34340,信用卡
2026-04-02 03:26,SA-599529,M00483,服飾配件,Uniqlo 極暖發熱衣,784,超商貨到付款
2026-04-07 12:55,SA-809079,M00260,母嬰用品,Combi 奶瓶消毒鍋,3207,信用卡
2026-04-21 18:36,SA-709215,M01467,美妝保養,雅詩蘭黛 小棕瓶,3870,信用卡
2026-04-18 15:31,SA-975682,M00718,美妝保養,SK-II 青春露,5886,街口支付
2026-04-13 21:54,SA-125089,M00581,3C家電,Nintendo Switch,9026,LinePay
2026-04-24 00:06,SA-339037,M01210,3C家電,LG 掃地機器人,15171,信用卡
2026-04-17 06:37,SA-571278,M01243,美妝保養,蘭蔻 極光水,3336,信用卡
2026-04-24 23:38,SA-997683,M01376,服飾配件,Nike Air Force 1,3223,超商貨到付款
2026-04-24 14:26,SA-829803,M01152,生活居家,宜得利 N-COOL涼感床墊,1167,LinePay
2026-04-07 13:59,SA-645780,M01200,3C家電,iPhone 15 Pro,35617,信用卡
2026-04-24 02:20,SA-409078,M00182,3C家電,Apple Watch S9,12192,超商貨到付款
2026-04-28 02:55,SA-120098,M01449,生活居家,無印良品 PP收納盒,448,LinePay
2026-04-27 02:14,SA-408709,M01218,美妝保養,蘭蔻 極光水,3580,街口支付
2026-04-08 22:53,SA-389722,M00723,服飾配件,Levi's 501牛仔褲,3829,信用卡
2026-04-29 06:29,SA-612275,M00662,母嬰用品,Joie 輕量雙向推車,6301,LinePay
2026-04-21 07:36,SA-824844,M00596,美妝保養,資生堂 百優精純乳霜,2592,LinePay
2026-04-25 11:13,SA-796432,M01475,服飾配件,Levi's 501牛仔褲,3612,信用卡
2026-04-20 09:08,SA-367959,M01316,母嬰用品,明治 金選奶粉,698,LinePay
2026-04-11 08:10,SA-933547,M00131,美妝保養,蘭蔻 極光水,3340,超商貨到付款
2026-04-26 12:24,SA-949316,M00204,服飾配件,Ray-Ban 飛行員太陽眼鏡,5257,LinePay
2026-04-06 10:54,SA-510239,M01309,3C家電,LG 掃地機器人,14563,LinePay
2026-04-28 13:42,SA-946143,M00004,生活居家,宜得利 N-COOL涼感床墊,1243,信用卡
2026-04-24 17:40,SA-740881,M01472,母嬰用品,幫寶適 一級幫紙尿褲(箱),1485,信用卡
2026-04-11 05:50,SA-128277,M01012,美妝保養,雅詩蘭黛 小棕瓶,3924,信用卡
2026-04-23 10:24,SA-858106,M00856,服飾配件,Uniqlo 極暖發熱衣,732,信用卡
2026-04-18 06:11,SA-562021,M00453,3C家電,iPhone 15 Pro,34359,超商貨到付款
2026-04-21 09:42,SA-423476,M01323,服飾配件,Levi's 501牛仔褲,3635,LinePay
2026-04-12 10:58,SA-362396,M00238,生活居家,TOTO 溫水洗淨便座,9117,超商貨到付款
2026-04-19 22:08,SA-730205,M01082,美妝保養,雅詩蘭黛 小棕瓶,4099,超商貨到付款
2026-04-25 09:44,SA-771881,M00159,美妝保養,蘭蔻 極光水,3255,信用卡
2026-04-02 14:44,SA-250714,M00198,美妝保養,蘭蔻 極光水,3423,信用卡
2026-04-14 17:43,SA-785156,M00506,服飾配件,Uniqlo 極暖發熱衣,749,信用卡
2026-04-15 06:30,SA-790622,M01475,生活居家,無印良品 PP收納盒,419,LinePay
2026-04-17 19:25,SA-924350,M01402,3C家電,Sony 降噪耳機,10481,信用卡
2026-04-16 23:38,SA-987716,M00247,保健食品,善存 綜合維他命,867,信用卡
2026-04-25 00:48,SA-888998,M01091,美妝保養,雅詩蘭黛 小棕瓶,3956,信用卡
2026-04-08 18:11,SA-304311,M01310,服飾配件,Ray-Ban 飛行員太陽眼鏡,5059,信用卡
2026-04-20 10:41,SA-213767,M00176,服飾配件,G-Shock 經典運動錶,2966,信用卡
2026-04-29 11:42,SA-678854,M00192,美妝保養,理膚寶水 B5全面修復霜,863,信用卡
2026-04-25 08:34,SA-638476,M00087,生活居家,無印良品 PP收納盒,442,街口支付
2026-04-30 01:42,SA-384496,M00024,3C家電,LG 掃地機器人,15827,信用卡
2026-04-16 06:55,SA-665008,M00263,生活居家,3M 淨水器濾心,2486,LinePay
2026-04-24 05:09,SA-368263,M00703,3C家電,Nintendo Switch,9745,街口支付
2026-04-29 21:11,SA-661787,M01261,美妝保養,SK-II 青春露,6229,信用卡
2026-04-29 07:55,SA-721262,M00086,美妝保養,雅詩蘭黛 小棕瓶,3935,LinePay
2026-04-11 01:59,SA-935629,M00728,生活居家,TOTO 溫水洗淨便座,9462,LinePay
2026-04-21 14:40,SA-901092,M00458,美妝保養,資生堂 百優精純乳霜,2779,街口支付
2026-04-05 17:24,SA-433484,M00014,生活居家,舒潔 抽取式衛生紙(箱),833,信用卡
2026-04-22 13:59,SA-405432,M00478,母嬰用品,幫寶適 一級幫紙尿褲(箱),1499,LinePay
2026-04-03 03:35,SA-128314,M00722,生活居家,無印良品 PP收納盒,408,信用卡
2026-04-12 06:34,SA-360401,M01199,生活居家,TOTO 溫水洗淨便座,9798,超商貨到付款
2026-04-05 18:19,SA-270201,M00090,生活居家,宜得利 N-COOL涼感床墊,1199,超商貨到付款
2026-04-17 22:56,SA-566971,M00693,保健食品,娘家 益生菌,1179,街口支付
2026-04-22 02:13,SA-679450,M00948,3C家電,Sony 降噪耳機,10599,超商貨到付款
2026-04-09 06:11,SA-986335,M00941,3C家電,iPhone 15 Pro,36890,信用卡
2026-04-28 21:39,SA-189436,M01432,3C家電,Apple Watch S9,12881,超商貨到付款
2026-04-04 21:34,SA-244410,M01273,保健食品,善存 綜合維他命,924,信用卡
2026-04-30 07:56,SA-871640,M01265,服飾配件,Nike Air Force 1,3113,LinePay
2026-04-17 01:45,SA-483416,M01407,3C家電,Dyson 吹風機,13823,信用卡
2026-04-02 22:45,SA-748810,M00692,美妝保養,蘭蔻 極光水,3336,信用卡
2026-04-13 07:32,SA-336287,M00139,美妝保養,雅詩蘭黛 小棕瓶,4115,街口支付
2026-04-25 10:12,SA-851725,M00401,母嬰用品,明治 金選奶粉,714,ATM轉帳
2026-04-04 03:48,SA-637587,M00380,生活居家,TOTO 溫水洗淨便座,9657,信用卡
2026-04-08 19:43,SA-429225,M01036,美妝保養,蘭蔻 極光水,3505,信用卡
2026-04-23 19:15,SA-878501,M01232,3C家電,Nintendo Switch,9297,LinePay
2026-04-11 20:02,SA-855718,M00399,3C家電,Apple Watch S9,13322,街口支付
2026-04-20 02:12,SA-467533,M00294,母嬰用品,Combi 奶瓶消毒鍋,3114,超商貨到付款
2026-04-02 08:03,SA-785212,M00115,保健食品,善存 綜合維他命,940,超商貨到付款
2026-04-20 00:00,SA-552877,M01359,美妝保養,SK-II 青春露,6161,信用卡
2026-04-09 17:20,SA-668898,M00384,服飾配件,Uniqlo 極暖發熱衣,788,LinePay
2026-04-02 17:50,SA-827783,M00252,3C家電,Dyson 吹風機,13529,信用卡
2026-04-29 05:34,SA-486755,M00027,服飾配件,Levi's 501牛仔褲,3699,LinePay
2026-04-10 20:18,SA-416120,M01419,3C家電,Sony 降噪耳機,10723,街口支付
2026-04-30 09:04,SA-991067,M00887,母嬰用品,貝親 寬口玻璃奶瓶,561,LinePay
2026-04-25 21:25,SA-566385,M01051,美妝保養,理膚寶水 B5全面修復霜,816,信用卡
2026-04-22 01:21,SA-721486,M01019,美妝保養,蘭蔻 極光水,3267,ATM轉帳
2026-04-26 10:31,SA-791030,M01500,美妝保養,資生堂 百優精純乳霜,2539,LinePay
2026-04-26 19:32,SA-547174,M01273,服飾配件,Levi's 501牛仔褲,3815,信用卡
2026-04-20 23:52,SA-243514,M00292,服飾配件,Nike Air Force 1,3094,超商貨到付款
2026-04-13 01:19,SA-767711,M01225,服飾配件,Levi's 501牛仔褲,3886,超商貨到付款
2026-04-19 03:29,SA-126402,M01080,服飾配件,G-Shock 經典運動錶,3178,LinePay
2026-04-30 18:14,SA-802142,M01243,生活居家,宜得利 N-COOL涼感床墊,1188,信用卡
2026-04-02 11:08,SA-178957,M00784,美妝保養,雅詩蘭黛 小棕瓶,4139,LinePay
2026-04-22 08:36,SA-466251,M00847,生活居家,宜得利 N-COOL涼感床墊,1219,信用卡
2026-04-06 21:24,SA-621405,M00461,服飾配件,Nike Air Force 1,3371,超商貨到付款
2026-04-25 12:11,SA-490379,M01402,母嬰用品,貝親 寬口玻璃奶瓶,572,信用卡
2026-04-26 14:51,SA-310602,M01430,美妝保養,雅詩蘭黛 小棕瓶,3794,信用卡
2026-04-18 09:17,SA-198602,M01023,3C家電,LG 掃地機器人,15404,信用卡
2026-04-09 03:56,SA-345978,M01144,3C家電,iPhone 15 Pro,36126,信用卡
2026-04-14 01:43,SA-628025,M00060,3C家電,Apple Watch S9,12612,信用卡
2026-04-10 23:54,SA-711564,M01077,3C家電,LG 掃地機器人,15205,LinePay
2026-04-26 07:44,SA-838177,M00785,美妝保養,理膚寶水 B5全面修復霜,843,LinePay
2026-04-15 18:01,SA-917005,M00739,3C家電,LG 掃地機器人,15439,LinePay
2026-04-05 13:27,SA-191752,M01178,美妝保養,SK-II 青春露,5702,LinePay
2026-04-28 15:25,SA-310803,M00565,母嬰用品,幫寶適 一級幫紙尿褲(箱),1541,信用卡
2026-04-19 20:10,SA-589235,M00627,生活居家,TOTO 溫水洗淨便座,9243,LinePay
2026-04-16 18:07,SA-998998,M01196,服飾配件,Uniqlo 極暖發熱衣,733,信用卡
2026-04-06 01:13,SA-710166,M00681,美妝保養,SK-II 青春露,5684,信用卡
2026-04-14 04:10,SA-314134,M00927,生活居家,舒潔 抽取式衛生紙(箱),847,信用卡
2026-04-27 09:33,SA-475536,M00852,服飾配件,Levi's 501牛仔褲,3591,信用卡
2026-04-26 18:04,SA-795221,M01191,生活居家,3M 淨水器濾心,2390,信用卡
2026-04-16 14:42,SA-926270,M01081,3C家電,LG 掃地機器人,15090,LinePay
2026-04-24 07:45,SA-450776,M00496,保健食品,善存 綜合維他命,905,信用卡
2026-04-02 12:51,SA-945422,M01249,3C家電,LG 掃地機器人,14757,街口支付
2026-04-11 07:56,SA-327264,M01474,3C家電,Sony 降噪耳機,9815,信用卡
2026-04-22 21:01,SA-306514,M01225,3C家電,Dyson 吹風機,13850,LinePay
2026-04-13 16:40,SA-568386,M01007,服飾配件,Ray-Ban 飛行員太陽眼鏡,5434,LinePay
2026-04-14 06:14,SA-928685,M00461,服飾配件,Nike Air Force 1,3085,信用卡
2026-04-17 22:09,SA-434242,M00462,美妝保養,蘭蔻 極光水,3451,LinePay
2026-04-05 12:20,SA-347719,M00850,服飾配件,Nike Air Force 1,3060,信用卡
2026-04-18 09:40,SA-978732,M00969,美妝保養,SK-II 青春露,5760,信用卡
2026-04-05 19:57,SA-450890,M01410,美妝保養,蘭蔻 極光水,3366,ATM轉帳
2026-04-05 21:25,SA-377800,M00189,3C家電,Apple Watch S9,12260,LinePay
2026-04-22 00:09,SA-540018,M00902,美妝保養,理膚寶水 B5全面修復霜,815,信用卡
2026-04-12 13:09,SA-263804,M01008,母嬰用品,貝親 寬口玻璃奶瓶,543,LinePay
2026-04-23 00:09,SA-903327,M01116,母嬰用品,明治 金選奶粉,746,超商貨到付款
2026-04-13 08:16,SA-661833,M01107,生活居家,宜得利 N-COOL涼感床墊,1167,超商貨到付款
2026-04-12 20:06,SA-697366,M00200,美妝保養,雅詩蘭黛 小棕瓶,4051,街口支付
2026-04-11 22:36,SA-568052,M00049,生活居家,宜得利 N-COOL涼感床墊,1211,LinePay
2026-04-19 06:23,SA-295245,M00126,生活居家,TOTO 溫水洗淨便座,8956,LinePay
2026-04-05 04:38,SA-406960,M00131,美妝保養,理膚寶水 B5全面修復霜,858,信用卡
2026-04-10 15:58,SA-595995,M01129,服飾配件,Nike Air Force 1,3386,LinePay
2026-04-30 15:01,SA-572420,M00923,3C家電,LG 掃地機器人,15754,ATM轉帳
2026-04-27 15:30,SA-741162,M00726,母嬰用品,Joie 輕量雙向推車,6316,LinePay
2026-04-21 21:42,SA-254627,M00655,3C家電,Dyson 吹風機,13222,LinePay
2026-04-29 19:03,SA-511358,M01441,美妝保養,理膚寶水 B5全面修復霜,877,LinePay
2026-04-30 02:18,SA-416889,M00581,3C家電,LG 掃地機器人,15828,街口支付
2026-04-02 18:50,SA-916273,M01259,美妝保養,理膚寶水 B5全面修復霜,816,信用卡
2026-04-16 00:21,SA-356362,M00649,服飾配件,G-Shock 經典運動錶,3070,信用卡
2026-04-24 15:46,SA-825211,M01085,美妝保養,理膚寶水 B5全面修復霜,837,LinePay
2026-04-04 07:14,SA-820039,M01316,美妝保養,理膚寶水 B5全面修復霜,845,街口支付
2026-04-13 21:57,SA-518629,M01313,3C家電,Dyson 吹風機,14320,超商貨到付款
2026-04-27 17:20,SA-542061,M00856,美妝保養,理膚寶水 B5全面修復霜,810,超商貨到付款
2026-04-24 15:58,SA-676277,M00639,保健食品,善存 綜合維他命,896,信用卡
2026-04-09 21:54,SA-725640,M00736,3C家電,iPhone 15 Pro,35005,LinePay
2026-04-04 22:40,SA-313965,M00202,3C家電,Apple Watch S9,12976,信用卡
2026-04-16 11:47,SA-149128,M00879,生活居家,舒潔 抽取式衛生紙(箱),897,街口支付
2026-04-08 01:28,SA-453890,M00275,生活居家,無印良品 PP收納盒,436,信用卡
2026-04-14 12:31,SA-346911,M00409,美妝保養,資生堂 百優精純乳霜,2738,LinePay
2026-04-24 17:05,SA-478209,M00145,生活居家,3M 淨水器濾心,2361,LinePay
2026-04-14 21:13,SA-118397,M00644,保健食品,善存 綜合維他命,860,LinePay
2026-04-05 00:51,SA-940776,M00508,3C家電,Sony 降噪耳機,10452,信用卡
2026-04-18 03:15,SA-144992,M00699,生活居家,無印良品 PP收納盒,411,信用卡
2026-04-17 13:53,SA-362106,M00517,生活居家,3M 淨水器濾心,2383,超商貨到付款
2026-04-05 00:31,SA-297758,M00992,保健食品,娘家 大紅麴,2561,信用卡
2026-04-23 05:46,SA-764581,M00557,服飾配件,Nike Air Force 1,3395,LinePay
2026-04-14 07:13,SA-217834,M01276,3C家電,iPhone 15 Pro,36820,信用卡
2026-04-01 07:03,SA-168906,M01281,美妝保養,雅詩蘭黛 小棕瓶,4160,超商貨到付款
2026-04-07 03:14,SA-329119,M00892,生活居家,舒潔 抽取式衛生紙(箱),880,LinePay
2026-04-01 10:20,SA-680378,M00022,母嬰用品,貝親 寬口玻璃奶瓶,556,ATM轉帳
2026-04-21 15:23,SA-229085,M01149,3C家電,iPhone 15 Pro,33454,街口支付
2026-04-09 00:46,SA-794804,M01486,美妝保養,資生堂 百優精純乳霜,2562,LinePay
2026-04-12 06:18,SA-224658,M00530,母嬰用品,Combi 奶瓶消毒鍋,3167,信用卡
2026-04-18 13:27,SA-558542,M01158,生活居家,3M 淨水器濾心,2297,信用卡
2026-04-16 20:19,SA-395581,M00205,生活居家,TOTO 溫水洗淨便座,9698,LinePay
2026-04-14 05:26,SA-439686,M00301,保健食品,娘家 大紅麴,2579,信用卡
2026-04-19 00:45,SA-676494,M00057,3C家電,LG 掃地機器人,15283,信用卡
2026-04-25 20:03,SA-708394,M00893,3C家電,iPhone 15 Pro,35890,信用卡
2026-04-20 15:03,SA-889910,M00162,3C家電,Sony 降噪耳機,10589,街口支付
2026-04-23 14:36,SA-854656,M00481,美妝保養,蘭蔻 極光水,3402,LinePay
2026-04-30 21:43,SA-348499,M00877,母嬰用品,Joie 輕量雙向推車,6375,LinePay
2026-04-04 17:40,SA-489324,M01102,3C家電,Apple Watch S9,12840,信用卡
2026-04-07 20:53,SA-865512,M01031,保健食品,桂格 大燕麥片,222,超商貨到付款
2026-04-06 13:30,SA-829471,M00115,生活居家,無印良品 PP收納盒,445,信用卡
2026-04-06 03:32,SA-173116,M00358,保健食品,白蘭氏 雙認證雞精(盒),1264,信用卡
2026-04-28 17:04,SA-480656,M01489,服飾配件,Nike Air Force 1,3354,信用卡
2026-04-10 23:07,SA-857534,M00986,美妝保養,資生堂 百優精純乳霜,2774,信用卡
2026-04-19 04:00,SA-902102,M00183,保健食品,桂格 大燕麥片,221,街口支付
2026-04-16 08:01,SA-957741,M00574,生活居家,宜得利 N-COOL涼感床墊,1260,信用卡
2026-04-01 12:57,SA-807535,M00974,服飾配件,Nike Air Force 1,3327,街口支付
2026-04-01 06:59,SA-813164,M00763,3C家電,iPhone 15 Pro,36205,信用卡
2026-04-29 14:18,SA-805203,M00771,3C家電,Dyson 吹風機,13411,超商貨到付款
2026-04-14 17:04,SA-186532,M01479,保健食品,善存 綜合維他命,891,LinePay
2026-04-02 01:13,SA-536555,M00724,3C家電,LG 掃地機器人,14906,LinePay
2026-04-28 16:46,SA-988425,M00675,生活居家,TOTO 溫水洗淨便座,9526,超商貨到付款
2026-04-14 18:50,SA-775923,M00276,服飾配件,Levi's 501牛仔褲,3693,信用卡
2026-04-20 09:56,SA-929101,M00745,服飾配件,Uniqlo 極暖發熱衣,752,信用卡
2026-04-10 05:37,SA-681539,M01200,服飾配件,Uniqlo 極暖發熱衣,753,超商貨到付款
2026-04-21 10:06,SA-732951,M01173,美妝保養,資生堂 百優精純乳霜,2708,信用卡
2026-04-29 19:39,SA-398892,M01339,3C家電,iPhone 15 Pro,34327,LinePay
2026-04-21 01:38,SA-264443,M00725,美妝保養,雅詩蘭黛 小棕瓶,4181,LinePay
2026-04-27 18:33,SA-145108,M01020,服飾配件,Uniqlo 極暖發熱衣,738,超商貨到付款
2026-04-09 20:41,SA-380287,M00133,服飾配件,Nike Air Force 1,3112,信用卡
2026-04-30 12:19,SA-642927,M00075,3C家電,Nintendo Switch,9040,LinePay
2026-04-14 23:28,SA-205725,M00454,3C家電,LG 掃地機器人,15220,LinePay
2026-04-12 02:08,SA-401785,M00004,生活居家,TOTO 溫水洗淨便座,9824,信用卡
2026-04-29 19:44,SA-400107,M00261,3C家電,Sony 降噪耳機,10241,信用卡
2026-04-24 00:05,SA-318545,M00046,3C家電,Apple Watch S9,12811,信用卡
2026-04-09 05:42,SA-175753,M00895,美妝保養,資生堂 百優精純乳霜,2741,信用卡
2026-04-04 17:08,SA-877627,M00648,3C家電,Dyson 吹風機,13456,LinePay
2026-04-02 01:31,SA-874806,M01344,生活居家,宜得利 N-COOL涼感床墊,1275,信用卡
2026-04-28 03:06,SA-461141,M00736,生活居家,舒潔 抽取式衛生紙(箱),813,信用卡
2026-04-18 15:21,SA-225891,M00695,生活居家,宜得利 N-COOL涼感床墊,1287,信用卡
2026-04-07 13:00,SA-843681,M00130,美妝保養,SK-II 青春露,6057,街口支付
2026-04-18 17:50,SA-934841,M00206,保健食品,桂格 大燕麥片,221,超商貨到付款
2026-04-01 06:51,SA-769070,M01152,母嬰用品,Combi 奶瓶消毒鍋,3047,超商貨到付款
2026-04-01 13:45,SA-674635,M00222,服飾配件,Uniqlo 極暖發熱衣,771,超商貨到付款
2026-04-29 12:01,SA-915436,M00709,服飾配件,Nike Air Force 1,3114,街口支付
2026-04-19 13:59,SA-948839,M01446,3C家電,Nintendo Switch,8952,ATM轉帳
2026-04-27 16:09,SA-704336,M00107,服飾配件,Uniqlo 極暖發熱衣,724,超商貨到付款
2026-04-24 11:14,SA-725869,M01273,服飾配件,Ray-Ban 飛行員太陽眼鏡,5157,信用卡
2026-04-20 02:06,SA-210087,M00408,生活居家,3M 淨水器濾心,2266,ATM轉帳
2026-04-05 20:13,SA-688545,M00270,美妝保養,資生堂 百優精純乳霜,2681,信用卡
2026-04-11 21:37,SA-919888,M01159,美妝保養,雅詩蘭黛 小棕瓶,4025,街口支付
2026-04-16 02:55,SA-635196,M01375,母嬰用品,明治 金選奶粉,706,ATM轉帳
2026-04-03 20:59,SA-325977,M01111,美妝保養,SK-II 青春露,6049,LinePay
2026-04-16 09:08,SA-113357,M00757,3C家電,iPhone 15 Pro,35553,信用卡
2026-04-11 15:34,SA-289501,M01098,服飾配件,G-Shock 經典運動錶,3177,LinePay
2026-04-21 04:47,SA-381043,M01105,美妝保養,理膚寶水 B5全面修復霜,872,超商貨到付款
2026-04-08 13:25,SA-595842,M01223,服飾配件,Uniqlo 極暖發熱衣,788,LinePay
2026-04-23 02:08,SA-149094,M01038,美妝保養,雅詩蘭黛 小棕瓶,4056,街口支付
2026-04-27 07:28,SA-964824,M01027,服飾配件,G-Shock 經典運動錶,2976,信用卡
2026-04-29 03:21,SA-532094,M00457,3C家電,Sony 降噪耳機,10617,信用卡
2026-04-24 19:20,SA-658508,M01008,美妝保養,SK-II 青春露,6022,信用卡
2026-04-23 06:43,SA-908539,M00022,服飾配件,Ray-Ban 飛行員太陽眼鏡,5397,超商貨到付款
2026-04-16 14:08,SA-745109,M00889,服飾配件,Ray-Ban 飛行員太陽眼鏡,5342,ATM轉帳
2026-04-17 20:27,SA-533344,M00316,美妝保養,資生堂 百優精純乳霜,2711,LinePay
2026-04-11 14:21,SA-918918,M01393,服飾配件,Ray-Ban 飛行員太陽眼鏡,5225,LinePay
2026-04-03 17:53,SA-129780,M01336,服飾配件,G-Shock 經典運動錶,3006,LinePay
2026-04-07 12:46,SA-417831,M01023,服飾配件,G-Shock 經典運動錶,3081,街口支付
2026-04-16 06:36,SA-817118,M00469,美妝保養,資生堂 百優精純乳霜,2523,街口支付
2026-04-14 11:27,SA-503283,M01107,美妝保養,雅詩蘭黛 小棕瓶,3913,信用卡
2026-04-19 16:39,SA-564668,M01066,生活居家,舒潔 抽取式衛生紙(箱),877,信用卡
2026-04-27 08:57,SA-372267,M00413,3C家電,Apple Watch S9,12700,ATM轉帳
2026-04-14 12:44,SA-215914,M00688,美妝保養,資生堂 百優精純乳霜,2770,LinePay
2026-04-05 18:30,SA-476739,M00296,母嬰用品,Joie 輕量雙向推車,6436,街口支付
2026-04-08 12:18,SA-502950,M00845,服飾配件,Uniqlo 極暖發熱衣,778,超商貨到付款
2026-04-28 10:53,SA-757954,M00381,服飾配件,Uniqlo 極暖發熱衣,726,信用卡
2026-04-15 23:09,SA-798117,M01444,美妝保養,資生堂 百優精純乳霜,2668,LinePay
2026-04-24 06:39,SA-481556,M01222,生活居家,3M 淨水器濾心,2426,LinePay
2026-04-16 05:02,SA-410907,M01424,3C家電,LG 掃地機器人,14382,超商貨到付款
2026-04-21 10:47,SA-264980,M00265,服飾配件,Uniqlo 極暖發熱衣,789,LinePay
2026-04-23 19:56,SA-468913,M00483,3C家電,Sony 降噪耳機,10486,信用卡
2026-04-12 23:43,SA-742763,M00511,3C家電,Dyson 吹風機,14184,LinePay
2026-04-19 13:57,SA-243112,M01061,服飾配件,Ray-Ban 飛行員太陽眼鏡,5062,超商貨到付款
2026-04-11 02:21,SA-348302,M00732,3C家電,Sony 降噪耳機,10582,信用卡
2026-04-10 11:49,SA-970463,M01368,3C家電,Apple Watch S9,13084,超商貨到付款
2026-04-20 22:09,SA-536281,M00776,3C家電,Sony 降噪耳機,10604,信用卡
2026-04-18 00:26,SA-728593,M01400,美妝保養,理膚寶水 B5全面修復霜,822,信用卡
2026-04-13 07:36,SA-331612,M00271,美妝保養,資生堂 百優精純乳霜,2721,LinePay
2026-04-22 13:06,SA-129316,M01010,生活居家,3M 淨水器濾心,2421,信用卡
2026-04-08 16:15,SA-128461,M01187,3C家電,Sony 降噪耳機,10714,LinePay
2026-04-04 09:26,SA-783196,M00931,3C家電,iPhone 15 Pro,35301,超商貨到付款
2026-04-18 14:41,SA-316857,M00157,服飾配件,Ray-Ban 飛行員太陽眼鏡,5598,信用卡
2026-04-02 16:45,SA-478046,M00596,服飾配件,Nike Air Force 1,3248,信用卡
2026-04-07 04:27,SA-325206,M00005,服飾配件,Uniqlo 極暖發熱衣,721,LinePay
2026-04-05 16:41,SA-777500,M01316,3C家電,LG 掃地機器人,14310,街口支付
2026-04-05 01:49,SA-959000,M00929,服飾配件,G-Shock 經典運動錶,3119,超商貨到付款
2026-04-22 01:19,SA-465897,M00912,美妝保養,SK-II 青春露,5806,LinePay
2026-04-06 16:56,SA-485268,M00835,母嬰用品,Joie 輕量雙向推車,6629,街口支付
2026-04-20 15:48,SA-848696,M01479,生活居家,3M 淨水器濾心,2283,信用卡
2026-04-29 16:06,SA-519451,M00422,美妝保養,SK-II 青春露,5629,信用卡
2026-04-01 06:55,SA-290635,M00539,美妝保養,理膚寶水 B5全面修復霜,818,超商貨到付款
2026-04-07 19:09,SA-617091,M00719,生活居家,TOTO 溫水洗淨便座,9478,信用卡
2026-04-28 03:30,SA-298247,M01327,美妝保養,資生堂 百優精純乳霜,2645,信用卡
2026-04-18 12:32,SA-747652,M01035,服飾配件,Levi's 501牛仔褲,3979,LinePay
2026-04-24 15:56,SA-873355,M00192,服飾配件,Nike Air Force 1,3166,超商貨到付款
2026-04-04 00:47,SA-732901,M00182,生活居家,無印良品 PP收納盒,420,信用卡
2026-04-29 22:28,SA-798677,M00256,3C家電,Apple Watch S9,13156,信用卡
2026-04-10 09:32,SA-311232,M01157,服飾配件,Nike Air Force 1,3175,LinePay
2026-04-11 10:32,SA-480553,M00415,3C家電,iPhone 15 Pro,36046,超商貨到付款
2026-04-15 07:49,SA-428632,M00233,美妝保養,雅詩蘭黛 小棕瓶,4095,LinePay
2026-04-24 06:08,SA-430664,M00392,母嬰用品,幫寶適 一級幫紙尿褲(箱),1447,信用卡
2026-04-11 00:06,SA-475245,M00488,3C家電,Sony 降噪耳機,10527,LinePay
2026-04-11 08:42,SA-466548,M00238,服飾配件,G-Shock 經典運動錶,3180,信用卡
2026-04-10 13:02,SA-423227,M01270,母嬰用品,Joie 輕量雙向推車,6569,信用卡
2026-04-15 08:07,SA-892650,M01293,3C家電,iPhone 15 Pro,36650,信用卡
2026-04-27 15:02,SA-848267,M00004,服飾配件,Uniqlo 極暖發熱衣,763,信用卡
2026-04-12 06:44,SA-944365,M01168,生活居家,無印良品 PP收納盒,425,街口支付
2026-04-20 17:43,SA-729134,M00226,美妝保養,蘭蔻 極光水,3481,超商貨到付款
2026-04-08 21:54,SA-144168,M00798,母嬰用品,幫寶適 一級幫紙尿褲(箱),1450,LinePay
2026-04-05 14:07,SA-264174,M00827,美妝保養,理膚寶水 B5全面修復霜,804,LinePay
2026-04-27 16:30,SA-906559,M00926,美妝保養,蘭蔻 極光水,3594,信用卡
2026-04-04 21:39,SA-690317,M00369,服飾配件,Nike Air Force 1,3258,街口支付
2026-04-21 06:18,SA-623176,M01102,3C家電,Nintendo Switch,9316,街口支付
2026-04-05 08:39,SA-440564,M00509,生活居家,3M 淨水器濾心,2249,ATM轉帳
2026-04-17 21:29,SA-100973,M00542,母嬰用品,貝親 寬口玻璃奶瓶,522,信用卡
2026-04-08 23:12,SA-924014,M00425,3C家電,iPhone 15 Pro,35346,街口支付
2026-04-25 17:23,SA-632121,M00829,母嬰用品,明治 金選奶粉,743,信用卡
2026-04-17 09:19,SA-504187,M00351,母嬰用品,幫寶適 一級幫紙尿褲(箱),1470,信用卡
2026-04-15 07:47,SA-392967,M00357,3C家電,Dyson 吹風機,13141,ATM轉帳
2026-04-11 12:00,SA-989351,M01001,美妝保養,資生堂 百優精純乳霜,2594,街口支付
2026-04-18 08:39,SA-738641,M00967,服飾配件,Levi's 501牛仔褲,3637,信用卡
2026-04-05 02:09,SA-313393,M00549,美妝保養,理膚寶水 B5全面修復霜,851,信用卡
2026-04-16 07:10,SA-164369,M01114,母嬰用品,Joie 輕量雙向推車,6677,超商貨到付款
2026-04-30 01:12,SA-377688,M00258,3C家電,Nintendo Switch,9175,LinePay
2026-04-08 10:07,SA-292434,M00028,服飾配件,Levi's 501牛仔褲,3958,LinePay
2026-04-17 11:25,SA-770226,M00654,3C家電,Nintendo Switch,9555,街口支付
2026-04-26 12:53,SA-529674,M00710,服飾配件,Levi's 501牛仔褲,3874,LinePay
2026-04-04 18:51,SA-701397,M00734,生活居家,宜得利 N-COOL涼感床墊,1191,ATM轉帳
2026-04-27 21:42,SA-880508,M01494,3C家電,LG 掃地機器人,15010,信用卡
2026-04-06 21:05,SA-654129,M01185,美妝保養,蘭蔻 極光水,3339,信用卡
2026-04-06 08:33,SA-269213,M00093,服飾配件,G-Shock 經典運動錶,3125,LinePay
2026-04-18 06:35,SA-176034,M00055,生活居家,舒潔 抽取式衛生紙(箱),871,街口支付
2026-04-19 07:18,SA-770394,M01325,3C家電,Apple Watch S9,13066,LinePay
2026-04-15 02:31,SA-375661,M01336,美妝保養,理膚寶水 B5全面修復霜,851,ATM轉帳
2026-04-11 09:28,SA-208643,M01272,3C家電,Sony 降噪耳機,10331,LinePay
2026-04-19 16:35,SA-696772,M00900,服飾配件,Ray-Ban 飛行員太陽眼鏡,5410,LinePay
2026-04-13 04:06,SA-719442,M00197,3C家電,Apple Watch S9,12610,LinePay
2026-04-02 13:50,SA-995473,M00245,美妝保養,資生堂 百優精純乳霜,2531,LinePay
2026-04-03 09:15,SA-109566,M00142,3C家電,iPhone 15 Pro,36613,信用卡
2026-04-02 23:45,SA-369736,M01261,美妝保養,資生堂 百優精純乳霜,2637,超商貨到付款
2026-04-03 21:40,SA-133889,M00487,服飾配件,Uniqlo 極暖發熱衣,760,LinePay
2026-04-16 15:59,SA-836202,M01358,美妝保養,資生堂 百優精純乳霜,2645,ATM轉帳
2026-04-28 22:43,SA-415146,M00345,生活居家,TOTO 溫水洗淨便座,8932,信用卡
2026-04-24 16:36,SA-161556,M00050,保健食品,娘家 大紅麴,2505,LinePay
2026-04-27 23:35,SA-423917,M00574,服飾配件,G-Shock 經典運動錶,3150,LinePay
2026-04-29 02:58,SA-690494,M00794,保健食品,桂格 大燕麥片,217,信用卡
2026-04-23 18:21,SA-537196,M00882,母嬰用品,貝親 寬口玻璃奶瓶,567,超商貨到付款
2026-04-15 09:37,SA-692184,M00621,3C家電,Nintendo Switch,8991,信用卡
2026-04-14 21:36,SA-206289,M00468,3C家電,LG 掃地機器人,15562,街口支付
2026-04-18 06:28,SA-413708,M01215,服飾配件,Uniqlo 極暖發熱衣,782,超商貨到付款
2026-04-15 12:37,SA-364166,M00752,服飾配件,Nike Air Force 1,3308,信用卡
2026-04-26 10:56,SA-277773,M00372,服飾配件,Nike Air Force 1,3172,街口支付
2026-04-25 07:45,SA-872476,M00630,3C家電,Nintendo Switch,9679,街口支付
2026-04-08 02:21,SA-762253,M00073,母嬰用品,Combi 奶瓶消毒鍋,3120,信用卡
2026-04-04 06:45,SA-445948,M00930,生活居家,TOTO 溫水洗淨便座,9106,信用卡
2026-04-09 21:02,SA-378600,M00925,3C家電,LG 掃地機器人,15125,街口支付
2026-04-20 17:02,SA-812311,M00229,3C家電,Sony 降噪耳機,10424,信用卡
2026-04-03 18:47,SA-310242,M00561,生活居家,宜得利 N-COOL涼感床墊,1188,超商貨到付款
2026-04-29 03:36,SA-139773,M00491,美妝保養,雅詩蘭黛 小棕瓶,3848,信用卡
2026-04-09 18:32,SA-978757,M01131,生活居家,舒潔 抽取式衛生紙(箱),880,超商貨到付款
2026-04-21 02:07,SA-389977,M00594,服飾配件,Ray-Ban 飛行員太陽眼鏡,5224,信用卡
2026-04-01 18:23,SA-531634,M01303,服飾配件,Ray-Ban 飛行員太陽眼鏡,5083,信用卡
2026-04-07 06:32,SA-683129,M00282,美妝保養,理膚寶水 B5全面修復霜,847,信用卡
2026-04-17 10:27,SA-552327,M00604,3C家電,Sony 降噪耳機,10604,超商貨到付款
2026-04-01 23:30,SA-487332,M01238,3C家電,Sony 降噪耳機,10069,信用卡
2026-04-02 00:30,SA-609536,M00824,服飾配件,G-Shock 經典運動錶,2895,信用卡
2026-04-26 06:10,SA-661156,M00413,美妝保養,蘭蔻 極光水,3553,街口支付
2026-04-15 21:47,SA-803558,M00339,生活居家,無印良品 PP收納盒,423,信用卡
2026-04-16 23:29,SA-887732,M00090,保健食品,善存 綜合維他命,883,信用卡
2026-04-21 21:29,SA-444976,M00109,3C家電,Sony 降噪耳機,9927,街口支付
2026-04-05 17:23,SA-979003,M00765,美妝保養,雅詩蘭黛 小棕瓶,3856,超商貨到付款
2026-04-17 00:23,SA-455024,M01255,生活居家,舒潔 抽取式衛生紙(箱),896,超商貨到付款
2026-04-26 00:59,SA-246163,M00751,服飾配件,Ray-Ban 飛行員太陽眼鏡,5423,超商貨到付款
2026-04-03 02:31,SA-356335,M00831,服飾配件,G-Shock 經典運動錶,3050,街口支付
2026-04-03 18:13,SA-961975,M00234,3C家電,Dyson 吹風機,13617,LinePay
2026-04-16 01:42,SA-437872,M00031,3C家電,Dyson 吹風機,13508,信用卡
2026-04-18 20:40,SA-392207,M01398,3C家電,Nintendo Switch,8905,LinePay
2026-04-29 18:55,SA-251553,M01140,美妝保養,理膚寶水 B5全面修復霜,848,LinePay
2026-04-15 06:16,SA-407515,M01453,生活居家,3M 淨水器濾心,2252,信用卡
2026-04-02 20:18,SA-705297,M01185,服飾配件,Uniqlo 極暖發熱衣,715,信用卡
2026-04-29 09:55,SA-997008,M01376,母嬰用品,明治 金選奶粉,737,信用卡
2026-04-03 11:22,SA-102863,M01074,美妝保養,理膚寶水 B5全面修復霜,858,信用卡
2026-04-03 21:53,SA-104397,M01408,美妝保養,資生堂 百優精純乳霜,2637,街口支付
2026-04-18 13:41,SA-768304,M00885,美妝保養,SK-II 青春露,5798,信用卡
2026-04-18 12:37,SA-144232,M01270,3C家電,iPhone 15 Pro,33841,信用卡
2026-04-14 13:14,SA-606542,M01366,服飾配件,G-Shock 經典運動錶,3099,信用卡
2026-04-14 04:53,SA-622315,M00908,保健食品,娘家 大紅麴,2443,LinePay
2026-04-18 02:09,SA-773351,M00246,母嬰用品,明治 金選奶粉,717,ATM轉帳
2026-04-15 01:58,SA-900510,M01217,保健食品,善存 綜合維他命,877,信用卡
2026-04-20 18:04,SA-161757,M01154,美妝保養,SK-II 青春露,5856,LinePay
2026-04-20 11:09,SA-858715,M00614,3C家電,iPhone 15 Pro,33354,信用卡
2026-04-30 14:40,SA-586602,M00440,服飾配件,Ray-Ban 飛行員太陽眼鏡,5584,信用卡
2026-04-25 14:12,SA-602072,M01486,服飾配件,Levi's 501牛仔褲,3805,LinePay
2026-04-03 06:33,SA-347706,M01352,美妝保養,蘭蔻 極光水,3370,信用卡
2026-04-03 12:22,SA-785071,M01296,3C家電,Apple Watch S9,12428,LinePay
2026-04-28 16:13,SA-760353,M01208,生活居家,3M 淨水器濾心,2273,信用卡
2026-04-01 23:02,SA-112965,M00704,母嬰用品,幫寶適 一級幫紙尿褲(箱),1477,LinePay
2026-04-15 12:59,SA-179755,M00214,保健食品,桂格 大燕麥片,229,超商貨到付款
2026-04-06 03:09,SA-125416,M00227,生活居家,宜得利 N-COOL涼感床墊,1256,LinePay
2026-04-20 05:18,SA-945040,M00643,生活居家,TOTO 溫水洗淨便座,9264,LinePay
2026-04-20 17:42,SA-835291,M00388,生活居家,無印良品 PP收納盒,420,信用卡
2026-04-10 23:11,SA-268423,M01410,生活居家,TOTO 溫水洗淨便座,9470,信用卡
2026-04-25 10:51,SA-483582,M01407,保健食品,娘家 大紅麴,2398,信用卡
2026-04-04 02:13,SA-243139,M00732,生活居家,TOTO 溫水洗淨便座,9402,信用卡
2026-04-14 22:10,SA-813119,M01035,服飾配件,Uniqlo 極暖發熱衣,787,街口支付
2026-04-23 02:26,SA-488059,M00271,母嬰用品,Joie 輕量雙向推車,6127,信用卡
2026-04-29 17:54,SA-445837,M01474,生活居家,3M 淨水器濾心,2378,信用卡
2026-04-03 05:54,SA-219155,M00056,服飾配件,Uniqlo 極暖發熱衣,712,LinePay
2026-04-30 15:12,SA-870262,M00879,服飾配件,Ray-Ban 飛行員太陽眼鏡,5111,信用卡
2026-04-20 05:43,SA-722303,M01117,美妝保養,雅詩蘭黛 小棕瓶,3978,信用卡
2026-04-26 12:37,SA-678985,M00900,服飾配件,Levi's 501牛仔褲,3787,超商貨到付款
2026-04-18 01:07,SA-729062,M00806,生活居家,3M 淨水器濾心,2319,街口支付
2026-04-19 01:02,SA-420212,M00028,3C家電,Apple Watch S9,12813,LinePay
2026-04-12 16:26,SA-414993,M00902,母嬰用品,貝親 寬口玻璃奶瓶,525,信用卡
2026-04-16 17:33,SA-874804,M00653,母嬰用品,幫寶適 一級幫紙尿褲(箱),1456,LinePay
2026-04-16 05:54,SA-166789,M01230,母嬰用品,Combi 奶瓶消毒鍋,3034,信用卡
2026-04-27 22:54,SA-707435,M00852,美妝保養,雅詩蘭黛 小棕瓶,3886,LinePay
2026-04-18 22:49,SA-559354,M00197,美妝保養,蘭蔻 極光水,3461,信用卡
2026-04-14 19:02,SA-338325,M00369,3C家電,Sony 降噪耳機,10025,LinePay
2026-04-26 05:37,SA-826338,M01282,美妝保養,SK-II 青春露,6209,超商貨到付款
2026-04-21 11:12,SA-954812,M00371,服飾配件,Levi's 501牛仔褲,3681,街口支付
2026-04-04 20:02,SA-227514,M00467,美妝保養,理膚寶水 B5全面修復霜,876,信用卡
2026-04-12 13:23,SA-602302,M00463,3C家電,Dyson 吹風機,14220,LinePay
2026-04-14 07:55,SA-775148,M01258,美妝保養,SK-II 青春露,6238,信用卡
2026-04-05 19:17,SA-528301,M01308,服飾配件,Nike Air Force 1,3245,街口支付
2026-04-11 23:19,SA-356494,M00188,母嬰用品,幫寶適 一級幫紙尿褲(箱),1492,信用卡
2026-04-17 00:43,SA-867310,M01339,3C家電,Sony 降噪耳機,10165,信用卡
2026-04-26 00:09,SA-997347,M00865,服飾配件,G-Shock 經典運動錶,3113,信用卡
2026-04-05 01:20,SA-254045,M00131,美妝保養,SK-II 青春露,6199,LinePay
2026-04-26 21:18,SA-255992,M01181,美妝保養,蘭蔻 極光水,3508,信用卡
2026-04-21 12:58,SA-900021,M00378,3C家電,LG 掃地機器人,15197,信用卡
2026-04-20 18:05,SA-444747,M01454,美妝保養,理膚寶水 B5全面修復霜,879,信用卡
2026-04-06 09:46,SA-747629,M00832,生活居家,舒潔 抽取式衛生紙(箱),812,信用卡
2026-04-30 12:16,SA-423084,M01198,3C家電,Apple Watch S9,12666,LinePay
2026-04-22 03:35,SA-256852,M00471,美妝保養,資生堂 百優精純乳霜,2620,LinePay
2026-04-08 17:29,SA-879820,M01495,3C家電,LG 掃地機器人,15252,LinePay
2026-04-30 10:33,SA-480467,M00064,服飾配件,G-Shock 經典運動錶,2982,超商貨到付款
2026-04-14 06:40,SA-983465,M00719,3C家電,Nintendo Switch,9357,LinePay
2026-04-29 22:28,SA-899619,M00504,服飾配件,Uniqlo 極暖發熱衣,737,信用卡
2026-04-19 03:42,SA-144434,M01100,服飾配件,Nike Air Force 1,3209,LinePay
2026-04-22 08:15,SA-181212,M00424,美妝保養,資生堂 百優精純乳霜,2560,信用卡
2026-04-16 20:09,SA-649212,M00671,保健食品,桂格 大燕麥片,237,街口支付
2026-04-22 18:33,SA-720998,M01188,生活居家,舒潔 抽取式衛生紙(箱),889,信用卡
2026-04-25 23:25,SA-469029,M00536,美妝保養,資生堂 百優精純乳霜,2654,ATM轉帳
2026-04-19 09:48,SA-878128,M00861,母嬰用品,明治 金選奶粉,702,信用卡
2026-04-08 15:31,SA-810249,M01344,服飾配件,Nike Air Force 1,3320,街口支付
2026-04-09 04:57,SA-533521,M00478,母嬰用品,明治 金選奶粉,736,信用卡
2026-04-13 06:31,SA-820640,M01496,3C家電,Apple Watch S9,13298,超商貨到付款
2026-04-27 23:40,SA-501354,M01156,服飾配件,Ray-Ban 飛行員太陽眼鏡,5538,超商貨到付款
2026-04-28 03:46,SA-455857,M00251,美妝保養,SK-II 青春露,6013,信用卡
2026-04-25 04:07,SA-720687,M00087,服飾配件,Nike Air Force 1,3219,LinePay
2026-04-06 13:55,SA-547865,M00845,美妝保養,雅詩蘭黛 小棕瓶,3893,LinePay
2026-04-14 05:21,SA-143781,M01124,3C家電,iPhone 15 Pro,34209,LinePay
2026-04-16 03:19,SA-255133,M00889,服飾配件,Nike Air Force 1,3175,街口支付
2026-04-10 16:06,SA-592668,M01464,服飾配件,Uniqlo 極暖發熱衣,751,信用卡
2026-04-01 12:52,SA-484922,M00510,美妝保養,雅詩蘭黛 小棕瓶,4146,超商貨到付款
2026-04-13 11:48,SA-656070,M00687,3C家電,Apple Watch S9,12984,街口支付
2026-04-19 00:07,SA-258133,M00585,母嬰用品,明治 金選奶粉,717,街口支付
2026-04-23 20:22,SA-702859,M00811,服飾配件,Ray-Ban 飛行員太陽眼鏡,5170,街口支付
2026-04-18 21:35,SA-535736,M00796,母嬰用品,明治 金選奶粉,680,信用卡
2026-04-16 12:03,SA-205234,M00815,美妝保養,資生堂 百優精純乳霜,2717,信用卡
2026-04-02 06:40,SA-716799,M00730,美妝保養,理膚寶水 B5全面修復霜,831,信用卡
2026-04-11 02:49,SA-455468,M00668,生活居家,宜得利 N-COOL涼感床墊,1228,LinePay
2026-04-02 19:46,SA-119302,M01129,服飾配件,Nike Air Force 1,3282,LinePay
2026-04-17 07:58,SA-189714,M00572,3C家電,Sony 降噪耳機,10648,超商貨到付款
2026-04-25 22:35,SA-929611,M01049,生活居家,舒潔 抽取式衛生紙(箱),817,超商貨到付款
2026-04-23 02:31,SA-870974,M01234,母嬰用品,明治 金選奶粉,709,LinePay
2026-04-08 20:18,SA-608159,M01180,美妝保養,理膚寶水 B5全面修復霜,809,LinePay
2026-04-20 16:43,SA-936766,M01128,美妝保養,雅詩蘭黛 小棕瓶,4170,LinePay
2026-04-16 10:25,SA-235349,M00149,美妝保養,理膚寶水 B5全面修復霜,806,LinePay
2026-04-22 07:35,SA-120809,M00559,生活居家,3M 淨水器濾心,2259,信用卡
2026-04-16 02:10,SA-610029,M00396,服飾配件,Uniqlo 極暖發熱衣,737,超商貨到付款
2026-04-28 11:58,SA-711126,M00775,3C家電,Dyson 吹風機,14470,超商貨到付款
2026-04-08 02:37,SA-717864,M01105,美妝保養,雅詩蘭黛 小棕瓶,3989,信用卡
2026-04-03 17:42,SA-681561,M01181,美妝保養,蘭蔻 極光水,3515,超商貨到付款
2026-04-15 08:19,SA-497058,M01330,3C家電,Sony 降噪耳機,10653,街口支付
2026-04-29 06:49,SA-801521,M00749,美妝保養,雅詩蘭黛 小棕瓶,4042,ATM轉帳
2026-04-15 17:57,SA-804368,M00904,生活居家,3M 淨水器濾心,2388,LinePay
2026-04-14 07:02,SA-563303,M00009,服飾配件,Ray-Ban 飛行員太陽眼鏡,5064,LinePay
2026-04-11 11:21,SA-817503,M00635,3C家電,Apple Watch S9,12800,信用卡
2026-04-16 19:01,SA-835535,M00973,服飾配件,Levi's 501牛仔褲,3952,LinePay
2026-04-24 07:14,SA-131903,M00627,服飾配件,Levi's 501牛仔褲,3736,LinePay
2026-04-08 20:53,SA-879320,M01092,生活居家,TOTO 溫水洗淨便座,9302,LinePay
2026-04-20 23:07,SA-371640,M01089,3C家電,Nintendo Switch,9429,信用卡
2026-04-07 12:01,SA-292411,M00893,生活居家,舒潔 抽取式衛生紙(箱),890,LinePay
2026-04-29 03:11,SA-592142,M00099,母嬰用品,幫寶適 一級幫紙尿褲(箱),1449,信用卡
2026-04-13 20:30,SA-648859,M01261,服飾配件,G-Shock 經典運動錶,3171,信用卡
2026-04-09 05:44,SA-764202,M01374,3C家電,Apple Watch S9,13238,超商貨到付款
2026-04-11 12:11,SA-336148,M01448,美妝保養,資生堂 百優精純乳霜,2716,超商貨到付款
2026-04-13 00:46,SA-499878,M01316,服飾配件,Uniqlo 極暖發熱衣,748,超商貨到付款
2026-04-16 23:36,SA-116162,M00220,3C家電,Apple Watch S9,12771,超商貨到付款
2026-04-14 17:41,SA-236367,M00209,服飾配件,Levi's 501牛仔褲,3885,街口支付
2026-04-11 07:45,SA-440024,M00695,美妝保養,蘭蔻 極光水,3293,信用卡
2026-04-07 13:31,SA-335063,M00529,生活居家,TOTO 溫水洗淨便座,9524,LinePay
2026-04-05 05:45,SA-864902,M01081,服飾配件,Uniqlo 極暖發熱衣,714,LinePay
2026-04-22 17:33,SA-821825,M00053,美妝保養,SK-II 青春露,6193,信用卡
2026-04-25 19:41,SA-964074,M01205,生活居家,TOTO 溫水洗淨便座,8935,超商貨到付款
2026-04-08 01:36,SA-982683,M00159,3C家電,Nintendo Switch,9039,ATM轉帳
2026-04-19 06:28,SA-431762,M00118,美妝保養,雅詩蘭黛 小棕瓶,3943,信用卡
2026-04-16 00:01,SA-441043,M01419,美妝保養,理膚寶水 B5全面修復霜,858,LinePay
2026-04-05 22:15,SA-595748,M00756,美妝保養,SK-II 青春露,5953,信用卡
2026-04-22 18:27,SA-837371,M00443,生活居家,宜得利 N-COOL涼感床墊,1212,LinePay
2026-04-05 13:04,SA-370432,M01283,服飾配件,Uniqlo 極暖發熱衣,737,ATM轉帳
2026-04-30 23:22,SA-977452,M00788,保健食品,桂格 大燕麥片,215,信用卡
2026-04-14 21:20,SA-467693,M00203,服飾配件,Levi's 501牛仔褲,3664,信用卡
2026-04-17 16:26,SA-673673,M01199,3C家電,Dyson 吹風機,14262,街口支付
2026-04-10 16:11,SA-777759,M00201,服飾配件,Nike Air Force 1,3286,信用卡
2026-04-25 20:22,SA-961209,M00668,保健食品,娘家 益生菌,1192,信用卡
2026-04-04 00:00,SA-686796,M00969,服飾配件,Levi's 501牛仔褲,3701,信用卡
2026-04-25 23:39,SA-103110,M00949,3C家電,Sony 降噪耳機,9835,信用卡
2026-04-23 11:43,SA-303597,M01257,生活居家,無印良品 PP收納盒,447,街口支付
2026-04-28 10:51,SA-638632,M00977,生活居家,TOTO 溫水洗淨便座,9403,超商貨到付款
2026-04-01 16:45,SA-523714,M00014,3C家電,Sony 降噪耳機,10575,信用卡
2026-04-14 17:19,SA-877118,M00043,3C家電,iPhone 15 Pro,35583,LinePay
2026-04-16 05:29,SA-448677,M01271,美妝保養,理膚寶水 B5全面修復霜,870,超商貨到付款
2026-04-27 05:36,SA-291863,M01011,服飾配件,Nike Air Force 1,3099,信用卡
2026-04-16 02:10,SA-294712,M01195,服飾配件,Nike Air Force 1,3390,信用卡
2026-04-12 06:20,SA-914011,M01073,服飾配件,Nike Air Force 1,3217,ATM轉帳
2026-04-13 04:14,SA-417736,M00656,生活居家,TOTO 溫水洗淨便座,9824,LinePay
2026-04-26 18:02,SA-302575,M00655,生活居家,宜得利 N-COOL涼感床墊,1193,信用卡
2026-04-06 14:21,SA-587656,M01360,3C家電,Apple Watch S9,12730,LinePay
2026-04-18 17:19,SA-346534,M01012,服飾配件,Levi's 501牛仔褲,3788,信用卡
2026-04-03 18:04,SA-194775,M00940,服飾配件,Uniqlo 極暖發熱衣,750,信用卡
2026-04-09 23:08,SA-445702,M00722,3C家電,Dyson 吹風機,13331,超商貨到付款
2026-04-18 02:20,SA-512023,M00813,3C家電,LG 掃地機器人,15689,信用卡
2026-04-01 14:07,SA-202866,M01288,母嬰用品,貝親 寬口玻璃奶瓶,544,街口支付
2026-04-10 10:54,SA-896916,M01008,美妝保養,理膚寶水 B5全面修復霜,806,信用卡
2026-04-25 09:27,SA-132397,M00598,美妝保養,蘭蔻 極光水,3352,超商貨到付款
2026-04-01 18:41,SA-894581,M00589,服飾配件,G-Shock 經典運動錶,2937,信用卡
2026-04-25 15:46,SA-464537,M00204,3C家電,iPhone 15 Pro,35894,信用卡
2026-04-20 14:42,SA-733364,M00001,美妝保養,蘭蔻 極光水,3339,超商貨到付款
2026-04-03 18:29,SA-511775,M00342,美妝保養,SK-II 青春露,6007,LinePay
2026-04-23 14:29,SA-977250,M00113,服飾配件,Nike Air Force 1,3261,LinePay
2026-04-01 09:30,SA-334874,M01113,3C家電,Nintendo Switch,9566,LinePay
2026-04-18 18:07,SA-972387,M01456,生活居家,3M 淨水器濾心,2264,街口支付
2026-04-11 02:46,SA-684006,M00656,服飾配件,Uniqlo 極暖發熱衣,769,信用卡
2026-04-28 20:06,SA-493035,M01400,母嬰用品,明治 金選奶粉,740,LinePay
2026-04-03 16:11,SA-866998,M01346,3C家電,iPhone 15 Pro,36403,超商貨到付款
2026-04-15 06:30,SA-283182,M00183,3C家電,Nintendo Switch,9725,LinePay
2026-04-07 20:01,SA-338872,M01458,服飾配件,G-Shock 經典運動錶,3025,LinePay
2026-04-20 08:32,SA-205580,M00424,生活居家,3M 淨水器濾心,2429,信用卡
2026-04-23 09:30,SA-816353,M01085,美妝保養,SK-II 青春露,5832,超商貨到付款
2026-04-26 10:58,SA-489674,M00023,保健食品,白蘭氏 雙認證雞精(盒),1378,超商貨到付款
2026-04-02 20:18,SA-567303,M01050,美妝保養,理膚寶水 B5全面修復霜,833,超商貨到付款
2026-04-28 17:12,SA-726887,M00128,生活居家,宜得利 N-COOL涼感床墊,1280,信用卡
2026-04-17 07:27,SA-309346,M01499,母嬰用品,幫寶適 一級幫紙尿褲(箱),1440,信用卡
2026-04-19 03:24,SA-323888,M00200,母嬰用品,明治 金選奶粉,712,信用卡
2026-04-19 10:25,SA-787180,M01039,3C家電,iPhone 15 Pro,35876,超商貨到付款
2026-04-23 23:38,SA-233291,M00488,美妝保養,資生堂 百優精純乳霜,2619,信用卡
2026-04-24 03:11,SA-596696,M00872,美妝保養,雅詩蘭黛 小棕瓶,4057,超商貨到付款
2026-04-03 02:33,SA-491101,M00834,3C家電,Sony 降噪耳機,9993,街口支付
2026-04-08 15:52,SA-750980,M00402,生活居家,3M 淨水器濾心,2259,信用卡
2026-04-15 12:53,SA-133976,M01451,3C家電,Sony 降噪耳機,10093,超商貨到付款
2026-04-25 09:57,SA-424963,M01348,美妝保養,資生堂 百優精純乳霜,2702,超商貨到付款
2026-04-19 21:11,SA-786088,M00810,3C家電,Nintendo Switch,9164,LinePay
2026-04-09 11:45,SA-677669,M00625,3C家電,LG 掃地機器人,14455,信用卡
2026-04-03 02:10,SA-951659,M01345,美妝保養,資生堂 百優精純乳霜,2712,信用卡
2026-04-16 19:02,SA-710376,M00424,服飾配件,Uniqlo 極暖發熱衣,767,信用卡
2026-04-04 17:02,SA-856943,M00553,美妝保養,理膚寶水 B5全面修復霜,870,信用卡
2026-04-29 12:13,SA-787725,M00168,生活居家,3M 淨水器濾心,2352,LinePay
2026-04-14 03:40,SA-407425,M00664,服飾配件,Nike Air Force 1,3249,信用卡
2026-04-27 21:57,SA-700909,M00305,美妝保養,雅詩蘭黛 小棕瓶,3825,街口支付
2026-04-05 07:37,SA-265957,M00398,母嬰用品,Combi 奶瓶消毒鍋,3228,ATM轉帳
2026-04-14 10:55,SA-785619,M01118,美妝保養,資生堂 百優精純乳霜,2557,信用卡
2026-04-26 06:52,SA-395038,M00182,服飾配件,Nike Air Force 1,3107,超商貨到付款
2026-04-07 17:34,SA-633354,M00268,3C家電,Dyson 吹風機,13407,信用卡
2026-04-20 22:26,SA-299911,M01497,母嬰用品,明治 金選奶粉,742,街口支付
2026-04-17 05:20,SA-969020,M00713,服飾配件,Ray-Ban 飛行員太陽眼鏡,5288,信用卡
2026-04-22 23:46,SA-868702,M00538,美妝保養,資生堂 百優精純乳霜,2620,ATM轉帳
2026-04-11 00:24,SA-820625,M00401,美妝保養,蘭蔻 極光水,3572,LinePay
2026-04-14 20:49,SA-467897,M01457,美妝保養,理膚寶水 B5全面修復霜,801,信用卡
2026-04-11 09:27,SA-876394,M01444,服飾配件,Ray-Ban 飛行員太陽眼鏡,5407,LinePay
2026-04-21 05:12,SA-439683,M00986,3C家電,Apple Watch S9,12594,ATM轉帳
2026-04-13 09:59,SA-220180,M01412,母嬰用品,貝親 寬口玻璃奶瓶,554,信用卡
2026-04-26 21:15,SA-798503,M01048,美妝保養,SK-II 青春露,5721,信用卡
2026-04-17 01:16,SA-312406,M01078,母嬰用品,Joie 輕量雙向推車,6745,信用卡
2026-04-04 22:21,SA-543011,M01273,美妝保養,資生堂 百優精純乳霜,2545,信用卡
2026-04-03 09:11,SA-794891,M00425,母嬰用品,幫寶適 一級幫紙尿褲(箱),1551,信用卡
2026-04-30 01:24,SA-297138,M00154,母嬰用品,Joie 輕量雙向推車,6263,信用卡
2026-04-17 18:34,SA-542985,M00860,服飾配件,Ray-Ban 飛行員太陽眼鏡,5336,超商貨到付款
2026-04-10 03:07,SA-565777,M00923,生活居家,宜得利 N-COOL涼感床墊,1202,信用卡
2026-04-17 05:48,SA-565239,M00960,3C家電,Dyson 吹風機,13768,LinePay
2026-04-03 08:11,SA-322155,M00301,3C家電,iPhone 15 Pro,35319,超商貨到付款
2026-04-27 07:22,SA-667543,M00645,美妝保養,理膚寶水 B5全面修復霜,802,LinePay
2026-04-28 03:32,SA-671072,M00172,保健食品,娘家 益生菌,1152,信用卡
2026-04-23 22:46,SA-309400,M00989,3C家電,Apple Watch S9,12590,信用卡
2026-04-04 22:27,SA-403335,M01287,服飾配件,Nike Air Force 1,3133,信用卡
2026-04-25 11:59,SA-683892,M00250,美妝保養,SK-II 青春露,5935,信用卡
2026-04-07 18:38,SA-977608,M00306,服飾配件,Nike Air Force 1,3291,信用卡
2026-04-30 14:43,SA-679573,M01327,3C家電,Sony 降噪耳機,10399,信用卡
2026-04-29 03:09,SA-233744,M00480,母嬰用品,貝親 寬口玻璃奶瓶,535,信用卡
2026-04-15 09:41,SA-615127,M00754,3C家電,Sony 降噪耳機,10128,LinePay
2026-04-22 16:27,SA-383464,M01392,服飾配件,G-Shock 經典運動錶,3109,LinePay
2026-04-10 15:47,SA-542357,M00459,3C家電,iPhone 15 Pro,36186,LinePay
2026-04-15 22:46,SA-735024,M00401,服飾配件,Ray-Ban 飛行員太陽眼鏡,5398,信用卡
2026-04-26 19:56,SA-772686,M00318,3C家電,Apple Watch S9,13039,信用卡
2026-04-02 03:00,SA-615418,M00390,保健食品,善存 綜合維他命,889,信用卡
2026-04-18 21:01,SA-935354,M00703,服飾配件,Levi's 501牛仔褲,3961,信用卡
2026-04-03 07:58,SA-535954,M00459,服飾配件,Levi's 501牛仔褲,3645,信用卡
2026-04-18 16:30,SA-296854,M00432,母嬰用品,貝親 寬口玻璃奶瓶,552,LinePay
2026-04-23 05:46,SA-779448,M01236,生活居家,宜得利 N-COOL涼感床墊,1258,LinePay
2026-04-14 03:20,SA-145312,M01452,生活居家,無印良品 PP收納盒,412,信用卡
2026-04-22 22:25,SA-737634,M00756,3C家電,Sony 降噪耳機,10876,信用卡
2026-04-28 09:16,SA-307186,M01318,服飾配件,Nike Air Force 1,3388,信用卡
2026-04-22 04:04,SA-201138,M00255,母嬰用品,幫寶適 一級幫紙尿褲(箱),1501,信用卡
2026-04-01 14:27,SA-396820,M01500,服飾配件,Nike Air Force 1,3304,信用卡
2026-04-17 08:18,SA-611303,M00685,美妝保養,理膚寶水 B5全面修復霜,819,信用卡
2026-04-03 11:57,SA-302730,M00294,母嬰用品,Joie 輕量雙向推車,6356,信用卡
2026-04-14 09:29,SA-878981,M01055,3C家電,Apple Watch S9,13001,信用卡
2026-04-04 02:40,SA-856875,M00971,美妝保養,蘭蔻 極光水,3327,ATM轉帳
2026-04-25 20:56,SA-103546,M01296,3C家電,Nintendo Switch,9057,信用卡
2026-04-17 01:05,SA-506925,M00579,3C家電,Nintendo Switch,9371,ATM轉帳
2026-04-17 03:48,SA-943940,M01124,美妝保養,雅詩蘭黛 小棕瓶,3885,信用卡
2026-04-07 08:31,SA-172935,M00413,3C家電,iPhone 15 Pro,35500,ATM轉帳
2026-04-19 22:27,SA-502686,M00845,母嬰用品,明治 金選奶粉,696,信用卡
2026-04-02 14:19,SA-525833,M01354,美妝保養,SK-II 青春露,6152,信用卡
2026-04-04 04:37,SA-859748,M00835,美妝保養,資生堂 百優精純乳霜,2595,信用卡
2026-04-24 17:18,SA-894336,M00114,美妝保養,SK-II 青春露,6211,LinePay
2026-04-27 11:17,SA-168933,M00375,3C家電,Apple Watch S9,12366,LinePay
2026-04-02 01:49,SA-770307,M00951,母嬰用品,Joie 輕量雙向推車,6700,信用卡
2026-04-05 18:18,SA-293856,M00952,美妝保養,SK-II 青春露,5685,信用卡
2026-04-18 17:27,SA-469714,M01334,服飾配件,Uniqlo 極暖發熱衣,730,LinePay
2026-04-17 13:55,SA-614015,M01222,3C家電,Dyson 吹風機,13788,LinePay
2026-04-12 12:57,SA-292863,M01326,美妝保養,SK-II 青春露,5756,信用卡
2026-04-18 02:00,SA-531452,M00305,3C家電,Dyson 吹風機,13550,ATM轉帳
2026-04-20 22:18,SA-823694,M01234,生活居家,無印良品 PP收納盒,448,LinePay
2026-04-18 01:43,SA-313039,M00437,母嬰用品,幫寶適 一級幫紙尿褲(箱),1559,信用卡
2026-04-01 19:57,SA-877288,M00836,美妝保養,蘭蔻 極光水,3445,街口支付
2026-04-28 03:43,SA-969128,M01057,3C家電,iPhone 15 Pro,34982,ATM轉帳
2026-04-12 20:30,SA-353681,M00289,生活居家,3M 淨水器濾心,2285,信用卡
2026-04-18 21:48,SA-825635,M00061,服飾配件,Uniqlo 極暖發熱衣,783,信用卡
2026-04-30 14:58,SA-212661,M00511,保健食品,白蘭氏 雙認證雞精(盒),1263,超商貨到付款
2026-04-29 06:56,SA-591663,M01243,母嬰用品,明治 金選奶粉,687,LinePay
2026-04-27 16:01,SA-713291,M00856,美妝保養,理膚寶水 B5全面修復霜,874,超商貨到付款
2026-04-16 13:41,SA-156698,M01312,美妝保養,蘭蔻 極光水,3463,信用卡
2026-04-01 11:44,SA-140340,M00655,母嬰用品,Combi 奶瓶消毒鍋,3237,信用卡
2026-04-13 22:10,SA-144643,M00008,服飾配件,Ray-Ban 飛行員太陽眼鏡,5327,LinePay
2026-04-23 02:08,SA-649653,M00663,3C家電,iPhone 15 Pro,34655,LinePay
2026-04-18 04:45,SA-610058,M00059,美妝保養,蘭蔻 極光水,3325,信用卡
2026-04-04 16:19,SA-877534,M01263,生活居家,3M 淨水器濾心,2345,LinePay
2026-04-12 05:21,SA-375314,M01342,服飾配件,Levi's 501牛仔褲,3863,超商貨到付款
2026-04-26 06:03,SA-343209,M00207,生活居家,宜得利 N-COOL涼感床墊,1193,街口支付
2026-04-21 19:23,SA-482689,M00316,服飾配件,Nike Air Force 1,3214,ATM轉帳
2026-04-09 01:08,SA-758121,M01320,3C家電,Nintendo Switch,9577,信用卡
2026-04-09 14:57,SA-156324,M01261,3C家電,LG 掃地機器人,14915,超商貨到付款
2026-04-10 15:24,SA-701243,M01087,美妝保養,雅詩蘭黛 小棕瓶,4114,LinePay
2026-04-21 10:26,SA-718916,M00361,服飾配件,Uniqlo 極暖發熱衣,743,街口支付
2026-04-15 15:28,SA-402361,M00473,服飾配件,G-Shock 經典運動錶,3005,LinePay
2026-04-25 17:08,SA-714958,M01032,服飾配件,Uniqlo 極暖發熱衣,787,LinePay
2026-04-22 02:18,SA-146914,M01262,美妝保養,SK-II 青春露,5878,信用卡
2026-04-07 08:51,SA-882340,M01347,3C家電,Dyson 吹風機,14143,信用卡
2026-04-23 19:30,SA-645136,M00644,美妝保養,蘭蔻 極光水,3291,LinePay
2026-04-12 14:32,SA-346079,M01222,母嬰用品,幫寶適 一級幫紙尿褲(箱),1472,街口支付
2026-04-15 16:06,SA-845778,M00808,美妝保養,雅詩蘭黛 小棕瓶,4183,信用卡
2026-04-23 19:20,SA-207976,M00847,保健食品,白蘭氏 雙認證雞精(盒),1321,LinePay
2026-04-09 17:18,SA-639409,M01345,美妝保養,蘭蔻 極光水,3461,街口支付
2026-04-07 18:20,SA-844800,M00190,3C家電,Nintendo Switch,9454,ATM轉帳
2026-04-09 02:24,SA-417612,M00469,美妝保養,資生堂 百優精純乳霜,2667,超商貨到付款
2026-04-23 06:52,SA-536949,M01442,美妝保養,理膚寶水 B5全面修復霜,795,LinePay
2026-04-06 19:17,SA-407957,M00929,服飾配件,Ray-Ban 飛行員太陽眼鏡,5369,信用卡
2026-04-12 03:27,SA-797704,M00305,生活居家,TOTO 溫水洗淨便座,9263,LinePay
2026-04-03 20:16,SA-700293,M00198,服飾配件,Uniqlo 極暖發熱衣,740,LinePay
2026-04-20 00:53,SA-462449,M01311,3C家電,Apple Watch S9,12250,信用卡
2026-04-18 21:40,SA-517072,M01069,服飾配件,Ray-Ban 飛行員太陽眼鏡,5380,超商貨到付款
2026-04-05 02:02,SA-550817,M00496,母嬰用品,Combi 奶瓶消毒鍋,3120,LinePay
2026-04-10 06:14,SA-991156,M00283,3C家電,Dyson 吹風機,13310,信用卡
2026-04-24 18:37,SA-910971,M00867,美妝保養,SK-II 青春露,6218,超商貨到付款
2026-04-28 12:59,SA-723271,M00781,3C家電,iPhone 15 Pro,35217,街口支付
2026-04-25 13:22,SA-977889,M01101,美妝保養,資生堂 百優精純乳霜,2767,LinePay
2026-04-01 06:23,SA-687097,M00011,生活居家,無印良品 PP收納盒,436,街口支付
2026-04-23 09:41,SA-702154,M01011,母嬰用品,Joie 輕量雙向推車,6659,超商貨到付款
2026-04-15 23:08,SA-650983,M01191,母嬰用品,Joie 輕量雙向推車,6333,信用卡
2026-04-03 03:28,SA-398703,M01188,服飾配件,G-Shock 經典運動錶,2998,信用卡
2026-04-23 16:45,SA-331419,M01140,3C家電,LG 掃地機器人,14670,ATM轉帳
2026-04-20 01:24,SA-448495,M00168,美妝保養,SK-II 青春露,6139,街口支付
2026-04-22 21:38,SA-130503,M00146,美妝保養,SK-II 青春露,6168,超商貨到付款
2026-04-08 03:59,SA-787961,M01209,3C家電,LG 掃地機器人,15136,信用卡
2026-04-19 03:50,SA-839448,M00675,服飾配件,Uniqlo 極暖發熱衣,731,信用卡
2026-04-27 04:25,SA-732714,M00156,美妝保養,資生堂 百優精純乳霜,2552,信用卡
2026-04-21 17:34,SA-601187,M00481,生活居家,無印良品 PP收納盒,427,信用卡
2026-04-06 04:03,SA-922966,M00170,生活居家,宜得利 N-COOL涼感床墊,1223,信用卡
2026-04-28 02:50,SA-374202,M01023,服飾配件,Uniqlo 極暖發熱衣,776,信用卡
2026-04-28 21:13,SA-631275,M00278,3C家電,LG 掃地機器人,14584,信用卡
2026-04-28 09:26,SA-540393,M00214,生活居家,TOTO 溫水洗淨便座,8994,超商貨到付款
2026-04-11 22:18,SA-264607,M01064,美妝保養,資生堂 百優精純乳霜,2583,信用卡
2026-04-03 07:34,SA-614486,M00321,美妝保養,理膚寶水 B5全面修復霜,829,信用卡
2026-04-10 09:42,SA-445112,M00081,生活居家,3M 淨水器濾心,2370,信用卡
2026-04-19 22:03,SA-442179,M00906,美妝保養,SK-II 青春露,6215,LinePay
2026-04-22 16:18,SA-635018,M01357,美妝保養,理膚寶水 B5全面修復霜,833,LinePay
2026-04-10 04:52,SA-475754,M00428,美妝保養,資生堂 百優精純乳霜,2600,信用卡
2026-04-04 13:49,SA-395546,M00656,美妝保養,理膚寶水 B5全面修復霜,804,LinePay
2026-04-26 14:53,SA-695085,M01196,3C家電,Sony 降噪耳機,9828,信用卡
2026-04-06 05:32,SA-632942,M00074,3C家電,LG 掃地機器人,14426,信用卡
2026-04-27 06:58,SA-929217,M01145,3C家電,Sony 降噪耳機,10179,超商貨到付款
2026-04-19 18:34,SA-230698,M00842,母嬰用品,貝親 寬口玻璃奶瓶,531,信用卡
2026-04-17 00:40,SA-986122,M01287,3C家電,Apple Watch S9,12655,信用卡
2026-04-05 03:49,SA-783293,M01258,保健食品,白蘭氏 雙認證雞精(盒),1257,LinePay
2026-04-07 02:51,SA-181485,M00801,美妝保養,SK-II 青春露,6242,信用卡
2026-04-09 16:15,SA-475317,M01019,3C家電,iPhone 15 Pro,36624,街口支付
2026-04-19 20:31,SA-614598,M01453,3C家電,Apple Watch S9,12852,超商貨到付款
2026-04-13 12:56,SA-759022,M00918,3C家電,Sony 降噪耳機,10214,信用卡
2026-04-17 15:11,SA-911851,M00524,生活居家,宜得利 N-COOL涼感床墊,1219,信用卡
2026-04-01 16:57,SA-911027,M00452,生活居家,舒潔 抽取式衛生紙(箱),868,LinePay
2026-04-07 07:24,SA-170815,M01139,美妝保養,資生堂 百優精純乳霜,2727,街口支付
2026-04-18 09:13,SA-335225,M01472,服飾配件,Uniqlo 極暖發熱衣,771,信用卡
2026-04-16 00:44,SA-110825,M01444,生活居家,TOTO 溫水洗淨便座,9767,信用卡
2026-04-08 01:36,SA-524264,M00859,生活居家,TOTO 溫水洗淨便座,9592,信用卡
2026-04-27 12:03,SA-397623,M00734,3C家電,Sony 降噪耳機,10189,超商貨到付款
2026-04-02 19:43,SA-565455,M00861,3C家電,LG 掃地機器人,14466,信用卡
2026-04-18 03:36,SA-524270,M01245,美妝保養,雅詩蘭黛 小棕瓶,3820,LinePay
2026-04-02 14:48,SA-276257,M01115,服飾配件,Ray-Ban 飛行員太陽眼鏡,5518,超商貨到付款
2026-04-08 05:38,SA-746695,M00308,3C家電,Sony 降噪耳機,10343,超商貨到付款
2026-04-04 19:50,SA-905850,M00180,保健食品,娘家 益生菌,1175,LinePay
2026-04-10 00:32,SA-118876,M01344,3C家電,Dyson 吹風機,13200,LinePay
2026-04-04 18:55,SA-583082,M00039,服飾配件,Uniqlo 極暖發熱衣,787,信用卡
2026-04-12 12:48,SA-506736,M01442,保健食品,善存 綜合維他命,857,信用卡
2026-04-26 03:24,SA-615752,M00004,3C家電,Apple Watch S9,12609,LinePay
2026-04-13 12:23,SA-858786,M00597,3C家電,Dyson 吹風機,14267,LinePay
2026-04-12 21:32,SA-428138,M01136,3C家電,iPhone 15 Pro,36862,LinePay
2026-04-21 05:35,SA-458988,M00527,服飾配件,Ray-Ban 飛行員太陽眼鏡,5294,信用卡
2026-04-05 19:52,SA-631931,M01462,美妝保養,SK-II 青春露,6138,LinePay
2026-04-19 18:49,SA-924354,M00628,美妝保養,雅詩蘭黛 小棕瓶,4018,信用卡
2026-04-25 13:26,SA-973527,M01055,美妝保養,雅詩蘭黛 小棕瓶,4102,超商貨到付款
2026-04-17 08:28,SA-131824,M00607,3C家電,Nintendo Switch,9495,LinePay
2026-04-29 14:34,SA-734755,M00701,母嬰用品,貝親 寬口玻璃奶瓶,534,街口支付
2026-04-25 01:25,SA-518416,M00269,美妝保養,理膚寶水 B5全面修復霜,799,LinePay
2026-04-13 06:21,SA-695952,M01378,美妝保養,蘭蔻 極光水,3549,信用卡
2026-04-30 08:11,SA-323794,M01440,3C家電,iPhone 15 Pro,36593,信用卡
2026-04-08 17:12,SA-121963,M00018,美妝保養,SK-II 青春露,5683,信用卡
2026-04-23 13:17,SA-588254,M00252,生活居家,TOTO 溫水洗淨便座,9467,信用卡
2026-04-08 13:52,SA-943876,M01159,3C家電,Apple Watch S9,13323,LinePay
2026-04-03 13:33,SA-578746,M01366,母嬰用品,Combi 奶瓶消毒鍋,2987,LinePay
2026-04-14 17:59,SA-534840,M00147,保健食品,白蘭氏 雙認證雞精(盒),1373,信用卡
2026-04-21 23:20,SA-344561,M00017,服飾配件,Ray-Ban 飛行員太陽眼鏡,5150,信用卡
2026-04-22 00:52,SA-407620,M00859,3C家電,LG 掃地機器人,15520,信用卡
2026-04-10 01:20,SA-806506,M01256,母嬰用品,Joie 輕量雙向推車,6777,LinePay
2026-04-22 20:51,SA-136664,M00983,服飾配件,Ray-Ban 飛行員太陽眼鏡,5514,LinePay
2026-04-23 06:08,SA-531498,M00439,美妝保養,資生堂 百優精純乳霜,2653,信用卡
2026-04-07 18:16,SA-835919,M00374,生活居家,舒潔 抽取式衛生紙(箱),876,LinePay
2026-04-04 21:36,SA-414475,M00174,3C家電,LG 掃地機器人,14551,信用卡
2026-04-18 08:46,SA-410642,M01116,3C家電,Dyson 吹風機,13429,信用卡
2026-04-03 18:02,SA-241278,M01346,生活居家,TOTO 溫水洗淨便座,9250,信用卡
2026-04-15 22:44,SA-340812,M00242,美妝保養,雅詩蘭黛 小棕瓶,3843,LinePay
2026-04-07 06:17,SA-964005,M00752,保健食品,桂格 大燕麥片,238,信用卡
2026-04-30 12:45,SA-779882,M00112,保健食品,娘家 大紅麴,2550,信用卡
2026-04-30 06:40,SA-728354,M00770,3C家電,Apple Watch S9,13448,信用卡
2026-04-12 13:10,SA-567304,M00481,服飾配件,G-Shock 經典運動錶,2988,街口支付
2026-04-19 15:56,SA-618811,M01451,美妝保養,雅詩蘭黛 小棕瓶,3817,LinePay
2026-04-05 06:54,SA-123910,M01358,生活居家,宜得利 N-COOL涼感床墊,1272,信用卡
2026-04-29 11:34,SA-666922,M01355,服飾配件,Levi's 501牛仔褲,3803,LinePay
2026-04-25 19:47,SA-927318,M00108,美妝保養,資生堂 百優精純乳霜,2732,信用卡
2026-04-30 12:09,SA-620231,M00117,生活居家,舒潔 抽取式衛生紙(箱),877,街口支付
2026-04-11 00:43,SA-348968,M01462,生活居家,TOTO 溫水洗淨便座,9258,信用卡
2026-04-23 18:53,SA-445050,M01340,美妝保養,蘭蔻 極光水,3336,信用卡
2026-04-12 12:55,SA-350833,M00128,生活居家,3M 淨水器濾心,2265,LinePay
2026-04-23 07:53,SA-981331,M00082,美妝保養,蘭蔻 極光水,3344,信用卡
2026-04-28 07:40,SA-559742,M00482,3C家電,iPhone 15 Pro,34509,LinePay
2026-04-09 23:20,SA-539487,M00742,母嬰用品,Combi 奶瓶消毒鍋,3224,信用卡
2026-04-09 03:50,SA-562923,M00590,3C家電,Nintendo Switch,9536,LinePay
2026-04-09 04:11,SA-848438,M00890,美妝保養,SK-II 青春露,5971,LinePay
2026-04-04 18:56,SA-587074,M00828,生活居家,無印良品 PP收納盒,432,LinePay
2026-04-07 04:14,SA-275378,M01102,3C家電,Sony 降噪耳機,10738,街口支付
2026-04-09 11:24,SA-649769,M01343,服飾配件,Nike Air Force 1,3111,信用卡
2026-04-23 19:42,SA-929534,M01244,3C家電,LG 掃地機器人,14857,信用卡
2026-04-14 02:51,SA-120901,M01248,生活居家,3M 淨水器濾心,2383,LinePay
2026-04-11 04:40,SA-988327,M00865,生活居家,宜得利 N-COOL涼感床墊,1190,信用卡
2026-04-06 18:34,SA-874200,M00538,保健食品,娘家 益生菌,1188,信用卡
2026-04-26 01:05,SA-621768,M00354,服飾配件,Nike Air Force 1,3281,信用卡
2026-04-27 12:35,SA-297340,M00823,3C家電,Nintendo Switch,9070,LinePay
2026-04-05 16:29,SA-975067,M00525,美妝保養,理膚寶水 B5全面修復霜,833,街口支付
2026-04-01 19:12,SA-823211,M00717,服飾配件,Uniqlo 極暖發熱衣,763,信用卡
2026-04-25 08:49,SA-482143,M01434,3C家電,iPhone 15 Pro,34723,信用卡
2026-04-18 05:56,SA-461001,M00544,美妝保養,資生堂 百優精純乳霜,2709,信用卡
2026-04-11 12:01,SA-409167,M01066,服飾配件,Uniqlo 極暖發熱衣,775,超商貨到付款
2026-04-30 22:46,SA-417174,M00073,美妝保養,雅詩蘭黛 小棕瓶,3933,信用卡
2026-04-14 12:45,SA-803140,M00034,服飾配件,G-Shock 經典運動錶,2932,信用卡
2026-04-22 03:30,SA-272544,M01053,服飾配件,Levi's 501牛仔褲,3985,LinePay
2026-04-14 18:00,SA-958164,M01240,服飾配件,Nike Air Force 1,3353,信用卡
2026-04-04 22:45,SA-457465,M00416,3C家電,Sony 降噪耳機,10667,信用卡
2026-04-03 03:00,SA-721494,M01178,服飾配件,Levi's 501牛仔褲,3869,信用卡
2026-04-12 23:44,SA-415304,M00115,生活居家,宜得利 N-COOL涼感床墊,1170,信用卡
2026-04-13 01:37,SA-520834,M01217,美妝保養,雅詩蘭黛 小棕瓶,3953,超商貨到付款
2026-04-26 22:37,SA-599139,M00346,母嬰用品,明治 金選奶粉,680,信用卡
2026-04-01 00:08,SA-396873,M00411,服飾配件,G-Shock 經典運動錶,3084,LinePay
2026-04-24 23:40,SA-117011,M01079,服飾配件,Ray-Ban 飛行員太陽眼鏡,5439,信用卡
2026-04-26 22:59,SA-911445,M01233,美妝保養,理膚寶水 B5全面修復霜,813,超商貨到付款
2026-04-15 10:01,SA-685820,M00647,美妝保養,資生堂 百優精純乳霜,2535,LinePay
2026-04-16 23:00,SA-709438,M01074,生活居家,3M 淨水器濾心,2380,街口支付
2026-04-04 10:51,SA-871049,M00687,3C家電,Nintendo Switch,9007,信用卡
2026-04-10 06:34,SA-604726,M00892,3C家電,iPhone 15 Pro,34154,超商貨到付款
2026-04-27 11:56,SA-736973,M00312,3C家電,iPhone 15 Pro,35091,信用卡
2026-04-10 16:58,SA-316867,M00928,3C家電,Nintendo Switch,9572,信用卡
2026-04-24 09:53,SA-753916,M00779,保健食品,白蘭氏 雙認證雞精(盒),1248,超商貨到付款
2026-04-07 07:51,SA-778813,M01340,3C家電,Nintendo Switch,9743,信用卡
2026-04-04 19:49,SA-683703,M00491,服飾配件,Levi's 501牛仔褲,3823,信用卡
2026-04-13 21:00,SA-907942,M01036,生活居家,TOTO 溫水洗淨便座,9352,街口支付
2026-04-19 09:04,SA-704417,M00220,美妝保養,雅詩蘭黛 小棕瓶,3914,街口支付
2026-04-20 08:00,SA-419489,M00068,3C家電,Apple Watch S9,13142,信用卡
2026-04-11 05:28,SA-573221,M00256,3C家電,iPhone 15 Pro,35302,LinePay
2026-04-03 18:40,SA-148919,M00278,母嬰用品,明治 金選奶粉,707,信用卡
2026-04-04 23:21,SA-401459,M00914,美妝保養,雅詩蘭黛 小棕瓶,4094,超商貨到付款
2026-04-27 18:23,SA-633456,M00304,服飾配件,Uniqlo 極暖發熱衣,754,信用卡
2026-04-25 18:19,SA-920839,M01112,3C家電,LG 掃地機器人,14986,信用卡
2026-04-13 13:21,SA-950575,M01409,保健食品,娘家 大紅麴,2361,ATM轉帳
2026-04-15 16:49,SA-961689,M01034,生活居家,宜得利 N-COOL涼感床墊,1261,信用卡
2026-04-10 05:31,SA-810584,M00745,3C家電,Sony 降噪耳機,9937,信用卡
2026-04-14 22:39,SA-680624,M00848,服飾配件,Ray-Ban 飛行員太陽眼鏡,5596,街口支付
2026-04-27 11:03,SA-561371,M00649,3C家電,iPhone 15 Pro,33944,信用卡
2026-04-02 08:18,SA-642658,M00864,美妝保養,SK-II 青春露,6166,信用卡
2026-04-02 14:51,SA-333697,M01226,生活居家,無印良品 PP收納盒,414,LinePay
2026-04-01 20:06,SA-594058,M00513,生活居家,宜得利 N-COOL涼感床墊,1289,信用卡
2026-04-30 21:42,SA-315959,M01083,生活居家,TOTO 溫水洗淨便座,9705,超商貨到付款
2026-04-16 03:32,SA-908144,M00562,美妝保養,資生堂 百優精純乳霜,2691,信用卡
2026-04-30 17:18,SA-284531,M00035,服飾配件,G-Shock 經典運動錶,3081,ATM轉帳
2026-04-09 23:30,SA-511349,M00341,3C家電,LG 掃地機器人,15016,信用卡
2026-04-08 10:22,SA-736197,M00530,母嬰用品,Combi 奶瓶消毒鍋,3086,ATM轉帳
2026-04-14 23:40,SA-581226,M00750,美妝保養,雅詩蘭黛 小棕瓶,3971,ATM轉帳
2026-04-13 15:20,SA-489135,M00053,美妝保養,SK-II 青春露,5634,信用卡
2026-04-27 05:52,SA-786125,M00001,生活居家,宜得利 N-COOL涼感床墊,1182,LinePay
2026-04-02 01:17,SA-189478,M00130,3C家電,LG 掃地機器人,14830,LinePay
2026-04-05 05:44,SA-346579,M00077,3C家電,iPhone 15 Pro,36819,LinePay
2026-04-28 14:58,SA-307838,M00055,生活居家,無印良品 PP收納盒,439,超商貨到付款
2026-04-14 13:41,SA-763019,M00682,保健食品,娘家 益生菌,1097,信用卡
2026-04-23 18:47,SA-638262,M00358,3C家電,Apple Watch S9,13099,LinePay
2026-04-04 14:02,SA-442600,M00690,服飾配件,Nike Air Force 1,3103,LinePay
2026-04-13 04:46,SA-293365,M00675,母嬰用品,貝親 寬口玻璃奶瓶,563,LinePay
2026-04-03 03:42,SA-130984,M01495,生活居家,TOTO 溫水洗淨便座,9310,ATM轉帳
2026-04-12 15:17,SA-296129,M00032,美妝保養,理膚寶水 B5全面修復霜,858,LinePay
2026-04-03 20:49,SA-445118,M01206,生活居家,無印良品 PP收納盒,442,信用卡
2026-04-24 13:19,SA-606418,M00722,3C家電,Sony 降噪耳機,10483,ATM轉帳
2026-04-14 09:12,SA-185407,M01002,3C家電,Nintendo Switch,9396,信用卡
2026-04-18 01:11,SA-997937,M00731,母嬰用品,幫寶適 一級幫紙尿褲(箱),1593,信用卡
2026-04-23 01:57,SA-734244,M00792,服飾配件,Ray-Ban 飛行員太陽眼鏡,5121,LinePay
2026-04-27 09:45,SA-356514,M00326,美妝保養,蘭蔻 極光水,3339,LinePay
2026-04-02 16:02,SA-354534,M00976,服飾配件,Uniqlo 極暖發熱衣,778,LinePay
2026-04-15 08:35,SA-446654,M00548,生活居家,TOTO 溫水洗淨便座,9537,超商貨到付款
2026-04-27 23:51,SA-355890,M00428,保健食品,白蘭氏 雙認證雞精(盒),1274,信用卡
2026-04-27 19:03,SA-227621,M00837,美妝保養,SK-II 青春露,5691,信用卡
2026-04-17 19:40,SA-771616,M00029,保健食品,桂格 大燕麥片,220,信用卡
2026-04-21 14:00,SA-264839,M00685,3C家電,Sony 降噪耳機,10448,LinePay
2026-04-14 06:58,SA-492003,M01387,美妝保養,SK-II 青春露,5775,超商貨到付款
2026-04-13 08:05,SA-149770,M00798,生活居家,TOTO 溫水洗淨便座,9775,LinePay
2026-04-23 11:26,SA-691169,M00485,3C家電,Sony 降噪耳機,9880,超商貨到付款
2026-04-20 04:21,SA-926284,M00582,服飾配件,Nike Air Force 1,3204,信用卡
2026-04-20 11:43,SA-747355,M01290,生活居家,3M 淨水器濾心,2356,信用卡
2026-04-03 18:21,SA-685861,M01296,3C家電,Sony 降噪耳機,10896,信用卡
2026-04-08 22:11,SA-681549,M00407,3C家電,Nintendo Switch,9153,LinePay
2026-04-22 00:22,SA-874754,M00633,3C家電,Sony 降噪耳機,10357,LinePay
2026-04-12 05:01,SA-829357,M00506,3C家電,Nintendo Switch,9597,街口支付
2026-04-20 18:54,SA-318406,M00159,母嬰用品,幫寶適 一級幫紙尿褲(箱),1559,信用卡
2026-04-15 13:40,SA-827961,M01340,母嬰用品,Joie 輕量雙向推車,6759,信用卡
2026-04-29 05:03,SA-556436,M00794,母嬰用品,幫寶適 一級幫紙尿褲(箱),1482,信用卡
2026-04-02 12:35,SA-785884,M00191,美妝保養,資生堂 百優精純乳霜,2754,超商貨到付款
2026-04-11 06:42,SA-810961,M00767,服飾配件,Ray-Ban 飛行員太陽眼鏡,5042,信用卡
2026-04-22 08:43,SA-749877,M01215,美妝保養,資生堂 百優精純乳霜,2576,信用卡
2026-04-05 06:58,SA-531895,M01403,美妝保養,SK-II 青春露,6197,LinePay
2026-04-19 11:25,SA-834144,M00043,母嬰用品,幫寶適 一級幫紙尿褲(箱),1557,街口支付
2026-04-13 09:08,SA-497047,M00991,3C家電,Nintendo Switch,9300,LinePay
2026-04-26 23:05,SA-157841,M01050,母嬰用品,Joie 輕量雙向推車,6413,信用卡
2026-04-10 01:43,SA-933099,M01444,3C家電,iPhone 15 Pro,34718,信用卡
2026-04-23 23:08,SA-119442,M01291,生活居家,宜得利 N-COOL涼感床墊,1209,LinePay
2026-04-03 05:55,SA-735822,M01269,3C家電,Sony 降噪耳機,10720,超商貨到付款
2026-04-25 00:46,SA-100224,M00248,生活居家,宜得利 N-COOL涼感床墊,1220,LinePay
2026-04-23 03:49,SA-255982,M00632,服飾配件,Ray-Ban 飛行員太陽眼鏡,5143,LinePay
2026-04-22 06:51,SA-817490,M01096,3C家電,Apple Watch S9,13240,信用卡
2026-04-07 16:52,SA-969594,M00905,美妝保養,SK-II 青春露,6046,LinePay
2026-04-07 01:51,SA-635086,M00994,生活居家,宜得利 N-COOL涼感床墊,1261,LinePay
2026-04-29 10:25,SA-709471,M00002,3C家電,Apple Watch S9,13066,ATM轉帳
2026-04-01 17:16,SA-415822,M01490,服飾配件,Nike Air Force 1,3234,超商貨到付款
2026-04-19 10:37,SA-636470,M00346,3C家電,Dyson 吹風機,13231,LinePay
2026-04-10 08:52,SA-737701,M01408,保健食品,娘家 益生菌,1095,超商貨到付款
2026-04-13 05:49,SA-185080,M01314,母嬰用品,幫寶適 一級幫紙尿褲(箱),1484,街口支付
2026-04-25 23:13,SA-113148,M00687,生活居家,舒潔 抽取式衛生紙(箱),847,超商貨到付款
2026-04-29 01:09,SA-182162,M00304,服飾配件,G-Shock 經典運動錶,3113,ATM轉帳
2026-04-16 19:38,SA-869345,M00619,美妝保養,SK-II 青春露,5766,信用卡
2026-04-22 06:12,SA-224476,M00419,美妝保養,資生堂 百優精純乳霜,2608,信用卡
2026-04-22 06:51,SA-883932,M00382,美妝保養,資生堂 百優精純乳霜,2622,信用卡
2026-04-30 02:56,SA-227182,M00619,美妝保養,蘭蔻 極光水,3519,信用卡
2026-04-25 10:58,SA-924563,M00238,母嬰用品,明治 金選奶粉,682,信用卡
2026-04-24 14:50,SA-677480,M00553,美妝保養,理膚寶水 B5全面修復霜,829,街口支付
2026-04-06 00:18,SA-695996,M00839,3C家電,Apple Watch S9,13230,LinePay
2026-04-29 03:52,SA-801295,M00605,3C家電,Apple Watch S9,12609,信用卡
2026-04-27 14:23,SA-880217,M00171,美妝保養,雅詩蘭黛 小棕瓶,4185,街口支付
2026-04-05 01:25,SA-585571,M00444,母嬰用品,貝親 寬口玻璃奶瓶,529,LinePay
2026-04-18 11:23,SA-346761,M01341,服飾配件,Uniqlo 極暖發熱衣,744,LinePay
2026-04-23 07:47,SA-409990,M00285,3C家電,Apple Watch S9,12988,LinePay
2026-04-04 00:00,SA-939004,M00231,生活居家,TOTO 溫水洗淨便座,9642,信用卡
2026-04-01 18:02,SA-687358,M00226,美妝保養,蘭蔻 極光水,3454,信用卡
2026-04-22 03:09,SA-653639,M01162,3C家電,iPhone 15 Pro,33829,超商貨到付款
2026-04-04 07:52,SA-602401,M00501,美妝保養,理膚寶水 B5全面修復霜,823,LinePay
2026-04-30 08:03,SA-175638,M00001,3C家電,LG 掃地機器人,14370,信用卡
2026-04-17 00:38,SA-117419,M01240,3C家電,Dyson 吹風機,14253,信用卡
2026-04-30 00:32,SA-194853,M00350,3C家電,Apple Watch S9,13141,ATM轉帳
2026-04-14 00:27,SA-893564,M00850,保健食品,娘家 益生菌,1169,LinePay
2026-04-10 14:28,SA-392718,M00934,生活居家,宜得利 N-COOL涼感床墊,1187,超商貨到付款
2026-04-25 20:23,SA-651196,M00606,生活居家,舒潔 抽取式衛生紙(箱),865,信用卡
2026-04-23 09:49,SA-702692,M00304,生活居家,舒潔 抽取式衛生紙(箱),821,信用卡
2026-04-07 17:28,SA-496342,M00972,生活居家,舒潔 抽取式衛生紙(箱),827,街口支付
2026-04-21 18:12,SA-357363,M00996,3C家電,Sony 降噪耳機,10775,LinePay
2026-04-06 11:47,SA-878791,M00594,美妝保養,理膚寶水 B5全面修復霜,800,信用卡
2026-04-01 04:36,SA-564173,M00302,3C家電,LG 掃地機器人,15105,超商貨到付款
2026-04-03 06:01,SA-726116,M00341,3C家電,Dyson 吹風機,13726,信用卡
2026-04-05 00:00,SA-826898,M01204,3C家電,iPhone 15 Pro,36140,信用卡
2026-04-16 18:27,SA-832124,M01391,服飾配件,Uniqlo 極暖發熱衣,747,街口支付
2026-04-21 17:04,SA-135551,M01206,服飾配件,G-Shock 經典運動錶,2958,街口支付
2026-04-27 05:02,SA-138817,M00852,服飾配件,Nike Air Force 1,3203,LinePay
2026-04-09 03:57,SA-215287,M00080,母嬰用品,貝親 寬口玻璃奶瓶,552,信用卡
2026-04-14 01:32,SA-845473,M00748,生活居家,宜得利 N-COOL涼感床墊,1255,信用卡
2026-04-09 21:00,SA-272747,M00385,3C家電,Nintendo Switch,9311,信用卡
2026-04-03 19:54,SA-125367,M00287,美妝保養,SK-II 青春露,6021,信用卡
2026-04-15 14:56,SA-374752,M00354,美妝保養,資生堂 百優精純乳霜,2673,超商貨到付款
2026-04-28 20:38,SA-632511,M00795,3C家電,LG 掃地機器人,14949,信用卡
2026-04-20 09:59,SA-999141,M00873,美妝保養,資生堂 百優精純乳霜,2638,超商貨到付款
2026-04-03 14:05,SA-781423,M01306,服飾配件,Levi's 501牛仔褲,3719,LinePay
2026-04-06 06:27,SA-443904,M01129,3C家電,Nintendo Switch,9653,街口支付
2026-04-25 02:30,SA-745443,M01185,美妝保養,雅詩蘭黛 小棕瓶,4058,信用卡
2026-04-24 07:17,SA-710477,M01089,服飾配件,G-Shock 經典運動錶,3109,LinePay
2026-04-19 23:15,SA-513597,M01308,生活居家,無印良品 PP收納盒,412,街口支付
2026-04-09 09:34,SA-860229,M00717,生活居家,3M 淨水器濾心,2268,ATM轉帳
2026-04-22 23:04,SA-639818,M00688,美妝保養,蘭蔻 極光水,3413,信用卡
2026-04-26 04:59,SA-127742,M01338,3C家電,Nintendo Switch,9345,信用卡
2026-04-30 20:25,SA-687435,M00963,服飾配件,Levi's 501牛仔褲,3617,信用卡
2026-04-02 17:16,SA-665481,M00229,生活居家,無印良品 PP收納盒,441,信用卡
2026-04-27 02:52,SA-715595,M00906,母嬰用品,幫寶適 一級幫紙尿褲(箱),1456,信用卡
2026-04-29 09:08,SA-401401,M00691,3C家電,LG 掃地機器人,15443,超商貨到付款
2026-04-30 11:24,SA-723684,M00811,服飾配件,G-Shock 經典運動錶,3048,信用卡
2026-04-14 05:44,SA-465707,M00123,服飾配件,Nike Air Force 1,3111,LinePay
2026-04-29 00:30,SA-299690,M00946,3C家電,iPhone 15 Pro,35349,LinePay
2026-04-04 08:55,SA-235593,M01241,3C家電,iPhone 15 Pro,33490,信用卡
2026-04-03 13:10,SA-834002,M00438,保健食品,娘家 大紅麴,2461,信用卡
2026-04-25 08:11,SA-766389,M00210,服飾配件,Ray-Ban 飛行員太陽眼鏡,5333,超商貨到付款
2026-04-10 03:07,SA-908652,M00604,服飾配件,Ray-Ban 飛行員太陽眼鏡,5416,信用卡
2026-04-07 03:37,SA-136591,M00099,服飾配件,G-Shock 經典運動錶,3043,信用卡
2026-04-12 03:00,SA-213266,M01403,美妝保養,雅詩蘭黛 小棕瓶,4067,信用卡
2026-04-27 01:29,SA-279247,M01268,美妝保養,理膚寶水 B5全面修復霜,827,信用卡
2026-04-28 15:58,SA-831070,M00126,美妝保養,資生堂 百優精純乳霜,2605,信用卡
2026-04-21 03:30,SA-719704,M00162,美妝保養,雅詩蘭黛 小棕瓶,4021,信用卡
2026-04-26 04:23,SA-745993,M00198,服飾配件,Levi's 501牛仔褲,3768,超商貨到付款
2026-04-12 04:38,SA-269023,M00002,美妝保養,資生堂 百優精純乳霜,2542,信用卡
2026-04-09 23:08,SA-199631,M01389,美妝保養,雅詩蘭黛 小棕瓶,4141,信用卡
2026-04-19 14:39,SA-886275,M00154,美妝保養,蘭蔻 極光水,3396,街口支付
2026-04-17 17:42,SA-784043,M00276,3C家電,Sony 降噪耳機,10632,信用卡
2026-04-15 12:24,SA-830486,M01045,服飾配件,Levi's 501牛仔褲,3789,超商貨到付款
2026-04-25 12:56,SA-331590,M00777,保健食品,娘家 益生菌,1181,街口支付
2026-04-26 02:19,SA-594934,M01061,3C家電,Apple Watch S9,13240,信用卡
2026-04-17 18:13,SA-480527,M00840,服飾配件,Uniqlo 極暖發熱衣,779,LinePay
2026-04-07 11:35,SA-469463,M00005,生活居家,舒潔 抽取式衛生紙(箱),827,LinePay
2026-04-25 10:16,SA-455279,M00219,生活居家,無印良品 PP收納盒,425,LinePay
2026-04-10 23:07,SA-480971,M00876,母嬰用品,明治 金選奶粉,702,信用卡
2026-04-04 04:25,SA-491539,M00715,母嬰用品,貝親 寬口玻璃奶瓶,554,信用卡
2026-04-14 08:33,SA-735350,M00026,3C家電,LG 掃地機器人,15593,信用卡
2026-04-29 04:47,SA-197352,M00619,服飾配件,Uniqlo 極暖發熱衣,741,信用卡
2026-04-13 21:40,SA-332087,M00034,母嬰用品,幫寶適 一級幫紙尿褲(箱),1516,信用卡
2026-04-30 14:19,SA-188340,M01135,服飾配件,Uniqlo 極暖發熱衣,711,信用卡
2026-04-28 05:44,SA-367215,M01349,生活居家,3M 淨水器濾心,2436,信用卡
2026-04-22 21:25,SA-679802,M00350,3C家電,Nintendo Switch,9070,超商貨到付款
2026-04-17 13:36,SA-299523,M01498,生活居家,TOTO 溫水洗淨便座,8921,信用卡
2026-04-26 22:39,SA-936311,M00347,3C家電,Dyson 吹風機,14284,信用卡
2026-04-25 19:54,SA-412036,M00323,母嬰用品,Joie 輕量雙向推車,6129,LinePay
2026-04-24 22:16,SA-113390,M00322,3C家電,Dyson 吹風機,13240,信用卡
2026-04-12 01:44,SA-506628,M00053,母嬰用品,Combi 奶瓶消毒鍋,3001,信用卡
2026-04-16 15:46,SA-148280,M00415,生活居家,宜得利 N-COOL涼感床墊,1168,信用卡
2026-04-17 21:19,SA-122665,M00099,生活居家,宜得利 N-COOL涼感床墊,1180,信用卡
2026-04-27 02:15,SA-181324,M00192,美妝保養,蘭蔻 極光水,3304,LinePay
2026-04-08 15:03,SA-527140,M00579,3C家電,Nintendo Switch,8898,信用卡
2026-04-19 02:35,SA-240037,M00507,母嬰用品,幫寶適 一級幫紙尿褲(箱),1590,信用卡
2026-04-20 21:58,SA-575709,M00302,美妝保養,SK-II 青春露,6077,LinePay
2026-04-25 01:17,SA-235103,M01213,母嬰用品,Combi 奶瓶消毒鍋,2968,LinePay
2026-04-30 23:25,SA-389504,M00812,3C家電,iPhone 15 Pro,34811,信用卡
2026-04-04 19:42,SA-633076,M00223,母嬰用品,明治 金選奶粉,733,信用卡
2026-04-07 10:03,SA-708712,M00675,保健食品,娘家 益生菌,1117,信用卡
2026-04-04 07:53,SA-303010,M01310,保健食品,娘家 益生菌,1180,超商貨到付款
2026-04-29 01:09,SA-676514,M00760,美妝保養,資生堂 百優精純乳霜,2621,超商貨到付款
2026-04-22 12:45,SA-595775,M00644,美妝保養,蘭蔻 極光水,3561,LinePay
2026-04-07 08:08,SA-426986,M00035,生活居家,舒潔 抽取式衛生紙(箱),839,信用卡
2026-04-24 18:38,SA-748780,M00193,美妝保養,雅詩蘭黛 小棕瓶,3953,街口支付
2026-04-17 15:50,SA-761957,M00105,美妝保養,資生堂 百優精純乳霜,2794,信用卡
2026-04-18 05:53,SA-921182,M00063,3C家電,Dyson 吹風機,13211,超商貨到付款
2026-04-10 17:15,SA-517944,M00742,美妝保養,資生堂 百優精純乳霜,2663,LinePay
2026-04-07 06:07,SA-826399,M00471,3C家電,Sony 降噪耳機,10212,信用卡
2026-04-04 04:17,SA-445984,M00386,服飾配件,Levi's 501牛仔褲,3592,信用卡
2026-04-23 05:48,SA-284776,M00348,3C家電,Apple Watch S9,13249,LinePay
2026-04-01 09:15,SA-364227,M00158,服飾配件,G-Shock 經典運動錶,3184,信用卡
2026-04-18 01:05,SA-571367,M01168,美妝保養,理膚寶水 B5全面修復霜,819,信用卡
2026-04-20 17:22,SA-700717,M00821,美妝保養,資生堂 百優精純乳霜,2522,街口支付
2026-04-26 20:04,SA-971663,M00390,母嬰用品,明治 金選奶粉,704,街口支付
2026-04-11 20:50,SA-121624,M00242,服飾配件,G-Shock 經典運動錶,3101,LinePay
2026-04-10 18:16,SA-747390,M00586,3C家電,LG 掃地機器人,15832,超商貨到付款
2026-04-30 08:58,SA-195700,M01290,3C家電,Nintendo Switch,8976,超商貨到付款
2026-04-23 23:07,SA-140603,M00519,服飾配件,Levi's 501牛仔褲,3853,信用卡
2026-04-03 11:58,SA-954188,M00786,美妝保養,雅詩蘭黛 小棕瓶,3942,LinePay
2026-04-01 04:49,SA-252240,M00287,保健食品,善存 綜合維他命,869,LinePay
2026-04-08 01:06,SA-932665,M01290,生活居家,宜得利 N-COOL涼感床墊,1185,超商貨到付款
2026-04-10 07:03,SA-525757,M00921,美妝保養,雅詩蘭黛 小棕瓶,3981,超商貨到付款
2026-04-09 17:37,SA-635703,M00171,美妝保養,資生堂 百優精純乳霜,2694,信用卡
2026-04-20 19:27,SA-131340,M01146,生活居家,舒潔 抽取式衛生紙(箱),826,街口支付
2026-04-13 03:31,SA-904967,M00963,母嬰用品,Joie 輕量雙向推車,6689,信用卡
2026-04-30 05:23,SA-352735,M00348,美妝保養,雅詩蘭黛 小棕瓶,4046,信用卡
2026-04-17 09:31,SA-134328,M00028,服飾配件,Nike Air Force 1,3280,信用卡
2026-04-04 03:55,SA-462394,M01304,母嬰用品,明治 金選奶粉,691,信用卡
2026-04-19 09:19,SA-557628,M00088,美妝保養,理膚寶水 B5全面修復霜,858,ATM轉帳
2026-04-13 03:12,SA-400346,M00388,服飾配件,Ray-Ban 飛行員太陽眼鏡,5187,信用卡
2026-04-29 17:01,SA-107503,M00809,保健食品,娘家 大紅麴,2509,超商貨到付款
2026-04-20 10:49,SA-101237,M00850,美妝保養,理膚寶水 B5全面修復霜,796,信用卡
2026-04-09 13:20,SA-249824,M00371,生活居家,舒潔 抽取式衛生紙(箱),851,LinePay
2026-04-24 07:59,SA-475839,M00770,3C家電,iPhone 15 Pro,35078,信用卡
2026-04-04 00:53,SA-675468,M00180,3C家電,Sony 降噪耳機,10155,信用卡
2026-04-12 09:07,SA-244520,M00130,服飾配件,Uniqlo 極暖發熱衣,714,信用卡
2026-04-27 03:46,SA-809174,M00751,美妝保養,資生堂 百優精純乳霜,2684,信用卡
2026-04-11 14:59,SA-343939,M01153,3C家電,iPhone 15 Pro,34635,LinePay
2026-04-19 22:14,SA-830498,M01281,生活居家,舒潔 抽取式衛生紙(箱),857,信用卡
2026-04-19 07:28,SA-862739,M00289,保健食品,娘家 益生菌,1097,LinePay
2026-04-09 22:30,SA-121726,M00080,母嬰用品,Combi 奶瓶消毒鍋,2973,超商貨到付款
2026-04-22 13:28,SA-372751,M00433,母嬰用品,Combi 奶瓶消毒鍋,3013,LinePay
2026-04-13 02:49,SA-741648,M00040,美妝保養,蘭蔻 極光水,3442,超商貨到付款
2026-04-14 18:09,SA-518406,M00035,美妝保養,理膚寶水 B5全面修復霜,841,信用卡
2026-04-08 16:45,SA-948401,M00114,美妝保養,蘭蔻 極光水,3259,超商貨到付款
2026-04-27 21:28,SA-947383,M00007,美妝保養,SK-II 青春露,6070,信用卡
2026-04-16 14:11,SA-305695,M01062,3C家電,Apple Watch S9,13222,信用卡
2026-04-25 05:13,SA-853711,M00553,3C家電,iPhone 15 Pro,33583,ATM轉帳
2026-04-19 14:53,SA-875628,M00026,美妝保養,理膚寶水 B5全面修復霜,824,信用卡
2026-04-03 17:22,SA-566522,M00698,3C家電,Dyson 吹風機,13787,LinePay
2026-04-02 07:13,SA-777995,M00327,服飾配件,G-Shock 經典運動錶,3016,超商貨到付款
2026-04-04 03:03,SA-151335,M00213,3C家電,Apple Watch S9,12802,ATM轉帳
2026-04-21 06:03,SA-172049,M00550,保健食品,桂格 大燕麥片,232,LinePay
2026-04-06 15:58,SA-537897,M00601,美妝保養,蘭蔻 極光水,3477,信用卡
2026-04-16 18:44,SA-983298,M00686,母嬰用品,貝親 寬口玻璃奶瓶,526,信用卡
2026-04-24 14:15,SA-575012,M00923,美妝保養,雅詩蘭黛 小棕瓶,4106,信用卡
2026-04-17 13:05,SA-371019,M01435,美妝保養,雅詩蘭黛 小棕瓶,3988,信用卡
2026-04-04 09:47,SA-609500,M01303,美妝保養,SK-II 青春露,5767,LinePay
2026-04-24 03:39,SA-722294,M00133,生活居家,宜得利 N-COOL涼感床墊,1233,LinePay
2026-04-12 08:19,SA-969112,M00054,生活居家,TOTO 溫水洗淨便座,9462,超商貨到付款
2026-04-08 22:12,SA-958085,M00101,服飾配件,Ray-Ban 飛行員太陽眼鏡,5502,信用卡
2026-04-05 09:44,SA-120506,M01049,3C家電,LG 掃地機器人,15821,LinePay
2026-04-02 17:24,SA-354966,M00364,3C家電,LG 掃地機器人,14541,LinePay
2026-04-29 00:43,SA-693347,M00851,美妝保養,理膚寶水 B5全面修復霜,842,LinePay
2026-04-05 20:52,SA-614004,M00496,服飾配件,Levi's 501牛仔褲,3882,LinePay
2026-04-25 09:08,SA-533197,M00175,美妝保養,SK-II 青春露,5998,信用卡
2026-04-14 17:16,SA-681601,M00059,生活居家,舒潔 抽取式衛生紙(箱),897,信用卡
2026-04-20 11:34,SA-831822,M01290,3C家電,Nintendo Switch,9421,超商貨到付款
2026-04-11 13:38,SA-885690,M00154,服飾配件,Uniqlo 極暖發熱衣,760,信用卡
2026-04-29 16:51,SA-498025,M00840,3C家電,Sony 降噪耳機,10357,超商貨到付款
2026-04-29 10:59,SA-915963,M00489,3C家電,Nintendo Switch,9175,信用卡
2026-04-10 20:05,SA-916531,M00307,3C家電,LG 掃地機器人,15041,信用卡
2026-04-05 21:12,SA-331165,M00035,美妝保養,雅詩蘭黛 小棕瓶,4102,超商貨到付款
2026-04-11 16:33,SA-586869,M00262,服飾配件,G-Shock 經典運動錶,2999,街口支付
2026-04-24 01:31,SA-676921,M01283,美妝保養,SK-II 青春露,5861,LinePay
2026-04-21 15:35,SA-951099,M00630,生活居家,舒潔 抽取式衛生紙(箱),878,信用卡
2026-04-02 02:12,SA-419229,M00376,美妝保養,理膚寶水 B5全面修復霜,829,信用卡
2026-04-09 11:24,SA-810320,M00406,生活居家,TOTO 溫水洗淨便座,9264,信用卡
2026-04-08 13:20,SA-750499,M00751,美妝保養,雅詩蘭黛 小棕瓶,3799,信用卡
2026-04-02 00:58,SA-143077,M00685,服飾配件,Levi's 501牛仔褲,3847,街口支付
2026-04-29 03:00,SA-434065,M01259,服飾配件,Uniqlo 極暖發熱衣,774,信用卡
2026-04-15 19:10,SA-390026,M01364,美妝保養,SK-II 青春露,5971,LinePay
2026-04-26 16:07,SA-269144,M01025,服飾配件,Uniqlo 極暖發熱衣,723,信用卡
2026-04-09 13:01,SA-355246,M00402,美妝保養,資生堂 百優精純乳霜,2635,信用卡
2026-04-23 16:15,SA-877590,M00286,生活居家,宜得利 N-COOL涼感床墊,1268,信用卡
2026-04-03 21:41,SA-242954,M00708,美妝保養,蘭蔻 極光水,3332,信用卡
2026-04-08 17:05,SA-156143,M00916,服飾配件,Levi's 501牛仔褲,3771,超商貨到付款
2026-04-12 02:04,SA-531101,M00193,服飾配件,Ray-Ban 飛行員太陽眼鏡,5584,ATM轉帳
2026-04-15 16:04,SA-923046,M00592,美妝保養,資生堂 百優精純乳霜,2661,信用卡
2026-04-07 10:53,SA-196150,M00842,生活居家,舒潔 抽取式衛生紙(箱),855,信用卡
2026-04-04 11:50,SA-284064,M00781,美妝保養,SK-II 青春露,6014,信用卡
2026-04-21 11:44,SA-311972,M00092,3C家電,Dyson 吹風機,13716,信用卡
2026-04-20 07:49,SA-703806,M00533,母嬰用品,貝親 寬口玻璃奶瓶,576,超商貨到付款
2026-04-07 11:39,SA-407039,M01127,生活居家,無印良品 PP收納盒,439,LinePay
2026-04-29 08:11,SA-954857,M00874,美妝保養,資生堂 百優精純乳霜,2525,LinePay
2026-04-23 06:02,SA-759414,M00916,生活居家,TOTO 溫水洗淨便座,9039,超商貨到付款
2026-04-10 06:40,SA-489207,M00394,美妝保養,SK-II 青春露,5758,超商貨到付款
2026-04-08 11:22,SA-728209,M01358,美妝保養,SK-II 青春露,6210,信用卡
2026-04-24 07:11,SA-417016,M01483,美妝保養,理膚寶水 B5全面修復霜,868,超商貨到付款
2026-04-11 03:20,SA-771049,M01441,美妝保養,資生堂 百優精純乳霜,2565,超商貨到付款
2026-04-26 21:51,SA-991354,M00431,服飾配件,Nike Air Force 1,3199,LinePay
2026-04-26 15:41,SA-901927,M01042,美妝保養,SK-II 青春露,5738,信用卡
2026-04-22 10:14,SA-643964,M00298,生活居家,TOTO 溫水洗淨便座,9650,LinePay
2026-04-28 05:39,SA-768183,M00568,3C家電,iPhone 15 Pro,35451,LinePay
2026-04-13 18:13,SA-437542,M01468,3C家電,Apple Watch S9,13008,超商貨到付款
2026-04-06 02:08,SA-854224,M00797,3C家電,Dyson 吹風機,14452,LinePay
2026-04-07 01:49,SA-772967,M00696,生活居家,宜得利 N-COOL涼感床墊,1185,信用卡
2026-04-09 20:36,SA-597044,M01240,母嬰用品,Combi 奶瓶消毒鍋,3252,LinePay
2026-04-14 11:52,SA-328490,M00252,3C家電,iPhone 15 Pro,35021,LinePay
2026-04-04 10:58,SA-927356,M00478,美妝保養,理膚寶水 B5全面修復霜,877,LinePay
2026-04-01 02:59,SA-656611,M00769,3C家電,Sony 降噪耳機,10073,信用卡
2026-04-06 09:50,SA-780657,M00574,母嬰用品,明治 金選奶粉,694,信用卡
2026-04-21 18:09,SA-143457,M01443,3C家電,Nintendo Switch,9744,超商貨到付款
2026-04-18 20:04,SA-949455,M00696,服飾配件,Nike Air Force 1,3390,ATM轉帳
2026-04-16 01:45,SA-747757,M01318,3C家電,iPhone 15 Pro,33478,街口支付
2026-04-19 20:47,SA-462469,M01472,3C家電,Dyson 吹風機,14160,信用卡
2026-04-08 01:50,SA-640137,M00370,美妝保養,雅詩蘭黛 小棕瓶,3916,信用卡
2026-04-06 06:53,SA-170092,M01129,美妝保養,資生堂 百優精純乳霜,2651,LinePay
2026-04-18 23:48,SA-190838,M00790,美妝保養,SK-II 青春露,5638,信用卡
2026-04-19 15:12,SA-379617,M01062,3C家電,Apple Watch S9,12790,信用卡
2026-04-03 12:26,SA-842410,M00654,美妝保養,雅詩蘭黛 小棕瓶,4158,LinePay
2026-04-03 06:56,SA-123893,M00924,服飾配件,G-Shock 經典運動錶,3121,街口支付
2026-04-15 14:50,SA-930254,M00805,3C家電,iPhone 15 Pro,35151,LinePay
2026-04-03 08:51,SA-359379,M01173,3C家電,LG 掃地機器人,15882,LinePay
2026-04-20 23:52,SA-925734,M00829,美妝保養,資生堂 百優精純乳霜,2564,信用卡
2026-04-28 07:07,SA-106663,M01376,3C家電,Apple Watch S9,12181,LinePay
2026-04-07 18:03,SA-540255,M00662,服飾配件,Levi's 501牛仔褲,3638,信用卡
2026-04-18 10:46,SA-219574,M01294,生活居家,舒潔 抽取式衛生紙(箱),870,超商貨到付款
2026-04-15 09:54,SA-268402,M01409,3C家電,Dyson 吹風機,14580,街口支付
2026-04-18 06:05,SA-402252,M01483,服飾配件,Nike Air Force 1,3195,信用卡
2026-04-09 08:02,SA-664998,M00774,3C家電,Apple Watch S9,12711,信用卡
2026-04-05 17:57,SA-824195,M00271,美妝保養,理膚寶水 B5全面修復霜,799,LinePay
2026-04-09 05:55,SA-827406,M01133,美妝保養,蘭蔻 極光水,3465,LinePay
2026-04-27 01:00,SA-950644,M00486,美妝保養,蘭蔻 極光水,3384,信用卡
2026-04-25 13:05,SA-912489,M00797,美妝保養,蘭蔻 極光水,3591,街口支付
2026-04-13 17:09,SA-162155,M00283,服飾配件,Ray-Ban 飛行員太陽眼鏡,5440,ATM轉帳
2026-04-07 16:53,SA-926399,M00504,生活居家,TOTO 溫水洗淨便座,8979,街口支付
2026-04-19 08:51,SA-440003,M00703,保健食品,娘家 大紅麴,2519,LinePay
2026-04-21 22:52,SA-926129,M01381,美妝保養,資生堂 百優精純乳霜,2553,信用卡
2026-04-08 02:35,SA-551003,M00105,服飾配件,Ray-Ban 飛行員太陽眼鏡,5095,信用卡
2026-04-04 11:50,SA-560696,M00404,保健食品,娘家 益生菌,1083,LinePay
2026-04-07 13:42,SA-785857,M01403,3C家電,iPhone 15 Pro,33857,信用卡
2026-04-07 03:53,SA-859960,M00008,服飾配件,Levi's 501牛仔褲,3952,LinePay
2026-04-06 17:47,SA-764337,M00046,3C家電,Dyson 吹風機,13465,信用卡
2026-04-27 20:58,SA-535979,M00842,保健食品,桂格 大燕麥片,222,LinePay
2026-04-16 17:41,SA-465754,M01228,保健食品,桂格 大燕麥片,223,超商貨到付款
2026-04-20 09:33,SA-667273,M00516,美妝保養,SK-II 青春露,5715,信用卡
2026-04-18 01:43,SA-714284,M01072,生活居家,舒潔 抽取式衛生紙(箱),858,信用卡
2026-04-13 08:46,SA-844305,M01442,母嬰用品,貝親 寬口玻璃奶瓶,535,街口支付
2026-04-20 00:19,SA-170097,M00159,3C家電,Dyson 吹風機,13619,信用卡
2026-04-15 09:05,SA-416523,M01169,美妝保養,資生堂 百優精純乳霜,2754,信用卡
2026-04-08 10:19,SA-377344,M01418,美妝保養,SK-II 青春露,6085,超商貨到付款
2026-04-27 01:38,SA-340932,M01218,美妝保養,SK-II 青春露,5704,ATM轉帳
2026-04-25 06:38,SA-320283,M00112,美妝保養,理膚寶水 B5全面修復霜,858,超商貨到付款
2026-04-18 06:10,SA-912567,M00454,美妝保養,SK-II 青春露,5677,街口支付
2026-04-04 19:03,SA-773770,M00079,美妝保養,蘭蔻 極光水,3536,信用卡
2026-04-20 17:02,SA-602757,M00732,服飾配件,Ray-Ban 飛行員太陽眼鏡,5277,超商貨到付款
2026-04-29 10:13,SA-667215,M00403,生活居家,宜得利 N-COOL涼感床墊,1226,超商貨到付款
2026-04-12 23:39,SA-242635,M00622,服飾配件,G-Shock 經典運動錶,3139,LinePay
2026-04-24 07:08,SA-281637,M00407,美妝保養,資生堂 百優精純乳霜,2553,LinePay
2026-04-11 03:55,SA-131796,M00335,服飾配件,Uniqlo 極暖發熱衣,744,信用卡
2026-04-15 13:52,SA-618768,M00424,3C家電,Apple Watch S9,13022,ATM轉帳
2026-04-08 12:42,SA-672058,M00470,美妝保養,理膚寶水 B5全面修復霜,838,超商貨到付款
2026-04-27 18:17,SA-758658,M01171,3C家電,iPhone 15 Pro,34310,LinePay
2026-04-04 13:04,SA-307019,M00474,美妝保養,蘭蔻 極光水,3513,LinePay
2026-04-05 19:18,SA-267642,M01150,保健食品,娘家 大紅麴,2395,LinePay
2026-04-09 16:24,SA-609510,M00854,服飾配件,G-Shock 經典運動錶,2912,LinePay
2026-04-12 06:21,SA-446321,M00056,服飾配件,Nike Air Force 1,3110,信用卡
2026-04-04 21:54,SA-874773,M00554,生活居家,宜得利 N-COOL涼感床墊,1187,街口支付
2026-04-18 05:57,SA-640096,M00105,3C家電,Nintendo Switch,8851,信用卡
2026-04-23 05:57,SA-467598,M00712,服飾配件,Levi's 501牛仔褲,3723,信用卡
2026-04-15 10:06,SA-526065,M00137,3C家電,LG 掃地機器人,15090,信用卡
2026-04-20 15:20,SA-159059,M00717,服飾配件,Levi's 501牛仔褲,3604,超商貨到付款
2026-04-13 17:37,SA-724976,M01016,美妝保養,SK-II 青春露,5868,信用卡
2026-04-29 14:26,SA-219861,M00204,美妝保養,SK-II 青春露,5798,LinePay
2026-04-07 00:38,SA-455993,M00488,美妝保養,雅詩蘭黛 小棕瓶,4062,LinePay
2026-04-25 06:34,SA-833512,M00713,保健食品,娘家 益生菌,1179,街口支付
2026-04-02 07:03,SA-534726,M00064,美妝保養,資生堂 百優精純乳霜,2692,超商貨到付款
2026-04-10 08:19,SA-353995,M00561,美妝保養,SK-II 青春露,5897,LinePay
2026-04-30 08:58,SA-666629,M01155,服飾配件,Ray-Ban 飛行員太陽眼鏡,5184,街口支付
2026-04-02 22:31,SA-800788,M01399,母嬰用品,貝親 寬口玻璃奶瓶,554,LinePay
2026-04-23 17:23,SA-933644,M00371,3C家電,Nintendo Switch,9305,ATM轉帳
2026-04-08 22:19,SA-541704,M01194,美妝保養,資生堂 百優精純乳霜,2792,信用卡
2026-04-05 21:06,SA-850129,M01487,服飾配件,Levi's 501牛仔褲,3719,信用卡
2026-04-02 17:27,SA-529920,M00473,3C家電,LG 掃地機器人,15177,信用卡
2026-04-29 23:00,SA-589302,M00722,生活居家,舒潔 抽取式衛生紙(箱),893,信用卡
2026-04-06 02:46,SA-207713,M00140,3C家電,iPhone 15 Pro,35578,LinePay
2026-04-08 16:55,SA-970722,M00455,生活居家,宜得利 N-COOL涼感床墊,1183,信用卡
2026-04-04 17:55,SA-856688,M00675,服飾配件,Ray-Ban 飛行員太陽眼鏡,5212,LinePay
2026-04-11 05:55,SA-296723,M00645,3C家電,Apple Watch S9,13073,超商貨到付款
2026-04-12 17:02,SA-578122,M00158,美妝保養,理膚寶水 B5全面修復霜,818,LinePay
2026-04-22 02:03,SA-515900,M00604,保健食品,娘家 大紅麴,2458,超商貨到付款
2026-04-20 13:52,SA-521475,M01440,3C家電,Sony 降噪耳機,10044,超商貨到付款
2026-04-03 11:21,SA-746068,M00082,生活居家,宜得利 N-COOL涼感床墊,1198,LinePay
2026-04-13 01:43,SA-806257,M00513,3C家電,Nintendo Switch,9212,LinePay
2026-04-08 14:39,SA-718535,M00325,3C家電,Sony 降噪耳機,10341,信用卡
2026-04-24 15:02,SA-245070,M01318,保健食品,白蘭氏 雙認證雞精(盒),1328,LinePay
2026-04-18 13:44,SA-963295,M00755,美妝保養,資生堂 百優精純乳霜,2657,信用卡
2026-04-19 01:19,SA-365083,M01489,生活居家,無印良品 PP收納盒,432,信用卡
2026-04-10 23:13,SA-194860,M00667,3C家電,Dyson 吹風機,14264,超商貨到付款
2026-04-27 00:15,SA-969883,M01085,美妝保養,資生堂 百優精純乳霜,2570,LinePay
2026-04-21 13:00,SA-172524,M00236,服飾配件,Ray-Ban 飛行員太陽眼鏡,5373,信用卡
2026-04-28 01:51,SA-751685,M01292,美妝保養,資生堂 百優精純乳霜,2685,LinePay
2026-04-01 09:29,SA-915054,M00865,美妝保養,雅詩蘭黛 小棕瓶,4067,街口支付
2026-04-18 08:56,SA-840528,M00168,生活居家,TOTO 溫水洗淨便座,9054,信用卡
2026-04-01 23:59,SA-548710,M00977,3C家電,Nintendo Switch,9532,信用卡
2026-04-16 17:27,SA-310999,M00839,3C家電,Sony 降噪耳機,9853,信用卡
2026-04-20 04:28,SA-605852,M00194,生活居家,3M 淨水器濾心,2391,LinePay
2026-04-05 12:12,SA-863560,M00688,美妝保養,資生堂 百優精純乳霜,2737,街口支付
2026-04-06 02:02,SA-556886,M00494,美妝保養,資生堂 百優精純乳霜,2666,信用卡
2026-04-02 00:18,SA-407368,M00814,3C家電,Dyson 吹風機,13561,LinePay
2026-04-10 01:05,SA-688622,M01079,服飾配件,Uniqlo 極暖發熱衣,758,LinePay
2026-04-16 17:55,SA-548775,M00890,美妝保養,蘭蔻 極光水,3500,LinePay
2026-04-10 03:33,SA-495376,M01082,3C家電,Apple Watch S9,12562,街口支付
2026-04-05 18:05,SA-994421,M00540,服飾配件,Ray-Ban 飛行員太陽眼鏡,5229,LinePay
2026-04-03 10:06,SA-449530,M01130,3C家電,Sony 降噪耳機,10791,信用卡
2026-04-07 20:16,SA-736640,M00540,服飾配件,Uniqlo 極暖發熱衣,725,ATM轉帳
2026-04-07 03:59,SA-180558,M00311,服飾配件,Ray-Ban 飛行員太陽眼鏡,5367,信用卡
2026-04-13 17:56,SA-660994,M00450,3C家電,Sony 降噪耳機,10655,LinePay
2026-04-18 15:21,SA-133370,M01111,服飾配件,Uniqlo 極暖發熱衣,786,信用卡
2026-04-13 20:44,SA-189675,M01277,母嬰用品,幫寶適 一級幫紙尿褲(箱),1508,信用卡
2026-04-02 06:41,SA-226867,M00568,生活居家,無印良品 PP收納盒,439,ATM轉帳
2026-04-23 18:10,SA-457647,M00937,母嬰用品,幫寶適 一級幫紙尿褲(箱),1471,LinePay
2026-04-12 22:00,SA-208784,M00480,生活居家,宜得利 N-COOL涼感床墊,1202,超商貨到付款
2026-04-11 12:28,SA-659506,M01136,美妝保養,蘭蔻 極光水,3282,信用卡
2026-04-26 22:38,SA-392617,M01479,母嬰用品,幫寶適 一級幫紙尿褲(箱),1440,信用卡
2026-04-11 08:40,SA-556820,M00863,美妝保養,資生堂 百優精純乳霜,2612,信用卡
2026-04-23 19:21,SA-749341,M00744,服飾配件,Ray-Ban 飛行員太陽眼鏡,5434,超商貨到付款
2026-04-12 15:54,SA-959295,M00635,服飾配件,Uniqlo 極暖發熱衣,724,信用卡
2026-04-30 17:13,SA-696501,M00102,美妝保養,資生堂 百優精純乳霜,2729,信用卡
2026-04-11 13:43,SA-450097,M01092,美妝保養,SK-II 青春露,5708,LinePay
2026-04-08 20:36,SA-284703,M00831,生活居家,舒潔 抽取式衛生紙(箱),869,LinePay
2026-04-16 22:46,SA-454087,M00265,3C家電,Dyson 吹風機,13458,LinePay
2026-04-19 01:30,SA-439818,M00128,3C家電,Nintendo Switch,9580,LinePay
2026-04-04 07:49,SA-607301,M01011,母嬰用品,Combi 奶瓶消毒鍋,3042,街口支付
2026-04-22 05:50,SA-624965,M00175,服飾配件,Levi's 501牛仔褲,3592,信用卡
2026-04-06 17:03,SA-635854,M01312,服飾配件,Levi's 501牛仔褲,3895,LinePay
2026-04-17 03:38,SA-139183,M00022,保健食品,白蘭氏 雙認證雞精(盒),1244,信用卡
2026-04-07 18:30,SA-555413,M01437,服飾配件,Nike Air Force 1,3210,信用卡
2026-04-30 02:54,SA-805290,M01055,母嬰用品,Joie 輕量雙向推車,6154,超商貨到付款
2026-04-17 11:44,SA-571864,M00753,服飾配件,Nike Air Force 1,3107,信用卡
2026-04-17 13:17,SA-268096,M00847,美妝保養,SK-II 青春露,5784,信用卡
2026-04-12 09:42,SA-585617,M00133,3C家電,iPhone 15 Pro,34814,超商貨到付款
2026-04-04 17:18,SA-783103,M01296,生活居家,宜得利 N-COOL涼感床墊,1188,LinePay
2026-04-05 14:41,SA-973432,M00295,服飾配件,Levi's 501牛仔褲,3856,信用卡
2026-04-07 17:29,SA-365084,M00023,生活居家,舒潔 抽取式衛生紙(箱),872,街口支付
2026-04-12 12:06,SA-168767,M01038,美妝保養,資生堂 百優精純乳霜,2547,超商貨到付款
2026-04-06 15:12,SA-316075,M00486,美妝保養,資生堂 百優精純乳霜,2622,信用卡
2026-04-17 09:30,SA-746729,M00720,母嬰用品,貝親 寬口玻璃奶瓶,562,超商貨到付款
2026-04-08 08:40,SA-471967,M00089,美妝保養,雅詩蘭黛 小棕瓶,3861,超商貨到付款
2026-04-21 09:24,SA-134215,M00506,美妝保養,SK-II 青春露,5951,LinePay
2026-04-22 21:43,SA-265391,M00867,母嬰用品,明治 金選奶粉,741,超商貨到付款
2026-04-14 09:41,SA-528352,M01213,服飾配件,Ray-Ban 飛行員太陽眼鏡,5238,信用卡
2026-04-27 16:07,SA-231618,M00403,美妝保養,SK-II 青春露,5854,超商貨到付款
2026-04-28 00:55,SA-125412,M00043,3C家電,Sony 降噪耳機,10154,超商貨到付款
2026-04-12 06:19,SA-743543,M00703,服飾配件,G-Shock 經典運動錶,3130,信用卡
2026-04-02 15:02,SA-254396,M00243,3C家電,Nintendo Switch,9568,信用卡
2026-04-01 05:00,SA-588250,M00212,服飾配件,Levi's 501牛仔褲,3624,LinePay
2026-04-27 23:40,SA-802549,M00213,美妝保養,SK-II 青春露,6103,LinePay
2026-04-29 00:34,SA-669076,M00920,服飾配件,G-Shock 經典運動錶,3032,街口支付
2026-04-13 21:09,SA-249649,M01137,服飾配件,G-Shock 經典運動錶,3149,LinePay
2026-04-12 09:30,SA-531336,M00717,服飾配件,Ray-Ban 飛行員太陽眼鏡,5210,LinePay
2026-04-15 02:53,SA-932731,M00779,母嬰用品,明治 金選奶粉,741,超商貨到付款
2026-04-16 15:26,SA-574599,M01303,生活居家,無印良品 PP收納盒,407,超商貨到付款
2026-04-05 18:29,SA-138103,M01010,3C家電,Sony 降噪耳機,10089,LinePay
2026-04-12 14:31,SA-540565,M01205,服飾配件,G-Shock 經典運動錶,3155,超商貨到付款
2026-04-08 12:46,SA-229058,M01293,服飾配件,Ray-Ban 飛行員太陽眼鏡,5189,街口支付
2026-04-17 11:41,SA-922341,M01039,服飾配件,G-Shock 經典運動錶,3188,LinePay
2026-04-14 02:53,SA-611119,M00602,服飾配件,Uniqlo 極暖發熱衣,720,超商貨到付款
2026-04-07 13:28,SA-968968,M01244,美妝保養,SK-II 青春露,6157,街口支付
2026-04-05 10:58,SA-877376,M00646,3C家電,Dyson 吹風機,13622,信用卡
2026-04-28 00:45,SA-832688,M00404,3C家電,Nintendo Switch,9024,LinePay
2026-04-20 10:40,SA-410827,M01483,母嬰用品,Combi 奶瓶消毒鍋,2969,信用卡
2026-04-21 20:53,SA-656615,M00044,美妝保養,資生堂 百優精純乳霜,2563,街口支付
2026-04-14 18:09,SA-586937,M00925,服飾配件,Levi's 501牛仔褲,3899,信用卡
2026-04-15 01:04,SA-448673,M00874,服飾配件,G-Shock 經典運動錶,3096,信用卡
2026-04-05 22:09,SA-422955,M00389,美妝保養,雅詩蘭黛 小棕瓶,3946,超商貨到付款
2026-04-26 21:52,SA-228925,M00274,3C家電,Apple Watch S9,12998,信用卡
2026-04-22 01:14,SA-556546,M00631,母嬰用品,明治 金選奶粉,745,信用卡
2026-04-25 01:40,SA-254982,M00969,服飾配件,Uniqlo 極暖發熱衣,776,超商貨到付款
2026-04-13 10:12,SA-843191,M01005,服飾配件,G-Shock 經典運動錶,3073,信用卡
2026-04-10 15:12,SA-394698,M00828,美妝保養,SK-II 青春露,5642,LinePay
2026-04-20 20:11,SA-102591,M00415,3C家電,Dyson 吹風機,13905,信用卡
2026-04-08 21:29,SA-438562,M00317,生活居家,舒潔 抽取式衛生紙(箱),891,信用卡
2026-04-21 07:34,SA-501618,M01440,母嬰用品,Joie 輕量雙向推車,6653,信用卡
2026-04-02 13:53,SA-473582,M01372,服飾配件,Levi's 501牛仔褲,3673,信用卡
2026-04-04 23:51,SA-728980,M00285,美妝保養,蘭蔻 極光水,3433,信用卡
2026-04-01 23:14,SA-488144,M00229,服飾配件,Ray-Ban 飛行員太陽眼鏡,5588,信用卡
2026-04-21 18:30,SA-110604,M00791,3C家電,Sony 降噪耳機,10513,信用卡
2026-04-09 10:56,SA-357527,M00559,3C家電,Dyson 吹風機,14008,信用卡
2026-04-08 10:13,SA-177694,M00420,生活居家,TOTO 溫水洗淨便座,9191,街口支付
2026-04-15 06:20,SA-563343,M00707,生活居家,舒潔 抽取式衛生紙(箱),828,LinePay
2026-04-16 22:35,SA-764199,M00506,3C家電,Sony 降噪耳機,10817,LinePay
2026-04-04 17:26,SA-462510,M01442,服飾配件,Nike Air Force 1,3100,LinePay
2026-04-21 01:42,SA-205960,M01204,生活居家,無印良品 PP收納盒,445,信用卡
2026-04-15 04:12,SA-793075,M00765,服飾配件,Uniqlo 極暖發熱衣,781,信用卡
2026-04-16 14:37,SA-483438,M00097,生活居家,宜得利 N-COOL涼感床墊,1177,ATM轉帳
2026-04-03 20:10,SA-369223,M01208,美妝保養,SK-II 青春露,6237,街口支付
2026-04-27 16:42,SA-976232,M01103,服飾配件,Uniqlo 極暖發熱衣,772,信用卡
2026-04-16 03:55,SA-187815,M00681,美妝保養,SK-II 青春露,5852,LinePay
2026-04-11 08:19,SA-197547,M01457,3C家電,Sony 降噪耳機,10205,信用卡
2026-04-13 04:43,SA-729617,M01318,生活居家,舒潔 抽取式衛生紙(箱),872,信用卡
2026-04-16 08:29,SA-691362,M00650,美妝保養,SK-II 青春露,5837,LinePay
2026-04-17 09:05,SA-844632,M00182,母嬰用品,Joie 輕量雙向推車,6601,街口支付
2026-04-07 13:20,SA-664204,M01006,美妝保養,蘭蔻 極光水,3377,信用卡
2026-04-16 19:00,SA-169956,M01214,服飾配件,G-Shock 經典運動錶,3164,信用卡
2026-04-05 10:25,SA-672213,M00542,3C家電,Apple Watch S9,12319,街口支付
2026-04-29 06:07,SA-707002,M01095,美妝保養,資生堂 百優精純乳霜,2760,信用卡
2026-04-09 05:11,SA-171303,M00294,3C家電,Dyson 吹風機,14109,信用卡
2026-04-16 21:11,SA-979854,M00470,美妝保養,理膚寶水 B5全面修復霜,847,信用卡
2026-04-13 19:33,SA-441679,M00228,美妝保養,SK-II 青春露,6238,信用卡
2026-04-10 00:13,SA-866297,M01323,生活居家,舒潔 抽取式衛生紙(箱),817,信用卡
2026-04-21 08:58,SA-336341,M00342,母嬰用品,幫寶適 一級幫紙尿褲(箱),1512,信用卡
2026-04-25 01:56,SA-292445,M00050,保健食品,桂格 大燕麥片,222,LinePay
2026-04-07 10:19,SA-588306,M01078,美妝保養,SK-II 青春露,5799,信用卡
2026-04-24 19:52,SA-279080,M00098,生活居家,3M 淨水器濾心,2364,LinePay
2026-04-15 14:08,SA-853726,M00670,生活居家,宜得利 N-COOL涼感床墊,1188,LinePay
2026-04-02 12:50,SA-928310,M01242,3C家電,LG 掃地機器人,15498,信用卡
2026-04-24 23:09,SA-760543,M00788,3C家電,Apple Watch S9,12377,街口支付
2026-04-19 16:22,SA-241857,M00980,服飾配件,G-Shock 經典運動錶,2918,街口支付
2026-04-01 04:01,SA-293362,M00852,生活居家,3M 淨水器濾心,2401,信用卡
2026-04-07 04:54,SA-195870,M01137,保健食品,白蘭氏 雙認證雞精(盒),1345,信用卡
2026-04-06 21:07,SA-957896,M00030,服飾配件,Uniqlo 極暖發熱衣,759,信用卡
2026-04-28 19:17,SA-341219,M00272,3C家電,Sony 降噪耳機,9870,ATM轉帳
2026-04-26 09:40,SA-485224,M01178,美妝保養,SK-II 青春露,5797,信用卡
2026-04-28 14:24,SA-405822,M00830,美妝保養,雅詩蘭黛 小棕瓶,4118,LinePay
2026-04-13 18:42,SA-333142,M00562,美妝保養,資生堂 百優精純乳霜,2657,ATM轉帳
2026-04-19 14:54,SA-912680,M00925,生活居家,無印良品 PP收納盒,406,信用卡
2026-04-06 23:55,SA-601526,M01390,美妝保養,理膚寶水 B5全面修復霜,802,信用卡
2026-04-19 11:01,SA-723523,M01035,美妝保養,SK-II 青春露,6037,超商貨到付款
2026-04-27 16:10,SA-445892,M01133,美妝保養,雅詩蘭黛 小棕瓶,4141,信用卡
2026-04-25 06:15,SA-311720,M00347,生活居家,無印良品 PP收納盒,441,超商貨到付款
2026-04-21 14:50,SA-370188,M01369,母嬰用品,幫寶適 一級幫紙尿褲(箱),1557,信用卡
2026-04-13 01:51,SA-392880,M00298,生活居家,無印良品 PP收納盒,449,街口支付
2026-04-09 18:12,SA-878134,M01157,美妝保養,資生堂 百優精純乳霜,2691,信用卡
2026-04-29 06:20,SA-155016,M01192,美妝保養,SK-II 青春露,6076,信用卡
2026-04-04 02:14,SA-416034,M01182,母嬰用品,Combi 奶瓶消毒鍋,2984,信用卡
2026-04-30 04:32,SA-141416,M00423,美妝保養,理膚寶水 B5全面修復霜,830,LinePay
2026-04-28 06:11,SA-612153,M00902,3C家電,Nintendo Switch,9623,超商貨到付款
2026-04-16 17:43,SA-565357,M00158,服飾配件,Nike Air Force 1,3263,信用卡
2026-04-14 18:11,SA-790480,M00325,母嬰用品,幫寶適 一級幫紙尿褲(箱),1459,信用卡
2026-04-03 15:15,SA-219068,M01278,母嬰用品,貝親 寬口玻璃奶瓶,553,信用卡
2026-04-23 08:48,SA-310640,M00058,美妝保養,SK-II 青春露,5696,LinePay
2026-04-16 15:27,SA-813991,M00210,美妝保養,SK-II 青春露,6214,信用卡
2026-04-01 09:57,SA-475964,M00233,服飾配件,Levi's 501牛仔褲,3946,信用卡
2026-04-12 05:49,SA-893903,M00232,保健食品,白蘭氏 雙認證雞精(盒),1314,信用卡
2026-04-01 04:23,SA-909014,M00390,服飾配件,Ray-Ban 飛行員太陽眼鏡,5220,信用卡
2026-04-05 23:09,SA-104588,M01367,3C家電,LG 掃地機器人,15144,LinePay
2026-04-19 21:50,SA-120555,M00162,服飾配件,G-Shock 經典運動錶,3069,ATM轉帳
2026-04-04 13:10,SA-776491,M00787,3C家電,LG 掃地機器人,15513,街口支付
2026-04-24 03:55,SA-469428,M00874,生活居家,舒潔 抽取式衛生紙(箱),846,LinePay
2026-04-30 19:21,SA-467806,M00511,3C家電,LG 掃地機器人,14372,超商貨到付款
2026-04-02 03:12,SA-840327,M01122,3C家電,Dyson 吹風機,14062,信用卡
2026-04-15 04:44,SA-191906,M01476,服飾配件,Ray-Ban 飛行員太陽眼鏡,5551,LinePay
2026-04-16 21:57,SA-244212,M00817,生活居家,無印良品 PP收納盒,418,信用卡
2026-04-01 15:51,SA-213190,M01313,保健食品,白蘭氏 雙認證雞精(盒),1355,信用卡
2026-04-29 17:30,SA-725774,M00592,服飾配件,Ray-Ban 飛行員太陽眼鏡,5254,信用卡
2026-04-25 03:51,SA-527802,M00026,保健食品,桂格 大燕麥片,232,ATM轉帳
2026-04-05 14:19,SA-415752,M01121,服飾配件,Uniqlo 極暖發熱衣,745,LinePay
2026-04-12 00:49,SA-754048,M00988,服飾配件,Uniqlo 極暖發熱衣,740,LinePay
2026-04-12 12:09,SA-991008,M00829,3C家電,Apple Watch S9,12260,LinePay
2026-04-24 19:55,SA-563742,M00801,美妝保養,資生堂 百優精純乳霜,2767,超商貨到付款
2026-04-02 09:49,SA-617659,M01233,服飾配件,Uniqlo 極暖發熱衣,731,LinePay
2026-04-25 14:24,SA-282162,M00343,服飾配件,G-Shock 經典運動錶,3083,信用卡
2026-04-30 14:57,SA-168216,M00633,3C家電,Nintendo Switch,9170,LinePay
2026-04-18 20:16,SA-490869,M00478,美妝保養,理膚寶水 B5全面修復霜,859,街口支付
2026-04-06 09:43,SA-585934,M00167,美妝保養,理膚寶水 B5全面修復霜,825,信用卡
2026-04-05 21:36,SA-686359,M00718,美妝保養,資生堂 百優精純乳霜,2675,信用卡
2026-04-09 17:19,SA-533340,M00353,3C家電,iPhone 15 Pro,36839,街口支付
2026-04-13 12:29,SA-660103,M00560,美妝保養,蘭蔻 極光水,3504,超商貨到付款
2026-04-27 08:39,SA-490557,M00629,3C家電,Dyson 吹風機,14537,信用卡
2026-04-27 19:29,SA-558267,M01147,美妝保養,SK-II 青春露,6043,信用卡
2026-04-25 12:20,SA-678367,M00010,生活居家,宜得利 N-COOL涼感床墊,1178,信用卡
2026-04-06 03:28,SA-952700,M00316,3C家電,Sony 降噪耳機,10651,信用卡
2026-04-23 07:15,SA-258691,M00566,3C家電,Apple Watch S9,12714,信用卡
2026-04-18 14:50,SA-523798,M01499,美妝保養,SK-II 青春露,5917,ATM轉帳
2026-04-28 00:57,SA-291678,M01193,服飾配件,Levi's 501牛仔褲,3613,LinePay
2026-04-09 09:19,SA-675297,M00368,母嬰用品,Joie 輕量雙向推車,6230,信用卡
2026-04-02 10:23,SA-922984,M00856,美妝保養,理膚寶水 B5全面修復霜,826,信用卡
2026-04-14 12:45,SA-448700,M00319,生活居家,3M 淨水器濾心,2381,LinePay
2026-04-29 12:28,SA-721729,M00828,服飾配件,G-Shock 經典運動錶,2909,超商貨到付款
2026-04-23 10:11,SA-737719,M00431,美妝保養,資生堂 百優精純乳霜,2531,街口支付
2026-04-10 01:31,SA-359530,M00390,美妝保養,理膚寶水 B5全面修復霜,835,超商貨到付款
2026-04-14 21:26,SA-869358,M00469,3C家電,iPhone 15 Pro,36165,街口支付
2026-04-22 11:03,SA-113414,M00525,3C家電,Apple Watch S9,13024,信用卡
2026-04-25 16:26,SA-905490,M00478,3C家電,Dyson 吹風機,13984,信用卡
2026-04-18 11:58,SA-152146,M01129,美妝保養,SK-II 青春露,6209,LinePay
2026-04-11 17:05,SA-620206,M00372,服飾配件,G-Shock 經典運動錶,2982,信用卡
2026-04-02 10:07,SA-737487,M00567,服飾配件,Levi's 501牛仔褲,3844,超商貨到付款
2026-04-28 23:24,SA-517216,M00938,美妝保養,資生堂 百優精純乳霜,2608,街口支付
2026-04-27 01:12,SA-165467,M01351,服飾配件,Levi's 501牛仔褲,3960,信用卡
2026-04-23 08:45,SA-764812,M01071,服飾配件,Ray-Ban 飛行員太陽眼鏡,5437,超商貨到付款
2026-04-19 02:47,SA-677688,M00524,美妝保養,蘭蔻 極光水,3306,信用卡
2026-04-17 14:52,SA-697072,M00639,生活居家,舒潔 抽取式衛生紙(箱),874,信用卡
2026-04-04 14:13,SA-436235,M00432,保健食品,娘家 大紅麴,2513,信用卡
2026-04-16 12:13,SA-716271,M01046,生活居家,無印良品 PP收納盒,429,ATM轉帳
2026-04-16 19:14,SA-968266,M00854,母嬰用品,幫寶適 一級幫紙尿褲(箱),1534,LinePay
2026-04-01 21:52,SA-396774,M00729,美妝保養,理膚寶水 B5全面修復霜,816,信用卡
2026-04-17 06:42,SA-771412,M00302,美妝保養,蘭蔻 極光水,3416,超商貨到付款
2026-04-13 13:38,SA-558685,M00893,服飾配件,G-Shock 經典運動錶,2993,超商貨到付款
2026-04-02 06:12,SA-768731,M01136,服飾配件,G-Shock 經典運動錶,3161,信用卡
2026-04-19 15:41,SA-276089,M00738,3C家電,Dyson 吹風機,13641,信用卡
2026-04-03 03:30,SA-550607,M00161,服飾配件,Uniqlo 極暖發熱衣,735,LinePay
2026-04-19 00:17,SA-282016,M00447,美妝保養,資生堂 百優精純乳霜,2720,信用卡
2026-04-11 12:33,SA-330352,M01426,服飾配件,Levi's 501牛仔褲,3950,LinePay
2026-04-11 04:28,SA-186260,M00886,服飾配件,G-Shock 經典運動錶,2919,超商貨到付款
2026-04-03 09:03,SA-909627,M01318,3C家電,Apple Watch S9,12195,超商貨到付款
2026-04-12 06:48,SA-618374,M00781,保健食品,娘家 大紅麴,2364,LinePay
2026-04-06 14:01,SA-986273,M01176,母嬰用品,貝親 寬口玻璃奶瓶,549,超商貨到付款
2026-04-08 00:53,SA-271262,M00419,保健食品,桂格 大燕麥片,215,信用卡
2026-04-18 21:36,SA-677347,M01052,母嬰用品,Combi 奶瓶消毒鍋,3198,信用卡
2026-04-09 20:06,SA-837157,M01488,3C家電,Apple Watch S9,13044,超商貨到付款
2026-04-29 19:51,SA-133938,M00187,美妝保養,SK-II 青春露,6171,LinePay
2026-04-28 21:14,SA-745765,M00593,3C家電,Nintendo Switch,9629,信用卡
2026-04-28 19:31,SA-572591,M00368,生活居家,宜得利 N-COOL涼感床墊,1259,信用卡
2026-04-04 21:54,SA-430593,M00275,3C家電,Sony 降噪耳機,9923,超商貨到付款
2026-04-28 08:59,SA-130923,M00141,3C家電,Sony 降噪耳機,10500,信用卡
2026-04-17 20:05,SA-727108,M00796,3C家電,Sony 降噪耳機,10545,街口支付
2026-04-26 14:33,SA-207772,M00380,3C家電,LG 掃地機器人,15679,信用卡
2026-04-09 14:31,SA-967569,M00262,母嬰用品,幫寶適 一級幫紙尿褲(箱),1521,街口支付
2026-04-12 11:17,SA-225390,M00924,美妝保養,SK-II 青春露,5893,信用卡
2026-04-23 00:04,SA-166272,M00120,母嬰用品,Joie 輕量雙向推車,6450,超商貨到付款
2026-04-07 20:37,SA-287646,M00143,服飾配件,Levi's 501牛仔褲,3630,信用卡
2026-04-23 10:13,SA-140137,M00377,生活居家,宜得利 N-COOL涼感床墊,1266,LinePay
2026-04-20 21:45,SA-682410,M00066,美妝保養,資生堂 百優精純乳霜,2798,LinePay
2026-04-28 04:05,SA-120565,M00104,美妝保養,蘭蔻 極光水,3466,街口支付
2026-04-13 12:28,SA-262814,M01341,服飾配件,Nike Air Force 1,3199,信用卡
2026-04-16 13:07,SA-127464,M00758,3C家電,Nintendo Switch,9196,LinePay
2026-04-04 11:47,SA-589279,M00278,3C家電,iPhone 15 Pro,36479,超商貨到付款
2026-04-17 16:20,SA-564436,M01459,服飾配件,G-Shock 經典運動錶,3084,LinePay
2026-04-23 10:24,SA-631012,M00436,美妝保養,蘭蔻 極光水,3415,信用卡
2026-04-10 08:12,SA-313205,M01390,服飾配件,Nike Air Force 1,3113,信用卡
2026-04-25 14:08,SA-667272,M00470,3C家電,Dyson 吹風機,14417,ATM轉帳
2026-04-14 03:25,SA-434359,M00529,母嬰用品,明治 金選奶粉,695,信用卡
2026-04-06 23:55,SA-728032,M00721,服飾配件,Levi's 501牛仔褲,3883,ATM轉帳
2026-04-09 00:50,SA-699448,M00040,3C家電,LG 掃地機器人,15779,信用卡
2026-04-30 13:05,SA-646299,M01246,美妝保養,資生堂 百優精純乳霜,2658,街口支付
2026-04-18 12:08,SA-775706,M00751,美妝保養,SK-II 青春露,5720,街口支付
2026-04-12 19:18,SA-527846,M01417,3C家電,Sony 降噪耳機,10351,超商貨到付款
2026-04-09 05:56,SA-636658,M00118,服飾配件,G-Shock 經典運動錶,2967,信用卡
2026-04-22 16:10,SA-441667,M01021,美妝保養,SK-II 青春露,5778,信用卡
2026-04-22 15:04,SA-207741,M01131,美妝保養,理膚寶水 B5全面修復霜,851,ATM轉帳
2026-04-20 00:19,SA-959488,M00506,3C家電,Apple Watch S9,12811,LinePay
2026-04-15 02:24,SA-239352,M01205,生活居家,3M 淨水器濾心,2259,信用卡
2026-04-14 07:27,SA-686956,M00180,生活居家,宜得利 N-COOL涼感床墊,1257,信用卡
2026-04-14 17:47,SA-518826,M00328,美妝保養,雅詩蘭黛 小棕瓶,3831,信用卡
2026-04-10 19:02,SA-803333,M00639,服飾配件,Uniqlo 極暖發熱衣,714,信用卡
2026-04-23 03:32,SA-137863,M00597,美妝保養,蘭蔻 極光水,3441,LinePay
2026-04-03 00:41,SA-170536,M01148,母嬰用品,明治 金選奶粉,724,超商貨到付款
2026-04-12 02:28,SA-542052,M00118,服飾配件,Ray-Ban 飛行員太陽眼鏡,5573,超商貨到付款
2026-04-08 01:54,SA-453287,M00793,生活居家,3M 淨水器濾心,2401,信用卡
2026-04-20 05:56,SA-596056,M00282,美妝保養,資生堂 百優精純乳霜,2584,LinePay
2026-04-29 23:57,SA-950048,M00753,美妝保養,SK-II 青春露,5817,信用卡
2026-04-19 04:03,SA-438390,M00823,服飾配件,Ray-Ban 飛行員太陽眼鏡,5459,信用卡
2026-04-25 17:06,SA-643584,M00092,生活居家,宜得利 N-COOL涼感床墊,1284,超商貨到付款
2026-04-18 09:56,SA-216147,M00064,保健食品,桂格 大燕麥片,227,ATM轉帳
2026-04-01 05:02,SA-880920,M00620,保健食品,桂格 大燕麥片,225,LinePay
2026-04-21 09:23,SA-969770,M01171,服飾配件,Ray-Ban 飛行員太陽眼鏡,5153,LinePay
2026-04-10 02:21,SA-460291,M00031,3C家電,Nintendo Switch,9657,信用卡
2026-04-09 12:31,SA-822951,M00883,3C家電,iPhone 15 Pro,35798,信用卡
2026-04-25 10:25,SA-613402,M01158,生活居家,宜得利 N-COOL涼感床墊,1194,信用卡
2026-04-18 16:42,SA-708597,M00161,3C家電,Nintendo Switch,9119,信用卡
2026-04-19 00:34,SA-970413,M01371,美妝保養,SK-II 青春露,5909,信用卡
2026-04-16 08:31,SA-320725,M00204,美妝保養,資生堂 百優精純乳霜,2790,街口支付
2026-04-30 09:11,SA-185020,M00294,生活居家,無印良品 PP收納盒,443,信用卡
2026-04-24 06:48,SA-245631,M01266,3C家電,iPhone 15 Pro,34150,LinePay
2026-04-25 19:20,SA-853061,M00297,美妝保養,資生堂 百優精純乳霜,2613,超商貨到付款
2026-04-08 05:46,SA-888484,M00821,生活居家,無印良品 PP收納盒,412,LinePay
2026-04-07 19:41,SA-441520,M00861,服飾配件,Ray-Ban 飛行員太陽眼鏡,5205,LinePay
2026-04-13 23:15,SA-189956,M01406,美妝保養,蘭蔻 極光水,3583,ATM轉帳
2026-04-13 19:36,SA-940798,M00480,美妝保養,SK-II 青春露,5637,LinePay
2026-04-22 19:51,SA-133589,M00621,生活居家,舒潔 抽取式衛生紙(箱),813,信用卡
2026-04-16 19:09,SA-929865,M00873,母嬰用品,Joie 輕量雙向推車,6478,信用卡
2026-04-21 23:59,SA-487463,M00067,保健食品,娘家 益生菌,1181,街口支付
2026-04-23 21:10,SA-946525,M00517,母嬰用品,明治 金選奶粉,699,信用卡
2026-04-29 08:20,SA-721861,M00559,3C家電,iPhone 15 Pro,34415,信用卡
2026-04-29 16:41,SA-401153,M01393,生活居家,3M 淨水器濾心,2290,信用卡
2026-04-26 09:19,SA-296163,M01108,3C家電,Sony 降噪耳機,10790,信用卡
2026-04-27 21:42,SA-784788,M00566,母嬰用品,明治 金選奶粉,684,超商貨到付款
2026-04-08 00:35,SA-769735,M00099,美妝保養,資生堂 百優精純乳霜,2708,信用卡
2026-04-30 06:06,SA-968424,M00839,生活居家,宜得利 N-COOL涼感床墊,1167,ATM轉帳
2026-04-19 17:07,SA-607664,M01394,母嬰用品,Combi 奶瓶消毒鍋,3242,超商貨到付款
2026-04-21 08:22,SA-982637,M00382,服飾配件,Nike Air Force 1,3337,信用卡
2026-04-12 09:28,SA-619187,M00405,生活居家,3M 淨水器濾心,2443,ATM轉帳
2026-04-27 22:11,SA-399202,M01163,3C家電,Nintendo Switch,9603,街口支付
2026-04-11 15:30,SA-710388,M00869,美妝保養,雅詩蘭黛 小棕瓶,4019,信用卡
2026-04-25 21:56,SA-725111,M00135,3C家電,Apple Watch S9,13049,LinePay
2026-04-01 08:41,SA-510051,M00208,母嬰用品,幫寶適 一級幫紙尿褲(箱),1495,LinePay
2026-04-12 20:18,SA-458428,M00738,美妝保養,蘭蔻 極光水,3263,信用卡
2026-04-05 22:35,SA-225014,M00042,保健食品,桂格 大燕麥片,222,信用卡
2026-04-25 10:21,SA-542508,M01281,3C家電,Sony 降噪耳機,10567,超商貨到付款
2026-04-05 10:16,SA-398160,M01371,美妝保養,雅詩蘭黛 小棕瓶,3877,超商貨到付款
2026-04-06 04:08,SA-703232,M00421,3C家電,Nintendo Switch,9156,超商貨到付款
2026-04-21 01:41,SA-757629,M00620,美妝保養,資生堂 百優精純乳霜,2695,信用卡
2026-04-16 04:51,SA-737748,M00044,美妝保養,資生堂 百優精純乳霜,2599,信用卡
2026-04-01 03:20,SA-384668,M00118,美妝保養,SK-II 青春露,5763,信用卡
2026-04-14 16:41,SA-945284,M00666,保健食品,白蘭氏 雙認證雞精(盒),1374,街口支付
2026-04-26 23:11,SA-267526,M01287,3C家電,Nintendo Switch,9042,信用卡
2026-04-04 00:13,SA-293052,M01257,服飾配件,Nike Air Force 1,3303,LinePay
2026-04-23 23:33,SA-606781,M01260,生活居家,TOTO 溫水洗淨便座,9480,ATM轉帳
2026-04-25 07:01,SA-816420,M01314,生活居家,舒潔 抽取式衛生紙(箱),823,LinePay
2026-04-14 14:26,SA-150160,M01130,美妝保養,蘭蔻 極光水,3519,信用卡
2026-04-03 00:59,SA-898609,M00554,服飾配件,Nike Air Force 1,3138,街口支付
2026-04-14 02:54,SA-477828,M00084,生活居家,TOTO 溫水洗淨便座,9031,信用卡
2026-04-25 15:53,SA-415021,M00567,服飾配件,Ray-Ban 飛行員太陽眼鏡,5595,LinePay
2026-04-20 02:16,SA-502813,M00004,生活居家,3M 淨水器濾心,2410,LinePay
2026-04-24 15:04,SA-470874,M00540,3C家電,Apple Watch S9,12296,超商貨到付款
2026-04-01 23:19,SA-412647,M00747,母嬰用品,Joie 輕量雙向推車,6271,LinePay
2026-04-02 08:20,SA-108651,M00372,3C家電,iPhone 15 Pro,36228,信用卡
2026-04-26 07:04,SA-642422,M00515,服飾配件,G-Shock 經典運動錶,2957,信用卡
2026-04-28 20:55,SA-189109,M00778,服飾配件,Nike Air Force 1,3324,ATM轉帳
2026-04-04 20:38,SA-135774,M00270,服飾配件,Ray-Ban 飛行員太陽眼鏡,5063,LinePay
2026-04-25 15:06,SA-263299,M01492,美妝保養,資生堂 百優精純乳霜,2525,信用卡
2026-04-07 04:18,SA-697305,M00772,3C家電,Apple Watch S9,12983,信用卡
2026-04-09 00:58,SA-280071,M01459,服飾配件,Ray-Ban 飛行員太陽眼鏡,5454,街口支付
2026-04-30 01:37,SA-220269,M00525,生活居家,3M 淨水器濾心,2377,信用卡
2026-04-28 11:33,SA-576420,M00744,美妝保養,蘭蔻 極光水,3326,信用卡
2026-04-07 19:31,SA-380483,M01232,3C家電,Dyson 吹風機,13297,信用卡
2026-04-13 00:47,SA-949570,M00444,生活居家,舒潔 抽取式衛生紙(箱),845,信用卡
2026-04-09 05:46,SA-315001,M00633,美妝保養,理膚寶水 B5全面修復霜,814,LinePay
2026-04-01 06:23,SA-669686,M00830,美妝保養,理膚寶水 B5全面修復霜,844,信用卡
2026-04-30 12:49,SA-598895,M00335,美妝保養,理膚寶水 B5全面修復霜,796,LinePay
2026-04-07 00:34,SA-873478,M01315,服飾配件,G-Shock 經典運動錶,2941,LinePay
2026-04-05 01:04,SA-115808,M00171,服飾配件,Ray-Ban 飛行員太陽眼鏡,5364,街口支付
2026-04-13 00:26,SA-341481,M00575,3C家電,Sony 降噪耳機,10451,超商貨到付款
2026-04-24 13:57,SA-365371,M00213,3C家電,Sony 降噪耳機,10898,ATM轉帳
2026-04-20 09:42,SA-137933,M00372,美妝保養,理膚寶水 B5全面修復霜,820,信用卡
2026-04-02 18:23,SA-988141,M00951,美妝保養,雅詩蘭黛 小棕瓶,4160,LinePay
2026-04-30 15:24,SA-602682,M01075,美妝保養,蘭蔻 極光水,3452,超商貨到付款
2026-04-23 22:54,SA-573211,M00071,生活居家,TOTO 溫水洗淨便座,8957,信用卡
2026-04-06 04:42,SA-401356,M01430,美妝保養,SK-II 青春露,5709,LinePay
2026-04-11 23:39,SA-963017,M00761,服飾配件,Uniqlo 極暖發熱衣,744,信用卡
2026-04-29 06:30,SA-382640,M00058,美妝保養,SK-II 青春露,5932,街口支付
2026-04-03 20:54,SA-975688,M00264,服飾配件,Uniqlo 極暖發熱衣,718,超商貨到付款
2026-04-03 10:47,SA-832776,M00652,服飾配件,Uniqlo 極暖發熱衣,722,超商貨到付款
2026-04-17 21:59,SA-607991,M00525,服飾配件,Nike Air Force 1,3303,信用卡
2026-04-12 15:50,SA-468542,M00582,美妝保養,雅詩蘭黛 小棕瓶,3946,街口支付
2026-04-09 20:13,SA-841152,M00173,美妝保養,理膚寶水 B5全面修復霜,871,超商貨到付款
2026-04-22 07:18,SA-167619,M01005,生活居家,無印良品 PP收納盒,411,信用卡
2026-04-19 00:07,SA-243302,M01151,美妝保養,SK-II 青春露,5834,超商貨到付款
2026-04-13 00:55,SA-372571,M01075,生活居家,宜得利 N-COOL涼感床墊,1188,LinePay
2026-04-10 18:33,SA-357346,M00102,3C家電,LG 掃地機器人,14495,超商貨到付款
2026-04-08 06:49,SA-370468,M00311,服飾配件,G-Shock 經典運動錶,2900,信用卡
2026-04-18 23:01,SA-417474,M00152,3C家電,LG 掃地機器人,15373,街口支付
2026-04-05 09:10,SA-425392,M00762,3C家電,LG 掃地機器人,15865,超商貨到付款
2026-04-05 07:36,SA-707664,M00193,3C家電,Dyson 吹風機,14132,信用卡
2026-04-11 07:31,SA-513710,M01173,3C家電,Sony 降噪耳機,10479,信用卡
2026-04-21 23:48,SA-619498,M00607,生活居家,3M 淨水器濾心,2252,信用卡
2026-04-30 15:15,SA-152457,M00317,3C家電,iPhone 15 Pro,35214,信用卡
2026-04-28 23:31,SA-771367,M00318,美妝保養,SK-II 青春露,6221,LinePay
2026-04-07 07:37,SA-146699,M01401,3C家電,iPhone 15 Pro,35973,信用卡
2026-04-21 05:58,SA-769826,M00991,保健食品,善存 綜合維他命,911,LinePay
2026-04-09 18:44,SA-381631,M01114,服飾配件,Ray-Ban 飛行員太陽眼鏡,5159,信用卡
2026-04-20 20:27,SA-572276,M00455,生活居家,無印良品 PP收納盒,424,超商貨到付款
2026-04-06 17:22,SA-927370,M01057,美妝保養,資生堂 百優精純乳霜,2589,LinePay
2026-04-20 11:45,SA-912310,M00630,3C家電,iPhone 15 Pro,34338,信用卡
2026-04-08 19:20,SA-674061,M00222,3C家電,Dyson 吹風機,13825,LinePay
2026-04-11 01:39,SA-703735,M01060,3C家電,Apple Watch S9,13166,信用卡
2026-04-16 22:25,SA-820871,M01461,美妝保養,雅詩蘭黛 小棕瓶,3975,街口支付
2026-04-05 11:42,SA-613892,M01390,3C家電,Nintendo Switch,9631,LinePay
2026-04-01 04:19,SA-598326,M00594,服飾配件,Ray-Ban 飛行員太陽眼鏡,5390,信用卡
2026-04-11 08:09,SA-694405,M00487,3C家電,Apple Watch S9,12773,信用卡
2026-04-28 04:07,SA-703170,M01336,3C家電,LG 掃地機器人,15094,信用卡
2026-04-27 08:31,SA-383962,M01028,母嬰用品,Joie 輕量雙向推車,6536,超商貨到付款
2026-04-02 13:09,SA-759726,M00323,母嬰用品,幫寶適 一級幫紙尿褲(箱),1452,ATM轉帳
2026-04-07 06:55,SA-415788,M00116,服飾配件,Nike Air Force 1,3247,信用卡
2026-04-11 06:46,SA-338920,M01209,3C家電,Apple Watch S9,12907,信用卡
2026-04-26 08:43,SA-702326,M01127,美妝保養,SK-II 青春露,6209,信用卡
2026-04-12 04:39,SA-181820,M00293,美妝保養,SK-II 青春露,5711,信用卡
2026-04-08 02:04,SA-981002,M00101,美妝保養,蘭蔻 極光水,3459,LinePay
2026-04-11 20:25,SA-505717,M01041,美妝保養,雅詩蘭黛 小棕瓶,4049,超商貨到付款
2026-04-01 07:07,SA-535568,M00612,3C家電,Dyson 吹風機,13720,ATM轉帳
2026-04-03 10:02,SA-588282,M01087,保健食品,桂格 大燕麥片,224,LinePay
2026-04-15 03:52,SA-442276,M01002,美妝保養,SK-II 青春露,5641,LinePay
2026-04-05 10:17,SA-680831,M00540,母嬰用品,明治 金選奶粉,677,信用卡
2026-04-20 15:29,SA-366886,M00663,美妝保養,資生堂 百優精純乳霜,2583,街口支付
2026-04-26 06:51,SA-941170,M01424,生活居家,TOTO 溫水洗淨便座,9103,街口支付
2026-04-22 23:57,SA-368077,M00852,母嬰用品,明治 金選奶粉,686,LinePay
2026-04-17 12:55,SA-868968,M00275,生活居家,3M 淨水器濾心,2459,超商貨到付款
2026-04-21 01:30,SA-999246,M00935,母嬰用品,Joie 輕量雙向推車,6568,LinePay
2026-04-07 18:19,SA-922672,M01319,母嬰用品,Joie 輕量雙向推車,6339,信用卡
2026-04-27 09:46,SA-390830,M01039,保健食品,桂格 大燕麥片,222,LinePay
2026-04-17 17:31,SA-999636,M01346,美妝保養,資生堂 百優精純乳霜,2677,信用卡
2026-04-29 23:58,SA-444727,M01000,美妝保養,蘭蔻 極光水,3498,LinePay
2026-04-21 09:13,SA-428429,M01190,3C家電,Apple Watch S9,12802,超商貨到付款
2026-04-11 13:14,SA-560501,M00558,美妝保養,資生堂 百優精純乳霜,2758,信用卡
2026-04-03 14:09,SA-869249,M01015,美妝保養,蘭蔻 極光水,3296,超商貨到付款
2026-04-06 03:23,SA-380468,M01048,美妝保養,蘭蔻 極光水,3271,街口支付
2026-04-08 18:16,SA-519947,M00417,生活居家,TOTO 溫水洗淨便座,9324,信用卡
2026-04-23 07:36,SA-165183,M01355,母嬰用品,Combi 奶瓶消毒鍋,3018,LinePay
2026-04-25 02:07,SA-462708,M01243,生活居家,無印良品 PP收納盒,417,信用卡
2026-04-09 11:04,SA-916239,M00111,美妝保養,資生堂 百優精純乳霜,2538,街口支付
2026-04-28 06:50,SA-583341,M00661,母嬰用品,貝親 寬口玻璃奶瓶,536,信用卡
2026-04-04 03:14,SA-295779,M00824,生活居家,宜得利 N-COOL涼感床墊,1210,信用卡
2026-04-18 04:24,SA-170744,M00568,保健食品,娘家 益生菌,1147,超商貨到付款
2026-04-22 16:46,SA-475924,M01487,母嬰用品,幫寶適 一級幫紙尿褲(箱),1472,信用卡
2026-04-08 14:54,SA-846624,M00287,3C家電,Nintendo Switch,8989,LinePay
2026-04-28 21:52,SA-639936,M00075,生活居家,舒潔 抽取式衛生紙(箱),867,信用卡
2026-04-26 01:40,SA-245408,M00160,3C家電,LG 掃地機器人,15423,信用卡
2026-04-24 15:41,SA-668431,M00762,美妝保養,資生堂 百優精純乳霜,2624,信用卡
2026-04-13 14:10,SA-927423,M00254,服飾配件,Levi's 501牛仔褲,3820,LinePay
2026-04-16 22:21,SA-199858,M00665,美妝保養,理膚寶水 B5全面修復霜,807,LinePay
2026-04-09 13:12,SA-879174,M01373,母嬰用品,明治 金選奶粉,707,超商貨到付款
2026-04-13 11:47,SA-456769,M00401,3C家電,Sony 降噪耳機,10175,信用卡
2026-04-30 15:06,SA-307457,M01192,3C家電,iPhone 15 Pro,34104,街口支付
2026-04-12 05:24,SA-335148,M00127,美妝保養,雅詩蘭黛 小棕瓶,4179,LinePay
2026-04-21 15:52,SA-906548,M01290,生活居家,3M 淨水器濾心,2312,信用卡
2026-04-27 10:50,SA-271354,M00159,3C家電,LG 掃地機器人,15183,信用卡
2026-04-09 19:25,SA-567376,M00111,生活居家,TOTO 溫水洗淨便座,9161,信用卡
2026-04-25 21:49,SA-649046,M01310,生活居家,舒潔 抽取式衛生紙(箱),864,LinePay
2026-04-17 13:17,SA-758499,M01288,美妝保養,雅詩蘭黛 小棕瓶,4084,超商貨到付款
2026-04-30 04:08,SA-914410,M00141,3C家電,LG 掃地機器人,14463,信用卡
2026-04-14 01:25,SA-490538,M01431,母嬰用品,幫寶適 一級幫紙尿褲(箱),1518,信用卡
2026-04-02 03:20,SA-577484,M01219,服飾配件,Levi's 501牛仔褲,3960,信用卡
2026-04-04 08:33,SA-925295,M00095,美妝保養,SK-II 青春露,5665,信用卡
2026-04-27 02:15,SA-928165,M00090,生活居家,舒潔 抽取式衛生紙(箱),826,信用卡
2026-04-13 16:20,SA-489079,M01293,服飾配件,G-Shock 經典運動錶,2974,LinePay
2026-04-04 17:32,SA-882812,M01386,美妝保養,蘭蔻 極光水,3381,街口支付
2026-04-24 06:17,SA-185392,M00081,保健食品,桂格 大燕麥片,236,LinePay
2026-04-03 19:06,SA-376282,M00780,3C家電,Nintendo Switch,9693,信用卡
2026-04-16 11:44,SA-352059,M00738,服飾配件,Ray-Ban 飛行員太陽眼鏡,5526,信用卡
2026-04-16 10:59,SA-315387,M00892,服飾配件,Levi's 501牛仔褲,3738,信用卡
2026-04-24 05:47,SA-189554,M01353,服飾配件,Levi's 501牛仔褲,3971,LinePay
2026-04-14 21:39,SA-494389,M00521,3C家電,Sony 降噪耳機,10880,LinePay
2026-04-04 05:45,SA-770905,M01242,服飾配件,Nike Air Force 1,3077,ATM轉帳
2026-04-07 12:37,SA-739999,M00243,保健食品,桂格 大燕麥片,217,ATM轉帳
2026-04-10 05:37,SA-689573,M00929,3C家電,Dyson 吹風機,14580,超商貨到付款
2026-04-17 19:14,SA-541502,M00488,母嬰用品,Combi 奶瓶消毒鍋,3023,LinePay
2026-04-22 07:54,SA-457764,M00165,美妝保養,資生堂 百優精純乳霜,2791,超商貨到付款
2026-04-27 16:13,SA-884312,M00641,美妝保養,理膚寶水 B5全面修復霜,860,LinePay
2026-04-04 15:08,SA-272060,M01370,美妝保養,蘭蔻 極光水,3337,街口支付
2026-04-27 23:46,SA-906638,M00165,保健食品,娘家 大紅麴,2396,街口支付
2026-04-15 22:29,SA-645034,M01023,美妝保養,理膚寶水 B5全面修復霜,849,信用卡
2026-04-20 17:42,SA-290544,M01150,美妝保養,資生堂 百優精純乳霜,2653,信用卡
2026-04-23 08:22,SA-439068,M00542,美妝保養,雅詩蘭黛 小棕瓶,3801,LinePay
2026-04-29 02:04,SA-817202,M01132,生活居家,3M 淨水器濾心,2302,信用卡
2026-04-30 18:35,SA-553299,M00006,美妝保養,資生堂 百優精純乳霜,2583,信用卡
2026-04-19 07:59,SA-836418,M00755,3C家電,Sony 降噪耳機,10378,信用卡
2026-04-03 15:46,SA-190388,M00862,服飾配件,G-Shock 經典運動錶,3152,超商貨到付款
2026-04-17 17:17,SA-741873,M00460,美妝保養,SK-II 青春露,5718,超商貨到付款
2026-04-26 05:44,SA-950740,M00686,生活居家,無印良品 PP收納盒,427,街口支付
2026-04-03 12:27,SA-543688,M00365,美妝保養,理膚寶水 B5全面修復霜,827,信用卡
2026-04-03 04:41,SA-713658,M00645,母嬰用品,Combi 奶瓶消毒鍋,3108,ATM轉帳
2026-04-12 12:13,SA-255885,M01194,生活居家,3M 淨水器濾心,2398,信用卡
2026-04-22 23:10,SA-379458,M00341,服飾配件,G-Shock 經典運動錶,2892,信用卡
2026-04-29 07:19,SA-417852,M00584,3C家電,LG 掃地機器人,15762,信用卡
2026-04-02 11:11,SA-268405,M01029,3C家電,iPhone 15 Pro,35998,街口支付
2026-04-21 08:45,SA-588253,M01031,服飾配件,Levi's 501牛仔褲,3613,信用卡
2026-04-18 22:34,SA-634925,M00996,美妝保養,SK-II 青春露,5893,LinePay
2026-04-03 08:37,SA-170237,M00625,美妝保養,蘭蔻 極光水,3354,信用卡
2026-04-24 16:49,SA-640274,M01410,3C家電,Nintendo Switch,8920,街口支付
2026-04-08 12:31,SA-470774,M00107,服飾配件,Levi's 501牛仔褲,3594,信用卡
2026-04-08 14:02,SA-168461,M01305,3C家電,Apple Watch S9,12728,LinePay
2026-04-25 23:48,SA-331754,M00605,美妝保養,SK-II 青春露,5627,信用卡
2026-04-23 06:31,SA-940490,M00465,保健食品,娘家 益生菌,1195,LinePay
2026-04-20 20:03,SA-746954,M00196,服飾配件,Nike Air Force 1,3175,ATM轉帳
2026-04-04 12:30,SA-695320,M01096,母嬰用品,貝親 寬口玻璃奶瓶,576,街口支付
2026-04-12 07:26,SA-206797,M00598,美妝保養,SK-II 青春露,5801,信用卡
2026-04-09 23:57,SA-888092,M00425,3C家電,Sony 降噪耳機,9926,LinePay
2026-04-09 13:17,SA-123016,M01170,母嬰用品,貝親 寬口玻璃奶瓶,543,信用卡
2026-04-26 15:11,SA-386338,M00946,母嬰用品,Combi 奶瓶消毒鍋,3247,超商貨到付款
2026-04-30 15:06,SA-201287,M00700,美妝保養,SK-II 青春露,5894,信用卡
2026-04-23 01:50,SA-533130,M01412,3C家電,LG 掃地機器人,14980,ATM轉帳
2026-04-01 16:35,SA-427598,M00798,保健食品,白蘭氏 雙認證雞精(盒),1329,超商貨到付款
2026-04-18 03:03,SA-543912,M01450,美妝保養,雅詩蘭黛 小棕瓶,4167,超商貨到付款
2026-04-03 21:05,SA-253835,M00309,美妝保養,資生堂 百優精純乳霜,2766,信用卡
2026-04-12 16:46,SA-662679,M01045,生活居家,3M 淨水器濾心,2317,LinePay
2026-04-21 09:54,SA-936597,M00558,生活居家,無印良品 PP收納盒,442,信用卡
2026-04-04 08:17,SA-676213,M00090,3C家電,LG 掃地機器人,14755,信用卡
2026-04-23 17:47,SA-443104,M00825,美妝保養,SK-II 青春露,6108,信用卡
2026-04-09 02:43,SA-742171,M00378,母嬰用品,幫寶適 一級幫紙尿褲(箱),1488,街口支付
2026-04-06 02:45,SA-759050,M01173,服飾配件,G-Shock 經典運動錶,3132,街口支付
2026-04-04 18:42,SA-698074,M00109,美妝保養,理膚寶水 B5全面修復霜,841,信用卡
2026-04-19 16:57,SA-984273,M00362,服飾配件,Ray-Ban 飛行員太陽眼鏡,5436,超商貨到付款
2026-04-16 08:58,SA-264989,M00728,生活居家,無印良品 PP收納盒,423,超商貨到付款
2026-04-13 17:50,SA-898044,M01402,服飾配件,Levi's 501牛仔褲,3884,LinePay
2026-04-03 21:41,SA-153523,M00754,生活居家,無印良品 PP收納盒,429,信用卡
2026-04-16 14:59,SA-232453,M01373,3C家電,Sony 降噪耳機,10605,ATM轉帳
2026-04-12 20:09,SA-888279,M00413,保健食品,白蘭氏 雙認證雞精(盒),1331,信用卡
2026-04-15 13:35,SA-651985,M00156,生活居家,舒潔 抽取式衛生紙(箱),848,超商貨到付款
2026-04-03 03:08,SA-732675,M00703,3C家電,Nintendo Switch,9605,信用卡
2026-04-04 06:23,SA-452544,M00019,美妝保養,資生堂 百優精純乳霜,2690,超商貨到付款
2026-04-26 08:47,SA-332637,M01065,保健食品,善存 綜合維他命,880,信用卡
2026-04-30 10:02,SA-405925,M00198,3C家電,Dyson 吹風機,13852,信用卡
2026-04-23 14:20,SA-712620,M00345,美妝保養,蘭蔻 極光水,3504,超商貨到付款
2026-04-25 06:01,SA-483242,M00291,美妝保養,雅詩蘭黛 小棕瓶,3793,LinePay
2026-04-27 19:38,SA-766498,M01338,3C家電,Nintendo Switch,8813,ATM轉帳
2026-04-03 17:30,SA-591046,M01038,3C家電,iPhone 15 Pro,33224,超商貨到付款
2026-04-29 21:53,SA-242006,M00416,3C家電,LG 掃地機器人,14982,信用卡
2026-04-27 08:21,SA-606634,M00299,生活居家,TOTO 溫水洗淨便座,9214,LinePay
2026-04-06 10:37,SA-389757,M01418,母嬰用品,幫寶適 一級幫紙尿褲(箱),1495,超商貨到付款
2026-04-17 22:20,SA-526294,M00905,3C家電,Sony 降噪耳機,9932,信用卡
2026-04-01 10:15,SA-205743,M00632,母嬰用品,Joie 輕量雙向推車,6792,信用卡
2026-04-14 06:21,SA-933127,M00685,保健食品,善存 綜合維他命,884,信用卡
2026-04-15 17:24,SA-945760,M00465,美妝保養,理膚寶水 B5全面修復霜,839,信用卡
2026-04-16 06:04,SA-149657,M00807,母嬰用品,明治 金選奶粉,693,LinePay
2026-04-20 15:05,SA-229427,M01012,母嬰用品,明治 金選奶粉,733,LinePay
2026-04-07 12:26,SA-585181,M00036,3C家電,Apple Watch S9,12625,信用卡
2026-04-15 23:35,SA-793953,M00390,母嬰用品,明治 金選奶粉,700,信用卡
2026-04-23 07:21,SA-856207,M01179,保健食品,娘家 大紅麴,2524,信用卡
2026-04-14 01:36,SA-324140,M01064,服飾配件,G-Shock 經典運動錶,3124,LinePay
2026-04-15 03:07,SA-374096,M00440,保健食品,桂格 大燕麥片,236,信用卡
2026-04-02 22:55,SA-411186,M00909,生活居家,舒潔 抽取式衛生紙(箱),814,超商貨到付款
2026-04-11 21:28,SA-686493,M01493,美妝保養,SK-II 青春露,5976,超商貨到付款
2026-04-21 21:47,SA-930497,M01375,3C家電,Nintendo Switch,9620,信用卡
2026-04-11 17:02,SA-429204,M01426,美妝保養,蘭蔻 極光水,3585,信用卡
2026-04-27 08:16,SA-412247,M00830,3C家電,Apple Watch S9,13139,LinePay
2026-04-04 15:33,SA-200812,M01066,3C家電,Dyson 吹風機,14534,街口支付
2026-04-12 20:20,SA-147280,M00507,服飾配件,Uniqlo 極暖發熱衣,729,LinePay
2026-04-25 23:54,SA-809839,M00838,母嬰用品,Joie 輕量雙向推車,6634,超商貨到付款
2026-04-28 11:36,SA-780564,M00585,3C家電,iPhone 15 Pro,34700,超商貨到付款
2026-04-07 17:42,SA-660944,M00504,母嬰用品,明治 金選奶粉,742,信用卡
2026-04-20 09:20,SA-801969,M01477,美妝保養,理膚寶水 B5全面修復霜,873,街口支付
2026-04-26 17:09,SA-782409,M00006,3C家電,iPhone 15 Pro,35474,超商貨到付款
2026-04-25 17:25,SA-907194,M01371,服飾配件,Ray-Ban 飛行員太陽眼鏡,5273,LinePay
2026-04-24 09:11,SA-626970,M00624,美妝保養,蘭蔻 極光水,3548,LinePay
2026-04-01 04:09,SA-916222,M00019,服飾配件,Ray-Ban 飛行員太陽眼鏡,5270,信用卡
2026-04-20 00:34,SA-725056,M01311,美妝保養,雅詩蘭黛 小棕瓶,3854,LinePay
2026-04-30 01:52,SA-117545,M01108,3C家電,LG 掃地機器人,14485,信用卡
2026-04-20 23:45,SA-852503,M00259,服飾配件,G-Shock 經典運動錶,2920,信用卡
2026-04-19 18:51,SA-274750,M00469,3C家電,iPhone 15 Pro,33524,LinePay
2026-04-18 20:33,SA-454123,M00550,生活居家,無印良品 PP收納盒,427,LinePay
2026-04-20 06:47,SA-164855,M00869,美妝保養,理膚寶水 B5全面修復霜,852,信用卡
2026-04-09 21:21,SA-539244,M00418,服飾配件,Ray-Ban 飛行員太陽眼鏡,5174,街口支付
2026-04-29 06:16,SA-287271,M00602,保健食品,善存 綜合維他命,913,信用卡
2026-04-30 03:43,SA-148897,M00293,3C家電,LG 掃地機器人,14793,信用卡
2026-04-27 19:13,SA-159886,M01026,服飾配件,Levi's 501牛仔褲,3713,信用卡
2026-04-13 01:52,SA-404141,M01193,保健食品,桂格 大燕麥片,231,街口支付
2026-04-18 21:47,SA-341370,M01022,服飾配件,Uniqlo 極暖發熱衣,775,信用卡
2026-04-30 00:37,SA-638277,M00301,生活居家,3M 淨水器濾心,2295,LinePay
2026-04-21 23:27,SA-573316,M00142,3C家電,LG 掃地機器人,14608,LinePay
2026-04-11 15:29,SA-694873,M01273,服飾配件,Levi's 501牛仔褲,3693,ATM轉帳
2026-04-11 08:58,SA-675601,M00539,生活居家,宜得利 N-COOL涼感床墊,1199,信用卡
2026-04-17 15:34,SA-954254,M00742,美妝保養,資生堂 百優精純乳霜,2773,信用卡
2026-04-12 09:22,SA-148772,M01268,3C家電,Dyson 吹風機,13441,信用卡
2026-04-23 23:22,SA-672364,M00040,3C家電,Apple Watch S9,12470,信用卡
2026-04-30 10:55,SA-401267,M01484,3C家電,iPhone 15 Pro,34401,LinePay
2026-04-01 11:54,SA-556606,M01269,美妝保養,SK-II 青春露,5932,街口支付
2026-04-05 02:31,SA-946143,M00161,母嬰用品,Joie 輕量雙向推車,6570,ATM轉帳
2026-04-09 07:27,SA-316758,M01158,生活居家,舒潔 抽取式衛生紙(箱),858,信用卡
2026-04-21 20:54,SA-157102,M01170,服飾配件,Uniqlo 極暖發熱衣,722,信用卡
2026-04-19 02:16,SA-785261,M00032,生活居家,無印良品 PP收納盒,445,LinePay
2026-04-14 12:50,SA-193200,M00386,服飾配件,Nike Air Force 1,3147,街口支付
2026-04-29 08:34,SA-153883,M01020,服飾配件,Nike Air Force 1,3200,超商貨到付款
2026-04-12 01:52,SA-201943,M01103,生活居家,3M 淨水器濾心,2442,LinePay
2026-04-29 10:51,SA-511721,M00193,生活居家,TOTO 溫水洗淨便座,9276,超商貨到付款
2026-04-12 00:49,SA-526458,M00420,服飾配件,Uniqlo 極暖發熱衣,741,信用卡
2026-04-17 00:11,SA-903277,M01227,3C家電,iPhone 15 Pro,35282,LinePay
2026-04-05 05:32,SA-830703,M01314,母嬰用品,明治 金選奶粉,708,超商貨到付款
2026-04-26 11:57,SA-902271,M00133,3C家電,Dyson 吹風機,14539,信用卡
2026-04-19 19:50,SA-617865,M00578,生活居家,無印良品 PP收納盒,433,超商貨到付款
2026-04-16 13:54,SA-659020,M00413,美妝保養,資生堂 百優精純乳霜,2549,信用卡
2026-04-28 12:50,SA-959527,M00744,美妝保養,理膚寶水 B5全面修復霜,841,信用卡
2026-04-01 17:42,SA-884786,M00890,母嬰用品,幫寶適 一級幫紙尿褲(箱),1481,信用卡
2026-04-14 18:46,SA-281417,M01022,3C家電,Sony 降噪耳機,9928,信用卡
2026-04-27 07:05,SA-304381,M00248,生活居家,3M 淨水器濾心,2312,信用卡
2026-04-05 21:38,SA-941969,M00224,3C家電,Nintendo Switch,8819,LinePay
2026-04-13 20:08,SA-543384,M00415,母嬰用品,明治 金選奶粉,706,超商貨到付款
2026-04-01 22:48,SA-407353,M00065,服飾配件,Ray-Ban 飛行員太陽眼鏡,5174,信用卡
2026-04-08 05:54,SA-965830,M00034,生活居家,TOTO 溫水洗淨便座,9840,LinePay
2026-04-15 20:58,SA-770935,M00040,3C家電,iPhone 15 Pro,35003,信用卡
2026-04-15 17:10,SA-414994,M00723,服飾配件,Nike Air Force 1,3304,LinePay
2026-04-02 16:49,SA-136088,M01079,服飾配件,Levi's 501牛仔褲,3908,信用卡
2026-04-09 13:33,SA-464710,M01180,母嬰用品,幫寶適 一級幫紙尿褲(箱),1536,信用卡
2026-04-17 19:12,SA-622849,M01271,生活居家,宜得利 N-COOL涼感床墊,1171,街口支付
2026-04-17 22:43,SA-122791,M00198,3C家電,Nintendo Switch,9113,LinePay
2026-04-15 20:55,SA-667638,M00707,生活居家,TOTO 溫水洗淨便座,9055,信用卡
2026-04-23 03:05,SA-204361,M00056,美妝保養,理膚寶水 B5全面修復霜,825,信用卡
2026-04-01 04:08,SA-882077,M00716,3C家電,Dyson 吹風機,14599,LinePay
2026-04-26 06:20,SA-691526,M00794,美妝保養,理膚寶水 B5全面修復霜,817,LinePay
2026-04-14 16:56,SA-751799,M00359,3C家電,LG 掃地機器人,15699,街口支付
2026-04-30 11:41,SA-694318,M00911,生活居家,3M 淨水器濾心,2455,信用卡
2026-04-08 08:39,SA-411813,M00759,母嬰用品,明治 金選奶粉,692,信用卡
2026-04-05 05:14,SA-732708,M00987,美妝保養,SK-II 青春露,5777,ATM轉帳
2026-04-12 02:03,SA-480201,M00955,生活居家,無印良品 PP收納盒,425,LinePay
2026-04-18 01:40,SA-834623,M01168,母嬰用品,貝親 寬口玻璃奶瓶,525,超商貨到付款
2026-04-10 21:40,SA-716992,M00433,保健食品,娘家 益生菌,1171,超商貨到付款
2026-04-10 20:02,SA-109971,M00127,生活居家,TOTO 溫水洗淨便座,9604,LinePay
2026-04-05 00:15,SA-782827,M00798,3C家電,Dyson 吹風機,13392,LinePay
2026-04-10 16:17,SA-737840,M01289,服飾配件,G-Shock 經典運動錶,2892,LinePay
2026-04-10 18:46,SA-639000,M01016,服飾配件,G-Shock 經典運動錶,3077,超商貨到付款
2026-04-24 19:57,SA-842422,M00684,母嬰用品,貝親 寬口玻璃奶瓶,540,信用卡
2026-04-17 10:31,SA-849014,M00038,美妝保養,資生堂 百優精純乳霜,2683,信用卡
2026-04-26 14:14,SA-486942,M00001,美妝保養,SK-II 青春露,5768,信用卡
2026-04-25 00:47,SA-661370,M01445,3C家電,LG 掃地機器人,14691,超商貨到付款
2026-04-19 02:31,SA-705560,M00600,母嬰用品,幫寶適 一級幫紙尿褲(箱),1574,超商貨到付款
2026-04-25 16:06,SA-746621,M01140,美妝保養,SK-II 青春露,6117,LinePay
2026-04-16 08:19,SA-773326,M00799,3C家電,iPhone 15 Pro,36397,LinePay
2026-04-28 13:15,SA-265462,M00090,服飾配件,Ray-Ban 飛行員太陽眼鏡,5524,LinePay
2026-04-04 05:30,SA-658418,M00779,3C家電,iPhone 15 Pro,36022,超商貨到付款
2026-04-27 16:31,SA-820399,M00107,母嬰用品,貝親 寬口玻璃奶瓶,560,LinePay
2026-04-06 07:16,SA-349926,M00131,服飾配件,Uniqlo 極暖發熱衣,789,信用卡
2026-04-25 22:10,SA-925938,M00496,3C家電,LG 掃地機器人,14528,LinePay
2026-04-19 13:22,SA-251602,M01284,3C家電,Dyson 吹風機,14056,信用卡
2026-04-03 14:46,SA-659380,M01200,美妝保養,雅詩蘭黛 小棕瓶,3923,LinePay
2026-04-01 12:55,SA-839682,M01233,美妝保養,蘭蔻 極光水,3327,超商貨到付款
2026-04-01 03:52,SA-335151,M00127,美妝保養,資生堂 百優精純乳霜,2737,信用卡
2026-04-12 12:42,SA-907057,M01264,生活居家,宜得利 N-COOL涼感床墊,1181,LinePay
2026-04-25 04:39,SA-111400,M00119,美妝保養,雅詩蘭黛 小棕瓶,3910,超商貨到付款
2026-04-22 08:02,SA-834446,M00143,3C家電,Sony 降噪耳機,10532,LinePay
2026-04-14 09:12,SA-990030,M01142,3C家電,Nintendo Switch,8951,LinePay
2026-04-30 19:33,SA-588337,M00897,美妝保養,資生堂 百優精純乳霜,2576,信用卡
2026-04-18 04:21,SA-956482,M01465,美妝保養,雅詩蘭黛 小棕瓶,4109,超商貨到付款
2026-04-19 23:16,SA-639920,M01340,美妝保養,SK-II 青春露,5654,信用卡
2026-04-24 17:10,SA-964700,M00051,生活居家,無印良品 PP收納盒,440,街口支付
2026-04-06 00:47,SA-260700,M01056,3C家電,LG 掃地機器人,15811,LinePay
2026-04-08 15:43,SA-678759,M00091,服飾配件,Levi's 501牛仔褲,3659,LinePay
2026-04-09 03:36,SA-667286,M00082,生活居家,無印良品 PP收納盒,442,街口支付
2026-04-05 02:38,SA-837358,M00119,美妝保養,理膚寶水 B5全面修復霜,800,LinePay
2026-04-03 05:58,SA-499399,M00978,母嬰用品,Combi 奶瓶消毒鍋,3184,信用卡
2026-04-30 17:38,SA-897958,M01391,生活居家,舒潔 抽取式衛生紙(箱),893,LinePay
2026-04-08 22:03,SA-601890,M01383,美妝保養,蘭蔻 極光水,3418,信用卡
2026-04-07 07:41,SA-186967,M00070,母嬰用品,Joie 輕量雙向推車,6780,LinePay
2026-04-03 00:22,SA-373831,M00253,保健食品,白蘭氏 雙認證雞精(盒),1331,LinePay
2026-04-13 21:20,SA-230471,M01012,服飾配件,Ray-Ban 飛行員太陽眼鏡,5402,LinePay
2026-04-12 07:38,SA-682232,M00455,3C家電,Nintendo Switch,9352,信用卡
2026-04-27 14:33,SA-508342,M00634,生活居家,舒潔 抽取式衛生紙(箱),820,ATM轉帳
2026-04-15 04:46,SA-574456,M00170,服飾配件,Nike Air Force 1,3278,超商貨到付款
2026-04-29 10:16,SA-985758,M00491,服飾配件,Levi's 501牛仔褲,3716,街口支付
2026-04-25 23:28,SA-390776,M00849,生活居家,無印良品 PP收納盒,443,信用卡
2026-04-18 10:58,SA-552719,M00553,服飾配件,Nike Air Force 1,3118,LinePay
2026-04-13 12:04,SA-319855,M00389,生活居家,宜得利 N-COOL涼感床墊,1238,超商貨到付款
2026-04-22 11:34,SA-852887,M00085,3C家電,Sony 降噪耳機,10339,LinePay
2026-04-20 18:14,SA-495096,M01111,美妝保養,蘭蔻 極光水,3525,信用卡
2026-04-21 13:38,SA-785189,M00392,服飾配件,Levi's 501牛仔褲,3866,信用卡
2026-04-20 07:53,SA-715139,M00215,服飾配件,Nike Air Force 1,3155,信用卡
2026-04-19 19:46,SA-676611,M01168,3C家電,Dyson 吹風機,13320,街口支付
2026-04-24 00:16,SA-281363,M00712,母嬰用品,貝親 寬口玻璃奶瓶,552,LinePay
2026-04-18 02:08,SA-632115,M00242,3C家電,Apple Watch S9,12217,信用卡
2026-04-25 10:15,SA-208266,M01250,美妝保養,蘭蔻 極光水,3312,信用卡
2026-04-26 12:37,SA-505583,M00946,生活居家,宜得利 N-COOL涼感床墊,1213,ATM轉帳
2026-04-29 09:40,SA-120746,M01181,保健食品,白蘭氏 雙認證雞精(盒),1263,信用卡
2026-04-16 02:39,SA-180903,M01278,生活居家,舒潔 抽取式衛生紙(箱),896,信用卡
2026-04-09 10:59,SA-430712,M00176,母嬰用品,Combi 奶瓶消毒鍋,3140,LinePay
2026-04-16 20:18,SA-106866,M00038,服飾配件,Ray-Ban 飛行員太陽眼鏡,5552,信用卡
2026-04-05 01:59,SA-335588,M00942,3C家電,LG 掃地機器人,15356,LinePay
2026-04-19 10:21,SA-201277,M00653,服飾配件,G-Shock 經典運動錶,3138,信用卡
2026-04-10 10:15,SA-464625,M01202,服飾配件,Nike Air Force 1,3153,LinePay
2026-04-29 16:14,SA-945261,M00501,母嬰用品,Combi 奶瓶消毒鍋,3203,LinePay
2026-04-20 21:05,SA-617388,M00275,生活居家,TOTO 溫水洗淨便座,9325,超商貨到付款
2026-04-16 15:31,SA-522475,M00081,3C家電,Dyson 吹風機,13928,信用卡
2026-04-25 09:41,SA-404685,M00520,美妝保養,雅詩蘭黛 小棕瓶,3786,信用卡
2026-04-17 10:31,SA-615970,M00020,服飾配件,Ray-Ban 飛行員太陽眼鏡,5386,街口支付
2026-04-12 17:17,SA-151007,M01411,生活居家,宜得利 N-COOL涼感床墊,1221,信用卡
2026-04-14 04:04,SA-421405,M01486,3C家電,Nintendo Switch,9091,信用卡
2026-04-27 23:28,SA-216446,M01213,3C家電,Dyson 吹風機,13853,信用卡
2026-04-25 14:10,SA-285495,M01348,美妝保養,理膚寶水 B5全面修復霜,828,信用卡
2026-04-25 05:18,SA-604385,M01007,服飾配件,Levi's 501牛仔褲,3868,LinePay
2026-04-15 10:00,SA-324486,M01213,3C家電,Apple Watch S9,13352,LinePay
2026-04-13 07:55,SA-104804,M00068,服飾配件,G-Shock 經典運動錶,2945,ATM轉帳
2026-04-21 15:50,SA-660888,M00158,母嬰用品,Combi 奶瓶消毒鍋,3287,LinePay
2026-04-02 20:10,SA-602823,M01351,美妝保養,SK-II 青春露,6020,街口支付
2026-04-04 04:21,SA-223268,M00486,美妝保養,資生堂 百優精純乳霜,2751,信用卡
2026-04-26 03:02,SA-192493,M00452,母嬰用品,貝親 寬口玻璃奶瓶,529,LinePay
2026-04-17 17:19,SA-633039,M00216,3C家電,iPhone 15 Pro,33574,街口支付
2026-04-03 06:42,SA-731809,M00705,服飾配件,Levi's 501牛仔褲,3651,信用卡
2026-04-16 14:28,SA-280255,M01147,美妝保養,蘭蔻 極光水,3478,LinePay
2026-04-30 22:01,SA-627014,M00742,美妝保養,SK-II 青春露,6125,LinePay
2026-04-25 15:17,SA-613181,M00191,服飾配件,G-Shock 經典運動錶,3026,LinePay
2026-04-24 09:48,SA-445684,M00891,3C家電,iPhone 15 Pro,34293,LinePay
2026-04-03 07:33,SA-271469,M00573,母嬰用品,貝親 寬口玻璃奶瓶,576,信用卡
2026-04-26 00:41,SA-381968,M00418,生活居家,舒潔 抽取式衛生紙(箱),825,超商貨到付款
2026-04-25 06:28,SA-338845,M01457,生活居家,舒潔 抽取式衛生紙(箱),852,街口支付
2026-04-17 02:08,SA-587079,M00700,生活居家,TOTO 溫水洗淨便座,9152,信用卡
2026-04-06 20:00,SA-703652,M01371,3C家電,Dyson 吹風機,13453,信用卡
2026-04-18 23:37,SA-546098,M01008,服飾配件,Uniqlo 極暖發熱衣,763,信用卡
2026-04-13 15:56,SA-330359,M00226,美妝保養,雅詩蘭黛 小棕瓶,4173,信用卡
2026-04-27 09:52,SA-471873,M01066,美妝保養,SK-II 青春露,5903,LinePay
2026-04-18 12:42,SA-574616,M00528,3C家電,LG 掃地機器人,14757,街口支付
2026-04-26 09:17,SA-211291,M00064,美妝保養,雅詩蘭黛 小棕瓶,3790,街口支付
2026-04-04 05:59,SA-805106,M00950,生活居家,3M 淨水器濾心,2359,超商貨到付款
2026-04-04 08:50,SA-923654,M00728,服飾配件,Levi's 501牛仔褲,3945,街口支付
2026-04-26 07:52,SA-132013,M00059,3C家電,Nintendo Switch,9093,信用卡
2026-04-20 15:57,SA-281228,M01406,美妝保養,理膚寶水 B5全面修復霜,877,LinePay
2026-04-19 21:12,SA-732730,M00653,服飾配件,Levi's 501牛仔褲,3634,信用卡
2026-04-25 07:15,SA-250717,M00307,3C家電,Apple Watch S9,13276,信用卡
2026-04-20 06:16,SA-967784,M00426,生活居家,無印良品 PP收納盒,445,LinePay
2026-04-10 16:44,SA-261563,M01364,美妝保養,資生堂 百優精純乳霜,2582,超商貨到付款
2026-04-03 21:08,SA-162137,M01214,美妝保養,雅詩蘭黛 小棕瓶,3789,信用卡
2026-04-15 01:40,SA-268278,M00232,3C家電,LG 掃地機器人,15568,信用卡
2026-04-06 14:15,SA-716023,M00270,母嬰用品,幫寶適 一級幫紙尿褲(箱),1502,信用卡
2026-04-27 14:07,SA-368990,M01069,生活居家,無印良品 PP收納盒,428,LinePay
2026-04-07 17:09,SA-942681,M01483,生活居家,3M 淨水器濾心,2401,LinePay
2026-04-21 07:29,SA-247385,M00844,服飾配件,G-Shock 經典運動錶,3123,信用卡
2026-04-03 23:09,SA-494939,M00241,服飾配件,Ray-Ban 飛行員太陽眼鏡,5336,信用卡
2026-04-30 13:57,SA-918465,M00100,美妝保養,蘭蔻 極光水,3392,LinePay
2026-04-05 17:43,SA-704043,M01404,母嬰用品,明治 金選奶粉,691,LinePay
2026-04-26 19:51,SA-394694,M00918,生活居家,舒潔 抽取式衛生紙(箱),863,信用卡
2026-04-16 04:51,SA-934860,M00991,3C家電,iPhone 15 Pro,35195,超商貨到付款
2026-04-02 09:56,SA-562274,M01212,3C家電,LG 掃地機器人,14433,超商貨到付款
2026-04-27 10:16,SA-758796,M00007,生活居家,3M 淨水器濾心,2258,信用卡
2026-04-17 01:30,SA-108202,M00818,生活居家,TOTO 溫水洗淨便座,9384,街口支付
2026-04-02 14:21,SA-618615,M00024,生活居家,3M 淨水器濾心,2462,信用卡
2026-04-06 00:37,SA-853049,M00055,母嬰用品,明治 金選奶粉,724,LinePay
2026-04-21 05:59,SA-773974,M00402,美妝保養,SK-II 青春露,5919,超商貨到付款
2026-04-28 21:40,SA-417173,M01490,美妝保養,SK-II 青春露,6157,信用卡
2026-04-01 04:03,SA-376338,M00865,美妝保養,SK-II 青春露,6088,信用卡
2026-04-05 12:24,SA-825244,M00515,3C家電,Nintendo Switch,9136,信用卡
2026-04-23 21:12,SA-587263,M00228,生活居家,3M 淨水器濾心,2345,超商貨到付款
2026-04-28 11:10,SA-397965,M00229,美妝保養,理膚寶水 B5全面修復霜,871,信用卡
2026-04-28 11:34,SA-540662,M00152,生活居家,舒潔 抽取式衛生紙(箱),833,LinePay
2026-04-23 23:31,SA-438033,M00998,美妝保養,雅詩蘭黛 小棕瓶,3969,LinePay
2026-04-18 15:20,SA-375163,M00990,母嬰用品,幫寶適 一級幫紙尿褲(箱),1507,信用卡
2026-04-08 07:29,SA-308975,M00680,美妝保養,蘭蔻 極光水,3303,LinePay
2026-04-20 21:27,SA-498792,M00322,3C家電,iPhone 15 Pro,34816,超商貨到付款
2026-04-12 20:55,SA-616934,M01085,服飾配件,Levi's 501牛仔褲,3597,信用卡
2026-04-23 06:31,SA-201195,M01077,3C家電,Apple Watch S9,12449,超商貨到付款
2026-04-12 07:53,SA-592823,M01185,服飾配件,G-Shock 經典運動錶,2918,超商貨到付款
2026-04-29 16:23,SA-301400,M00847,生活居家,TOTO 溫水洗淨便座,9416,街口支付
2026-04-27 01:36,SA-318286,M00256,服飾配件,Uniqlo 極暖發熱衣,729,信用卡
2026-04-17 03:37,SA-862177,M01236,3C家電,Nintendo Switch,9659,LinePay
2026-04-05 19:00,SA-459500,M00444,美妝保養,資生堂 百優精純乳霜,2642,超商貨到付款
2026-04-11 23:04,SA-614736,M00258,服飾配件,Levi's 501牛仔褲,3846,超商貨到付款
2026-04-27 16:29,SA-820568,M00779,3C家電,Sony 降噪耳機,9905,ATM轉帳
2026-04-21 01:08,SA-903544,M01177,美妝保養,SK-II 青春露,5836,ATM轉帳
2026-04-16 05:49,SA-847948,M00030,3C家電,iPhone 15 Pro,36767,LinePay
2026-04-23 16:29,SA-819598,M01418,母嬰用品,貝親 寬口玻璃奶瓶,569,超商貨到付款
2026-04-29 18:27,SA-920260,M00982,3C家電,LG 掃地機器人,15449,信用卡
2026-04-23 09:20,SA-167107,M00114,3C家電,Dyson 吹風機,13737,信用卡
2026-04-21 05:55,SA-395186,M00375,生活居家,TOTO 溫水洗淨便座,9224,街口支付
2026-04-04 07:12,SA-519704,M00506,美妝保養,蘭蔻 極光水,3312,信用卡
2026-04-15 04:09,SA-531726,M01240,服飾配件,Uniqlo 極暖發熱衣,745,信用卡
2026-04-02 02:52,SA-135474,M00634,生活居家,TOTO 溫水洗淨便座,9104,LinePay
2026-04-29 06:01,SA-450032,M00996,3C家電,Sony 降噪耳機,10880,超商貨到付款
2026-04-25 18:05,SA-316690,M00846,3C家電,Dyson 吹風機,13145,超商貨到付款
2026-04-28 17:43,SA-258376,M01182,美妝保養,SK-II 青春露,5915,LinePay
2026-04-24 13:49,SA-809667,M00977,生活居家,宜得利 N-COOL涼感床墊,1166,超商貨到付款
2026-04-06 01:11,SA-398631,M01131,3C家電,LG 掃地機器人,14674,超商貨到付款
2026-04-28 22:35,SA-665403,M01185,服飾配件,G-Shock 經典運動錶,2953,ATM轉帳
2026-04-11 20:43,SA-432105,M01307,3C家電,iPhone 15 Pro,33344,街口支付
2026-04-09 14:49,SA-789586,M00725,3C家電,LG 掃地機器人,14897,超商貨到付款
2026-04-26 04:18,SA-514603,M01059,服飾配件,Levi's 501牛仔褲,3827,超商貨到付款
2026-04-19 17:28,SA-222787,M00970,服飾配件,Uniqlo 極暖發熱衣,773,超商貨到付款
2026-04-28 22:12,SA-827687,M00091,保健食品,娘家 大紅麴,2327,信用卡
2026-04-01 05:28,SA-737324,M01261,服飾配件,Ray-Ban 飛行員太陽眼鏡,5270,信用卡
2026-04-27 16:09,SA-660775,M00087,服飾配件,Uniqlo 極暖發熱衣,731,LinePay
2026-04-24 17:50,SA-420713,M00348,3C家電,Sony 降噪耳機,10118,LinePay
2026-04-14 22:16,SA-406445,M00207,服飾配件,Ray-Ban 飛行員太陽眼鏡,5555,超商貨到付款
2026-04-15 00:32,SA-535975,M00352,3C家電,Apple Watch S9,12880,信用卡
2026-04-29 09:00,SA-581925,M00255,服飾配件,Levi's 501牛仔褲,3849,信用卡
2026-04-05 11:24,SA-193436,M00500,服飾配件,Uniqlo 極暖發熱衣,734,信用卡
2026-04-25 21:19,SA-541074,M00521,生活居家,無印良品 PP收納盒,444,LinePay
2026-04-13 10:29,SA-482645,M00775,生活居家,宜得利 N-COOL涼感床墊,1270,LinePay
2026-04-17 12:01,SA-268399,M00904,3C家電,iPhone 15 Pro,35669,LinePay
2026-04-29 20:05,SA-409982,M00058,服飾配件,G-Shock 經典運動錶,2980,信用卡
2026-04-21 06:53,SA-868653,M00824,生活居家,無印良品 PP收納盒,447,信用卡
2026-04-13 07:02,SA-818137,M00709,生活居家,3M 淨水器濾心,2353,信用卡
2026-04-15 00:07,SA-881695,M00574,3C家電,Nintendo Switch,8824,信用卡
2026-04-18 00:03,SA-900052,M01166,服飾配件,G-Shock 經典運動錶,2899,超商貨到付款
2026-04-12 16:17,SA-721205,M00533,3C家電,Dyson 吹風機,13261,街口支付
2026-04-28 12:26,SA-849417,M00163,美妝保養,蘭蔻 極光水,3258,ATM轉帳
2026-04-13 08:51,SA-804181,M00137,美妝保養,資生堂 百優精純乳霜,2702,信用卡
2026-04-30 11:03,SA-472258,M00158,服飾配件,Uniqlo 極暖發熱衣,765,信用卡
2026-04-21 08:54,SA-560793,M00306,美妝保養,理膚寶水 B5全面修復霜,868,超商貨到付款
2026-04-03 10:15,SA-101397,M00287,3C家電,LG 掃地機器人,14546,LinePay
2026-04-21 08:57,SA-896311,M00384,美妝保養,SK-II 青春露,5915,LinePay
2026-04-21 19:52,SA-147853,M00205,3C家電,Sony 降噪耳機,10060,信用卡
2026-04-04 09:29,SA-604062,M01218,美妝保養,蘭蔻 極光水,3552,街口支付
2026-04-02 22:14,SA-168589,M00673,母嬰用品,Joie 輕量雙向推車,6262,超商貨到付款
2026-04-06 23:31,SA-484077,M01006,生活居家,無印良品 PP收納盒,423,信用卡
2026-04-23 02:32,SA-448300,M01464,3C家電,iPhone 15 Pro,35635,信用卡
2026-04-22 11:28,SA-877868,M00624,3C家電,Sony 降噪耳機,10674,信用卡
2026-04-13 02:19,SA-793455,M01295,美妝保養,蘭蔻 極光水,3495,ATM轉帳
2026-04-08 21:10,SA-894737,M00122,3C家電,Apple Watch S9,12637,LinePay
2026-04-03 13:26,SA-902392,M00985,3C家電,LG 掃地機器人,15736,超商貨到付款
2026-04-01 05:01,SA-855183,M00309,服飾配件,Uniqlo 極暖發熱衣,764,LinePay
2026-04-16 09:09,SA-185991,M01388,美妝保養,雅詩蘭黛 小棕瓶,3820,信用卡
2026-04-01 00:46,SA-202775,M00075,服飾配件,Nike Air Force 1,3177,信用卡
2026-04-25 21:47,SA-774746,M00660,美妝保養,理膚寶水 B5全面修復霜,876,LinePay
2026-04-30 07:52,SA-905820,M00923,3C家電,Apple Watch S9,12191,LinePay
2026-04-13 03:21,SA-276424,M00310,生活居家,無印良品 PP收納盒,423,信用卡
2026-04-12 07:52,SA-630833,M01149,美妝保養,SK-II 青春露,6004,超商貨到付款
2026-04-24 01:26,SA-673853,M01153,生活居家,3M 淨水器濾心,2292,LinePay
2026-04-17 05:55,SA-121119,M01308,美妝保養,SK-II 青春露,5890,信用卡
2026-04-21 17:14,SA-406903,M00838,保健食品,白蘭氏 雙認證雞精(盒),1338,信用卡
2026-04-14 09:02,SA-114854,M00499,美妝保養,理膚寶水 B5全面修復霜,872,LinePay
2026-04-16 22:41,SA-653896,M00665,美妝保養,雅詩蘭黛 小棕瓶,3916,信用卡
2026-04-17 10:02,SA-285752,M00287,美妝保養,蘭蔻 極光水,3454,超商貨到付款
2026-04-27 18:56,SA-106109,M01060,美妝保養,蘭蔻 極光水,3539,街口支付
2026-04-17 13:12,SA-319242,M00245,3C家電,LG 掃地機器人,15787,街口支付
2026-04-29 09:49,SA-727337,M00131,保健食品,娘家 大紅麴,2351,信用卡
2026-04-20 20:41,SA-425553,M00862,美妝保養,雅詩蘭黛 小棕瓶,3954,超商貨到付款
2026-04-15 03:27,SA-824645,M01370,美妝保養,蘭蔻 極光水,3476,信用卡
2026-04-26 00:02,SA-675390,M00038,3C家電,Sony 降噪耳機,10111,LinePay
2026-04-24 13:43,SA-971593,M00695,3C家電,iPhone 15 Pro,35038,信用卡
2026-04-07 00:43,SA-108536,M01123,生活居家,宜得利 N-COOL涼感床墊,1250,信用卡
2026-04-28 14:24,SA-677150,M00310,美妝保養,雅詩蘭黛 小棕瓶,4075,信用卡
2026-04-01 04:14,SA-607075,M00758,生活居家,宜得利 N-COOL涼感床墊,1189,超商貨到付款
2026-04-08 10:54,SA-731382,M00359,3C家電,Sony 降噪耳機,9986,信用卡
2026-04-03 14:23,SA-684878,M00355,母嬰用品,Combi 奶瓶消毒鍋,2992,信用卡
2026-04-11 22:15,SA-333995,M00993,3C家電,iPhone 15 Pro,34498,信用卡
2026-04-12 08:08,SA-563921,M00100,母嬰用品,明治 金選奶粉,743,LinePay
2026-04-05 04:03,SA-691746,M00925,生活居家,無印良品 PP收納盒,418,ATM轉帳
2026-04-19 08:41,SA-616186,M00053,生活居家,舒潔 抽取式衛生紙(箱),829,信用卡
2026-04-19 00:59,SA-643721,M01087,3C家電,Dyson 吹風機,13813,LinePay
2026-04-12 10:05,SA-687638,M01339,母嬰用品,Joie 輕量雙向推車,6354,LinePay
2026-04-25 05:08,SA-302766,M00624,3C家電,LG 掃地機器人,15420,信用卡
2026-04-04 16:42,SA-238892,M01275,3C家電,Dyson 吹風機,13740,信用卡
2026-04-19 02:14,SA-870852,M00483,美妝保養,蘭蔻 極光水,3243,超商貨到付款
2026-04-18 17:28,SA-761388,M01416,服飾配件,Uniqlo 極暖發熱衣,724,ATM轉帳
2026-04-12 22:32,SA-276477,M01468,3C家電,Sony 降噪耳機,10660,超商貨到付款
2026-04-21 03:46,SA-524487,M00280,3C家電,iPhone 15 Pro,35893,信用卡
2026-04-22 02:39,SA-424829,M01407,服飾配件,Nike Air Force 1,3158,ATM轉帳
2026-04-12 03:45,SA-746275,M00148,服飾配件,Uniqlo 極暖發熱衣,787,信用卡
2026-04-05 05:58,SA-815159,M01039,生活居家,舒潔 抽取式衛生紙(箱),834,信用卡
2026-04-12 00:09,SA-999683,M00368,服飾配件,Ray-Ban 飛行員太陽眼鏡,5421,信用卡
2026-04-20 20:10,SA-792621,M00113,3C家電,LG 掃地機器人,15620,超商貨到付款
2026-04-14 05:10,SA-281146,M01410,3C家電,Nintendo Switch,9304,信用卡
2026-04-24 23:59,SA-980069,M00589,美妝保養,雅詩蘭黛 小棕瓶,3915,信用卡
2026-04-26 18:25,SA-538936,M00624,生活居家,3M 淨水器濾心,2339,超商貨到付款
2026-04-03 09:32,SA-997977,M00735,服飾配件,Uniqlo 極暖發熱衣,778,信用卡
2026-04-08 13:06,SA-848823,M01456,3C家電,Apple Watch S9,12175,LinePay
2026-04-27 06:36,SA-225311,M00757,服飾配件,Levi's 501牛仔褲,3828,LinePay
2026-04-26 00:44,SA-829492,M01432,母嬰用品,幫寶適 一級幫紙尿褲(箱),1461,超商貨到付款
2026-04-05 17:34,SA-497954,M01399,美妝保養,資生堂 百優精純乳霜,2731,信用卡
2026-04-27 05:29,SA-400957,M00180,3C家電,LG 掃地機器人,15794,街口支付
2026-04-14 01:51,SA-443451,M00996,美妝保養,SK-II 青春露,5672,信用卡
2026-04-10 01:22,SA-755767,M01121,服飾配件,Uniqlo 極暖發熱衣,743,信用卡
2026-04-06 03:06,SA-400498,M00140,美妝保養,資生堂 百優精純乳霜,2798,LinePay
2026-04-22 22:12,SA-814629,M00989,母嬰用品,幫寶適 一級幫紙尿褲(箱),1549,信用卡
2026-04-27 10:54,SA-205731,M00698,3C家電,Dyson 吹風機,14408,超商貨到付款
2026-04-24 19:25,SA-254479,M01358,美妝保養,蘭蔻 極光水,3470,超商貨到付款
2026-04-25 04:54,SA-279644,M01444,美妝保養,SK-II 青春露,5768,街口支付
2026-04-21 21:04,SA-896398,M00276,3C家電,Dyson 吹風機,13909,LinePay
2026-04-22 23:13,SA-405825,M00122,生活居家,宜得利 N-COOL涼感床墊,1273,超商貨到付款
2026-04-07 23:33,SA-465551,M01460,服飾配件,Nike Air Force 1,3321,LinePay
2026-04-11 02:05,SA-373607,M00023,美妝保養,雅詩蘭黛 小棕瓶,4079,超商貨到付款
2026-04-15 01:39,SA-125183,M00133,美妝保養,雅詩蘭黛 小棕瓶,4180,ATM轉帳
2026-04-22 03:51,SA-152816,M01214,服飾配件,Levi's 501牛仔褲,3712,信用卡
2026-04-20 00:47,SA-567793,M00492,美妝保養,理膚寶水 B5全面修復霜,863,信用卡
2026-04-24 18:16,SA-515451,M00942,3C家電,Nintendo Switch,9160,超商貨到付款
2026-04-11 10:48,SA-258347,M01343,3C家電,LG 掃地機器人,14554,信用卡
2026-04-19 06:53,SA-645742,M00949,美妝保養,資生堂 百優精純乳霜,2593,信用卡
2026-04-05 16:32,SA-154713,M00699,美妝保養,雅詩蘭黛 小棕瓶,4115,街口支付
2026-04-30 10:20,SA-134095,M00316,美妝保養,SK-II 青春露,6075,信用卡
2026-04-27 02:01,SA-100744,M01268,生活居家,無印良品 PP收納盒,428,超商貨到付款
2026-04-16 16:37,SA-971386,M00236,美妝保養,雅詩蘭黛 小棕瓶,4113,信用卡
2026-04-25 14:02,SA-359704,M00991,保健食品,白蘭氏 雙認證雞精(盒),1308,信用卡
2026-04-24 05:47,SA-502365,M00230,美妝保養,蘭蔻 極光水,3567,信用卡
2026-04-28 14:04,SA-949795,M01419,美妝保養,資生堂 百優精純乳霜,2731,超商貨到付款
2026-04-22 00:34,SA-707167,M00970,3C家電,Apple Watch S9,12686,街口支付
2026-04-01 03:17,SA-697260,M00847,服飾配件,Ray-Ban 飛行員太陽眼鏡,5408,信用卡
2026-04-16 12:30,SA-185293,M00811,服飾配件,Nike Air Force 1,3304,LinePay
2026-04-05 06:29,SA-682751,M00132,生活居家,TOTO 溫水洗淨便座,8991,LinePay
2026-04-16 18:26,SA-488351,M01254,美妝保養,SK-II 青春露,5792,超商貨到付款
2026-04-23 22:32,SA-557349,M01449,生活居家,無印良品 PP收納盒,447,LinePay
2026-04-26 14:46,SA-831112,M00380,美妝保養,SK-II 青春露,6157,超商貨到付款
2026-04-14 03:26,SA-730603,M00793,美妝保養,資生堂 百優精純乳霜,2766,超商貨到付款
2026-04-21 04:58,SA-377234,M01089,母嬰用品,明治 金選奶粉,676,ATM轉帳
2026-04-05 01:46,SA-872003,M00569,生活居家,舒潔 抽取式衛生紙(箱),845,超商貨到付款
2026-04-15 23:46,SA-865878,M00332,3C家電,Sony 降噪耳機,10380,LinePay
2026-04-26 17:21,SA-370777,M00373,美妝保養,雅詩蘭黛 小棕瓶,4188,信用卡
2026-04-21 15:55,SA-940010,M00689,母嬰用品,Combi 奶瓶消毒鍋,2964,信用卡
2026-04-11 13:53,SA-316058,M00134,3C家電,Nintendo Switch,9220,LinePay
2026-04-27 07:23,SA-488228,M00010,3C家電,Nintendo Switch,9612,街口支付
2026-04-14 18:25,SA-563561,M00820,3C家電,Sony 降噪耳機,10037,LinePay
2026-04-06 10:18,SA-390369,M00252,美妝保養,蘭蔻 極光水,3583,信用卡
2026-04-06 19:58,SA-488319,M01228,母嬰用品,貝親 寬口玻璃奶瓶,523,超商貨到付款
2026-04-07 04:55,SA-834105,M00498,美妝保養,資生堂 百優精純乳霜,2532,LinePay
2026-04-12 17:47,SA-865228,M00724,美妝保養,理膚寶水 B5全面修復霜,798,信用卡
2026-04-11 08:20,SA-796814,M00719,美妝保養,理膚寶水 B5全面修復霜,838,LinePay
2026-04-10 16:31,SA-269195,M00566,美妝保養,資生堂 百優精純乳霜,2623,LinePay
2026-04-09 03:40,SA-633740,M01071,美妝保養,資生堂 百優精純乳霜,2752,LinePay
2026-04-02 18:32,SA-229075,M01016,3C家電,Apple Watch S9,12399,LinePay
2026-04-26 11:55,SA-214283,M00569,美妝保養,雅詩蘭黛 小棕瓶,4057,信用卡
2026-04-10 20:08,SA-223694,M00811,服飾配件,G-Shock 經典運動錶,2932,LinePay
2026-04-11 13:46,SA-818277,M00671,3C家電,Sony 降噪耳機,9864,超商貨到付款
2026-04-22 18:18,SA-598678,M00952,生活居家,宜得利 N-COOL涼感床墊,1161,信用卡
2026-04-25 11:03,SA-842571,M01264,3C家電,Nintendo Switch,9704,街口支付
2026-04-23 10:10,SA-713242,M00075,生活居家,3M 淨水器濾心,2251,信用卡
2026-04-13 06:55,SA-763360,M00425,美妝保養,SK-II 青春露,6221,信用卡
2026-04-22 18:15,SA-701151,M00865,服飾配件,Ray-Ban 飛行員太陽眼鏡,5158,信用卡
2026-04-06 01:24,SA-620815,M00973,3C家電,iPhone 15 Pro,34102,LinePay
2026-04-07 04:30,SA-216911,M00887,美妝保養,理膚寶水 B5全面修復霜,872,街口支付
2026-04-18 13:38,SA-107632,M00645,服飾配件,Uniqlo 極暖發熱衣,747,街口支付
2026-04-24 11:48,SA-597766,M01416,3C家電,Apple Watch S9,13021,街口支付
2026-04-16 09:26,SA-985393,M00561,服飾配件,Ray-Ban 飛行員太陽眼鏡,5113,街口支付
2026-04-02 16:00,SA-560370,M00455,3C家電,Sony 降噪耳機,9870,街口支付
2026-04-18 05:51,SA-717329,M00239,母嬰用品,幫寶適 一級幫紙尿褲(箱),1571,信用卡
2026-04-19 08:53,SA-217903,M00600,美妝保養,資生堂 百優精純乳霜,2532,超商貨到付款
2026-04-29 11:11,SA-658259,M00251,母嬰用品,幫寶適 一級幫紙尿褲(箱),1587,信用卡
2026-04-19 16:14,SA-271846,M01353,服飾配件,Nike Air Force 1,3187,信用卡
2026-04-28 18:45,SA-574774,M00314,美妝保養,雅詩蘭黛 小棕瓶,4029,信用卡
2026-04-02 22:00,SA-555103,M01157,母嬰用品,Joie 輕量雙向推車,6501,信用卡
2026-04-09 22:27,SA-860289,M00379,生活居家,3M 淨水器濾心,2345,信用卡
2026-04-04 12:12,SA-678581,M01143,母嬰用品,貝親 寬口玻璃奶瓶,534,街口支付
2026-04-02 06:09,SA-492146,M00751,服飾配件,Ray-Ban 飛行員太陽眼鏡,5506,信用卡
2026-04-22 02:55,SA-393379,M00797,美妝保養,蘭蔻 極光水,3374,街口支付
2026-04-02 16:19,SA-845755,M00283,3C家電,Dyson 吹風機,13352,LinePay
2026-04-01 17:25,SA-326449,M01253,生活居家,宜得利 N-COOL涼感床墊,1178,超商貨到付款
2026-04-06 05:41,SA-723236,M00859,保健食品,善存 綜合維他命,915,LinePay
2026-04-23 10:27,SA-925933,M01474,美妝保養,雅詩蘭黛 小棕瓶,3996,街口支付
2026-04-27 08:28,SA-234923,M01147,3C家電,Dyson 吹風機,14372,信用卡
2026-04-20 09:56,SA-612618,M00346,生活居家,3M 淨水器濾心,2461,LinePay
2026-04-24 22:22,SA-205315,M00933,母嬰用品,明治 金選奶粉,729,LinePay
2026-04-25 02:13,SA-760630,M00145,服飾配件,Levi's 501牛仔褲,3612,信用卡
2026-04-19 09:38,SA-213823,M01049,服飾配件,G-Shock 經典運動錶,3128,信用卡
2026-04-19 16:32,SA-889687,M01064,保健食品,娘家 益生菌,1177,信用卡
2026-04-07 05:12,SA-549695,M01090,3C家電,iPhone 15 Pro,34173,ATM轉帳
2026-04-28 17:48,SA-383350,M01415,3C家電,Nintendo Switch,9636,街口支付
2026-04-08 13:23,SA-258862,M00476,3C家電,Nintendo Switch,9452,信用卡
2026-04-18 12:48,SA-154084,M00387,保健食品,白蘭氏 雙認證雞精(盒),1334,LinePay
2026-04-20 08:42,SA-925402,M00188,母嬰用品,Combi 奶瓶消毒鍋,3170,信用卡
2026-04-29 22:18,SA-623515,M00313,母嬰用品,Joie 輕量雙向推車,6741,LinePay
2026-04-22 17:09,SA-851093,M00266,生活居家,TOTO 溫水洗淨便座,9870,信用卡
2026-04-18 05:15,SA-564134,M00253,母嬰用品,明治 金選奶粉,717,信用卡
2026-04-30 14:10,SA-323244,M00376,服飾配件,Ray-Ban 飛行員太陽眼鏡,5126,ATM轉帳
2026-04-20 05:14,SA-862940,M00674,服飾配件,Nike Air Force 1,3399,信用卡
2026-04-04 05:14,SA-288529,M01482,服飾配件,Ray-Ban 飛行員太陽眼鏡,5558,LinePay
2026-04-26 01:49,SA-462973,M00545,美妝保養,SK-II 青春露,5800,街口支付
2026-04-14 17:54,SA-859027,M01203,服飾配件,Ray-Ban 飛行員太陽眼鏡,5460,超商貨到付款
2026-04-12 14:45,SA-741832,M00276,美妝保養,蘭蔻 極光水,3429,信用卡
2026-04-07 03:01,SA-521979,M00756,服飾配件,Levi's 501牛仔褲,3639,LinePay
2026-04-17 01:37,SA-645036,M00316,生活居家,無印良品 PP收納盒,406,LinePay
2026-04-17 02:21,SA-634031,M01343,服飾配件,Ray-Ban 飛行員太陽眼鏡,5219,信用卡
2026-04-08 19:46,SA-773330,M00003,保健食品,娘家 益生菌,1085,信用卡
2026-04-26 14:19,SA-660791,M01237,美妝保養,資生堂 百優精純乳霜,2765,信用卡
2026-04-15 03:37,SA-383847,M01396,3C家電,Dyson 吹風機,13897,信用卡
2026-04-19 12:32,SA-675557,M01099,服飾配件,G-Shock 經典運動錶,2918,信用卡
2026-04-11 16:34,SA-386677,M01172,3C家電,iPhone 15 Pro,35865,信用卡
2026-04-04 04:46,SA-747556,M00231,服飾配件,Ray-Ban 飛行員太陽眼鏡,5429,超商貨到付款
2026-04-14 01:19,SA-324448,M01299,保健食品,白蘭氏 雙認證雞精(盒),1292,信用卡
2026-04-10 19:27,SA-155895,M00613,服飾配件,Nike Air Force 1,3390,信用卡
2026-04-19 13:27,SA-864022,M01301,美妝保養,理膚寶水 B5全面修復霜,810,信用卡
2026-04-16 11:58,SA-738444,M00475,母嬰用品,明治 金選奶粉,711,信用卡
2026-04-21 16:12,SA-832790,M00472,保健食品,桂格 大燕麥片,234,街口支付
2026-04-13 23:02,SA-286686,M00051,生活居家,3M 淨水器濾心,2471,信用卡
2026-04-20 14:29,SA-493977,M00952,服飾配件,Nike Air Force 1,3323,信用卡
2026-04-26 19:54,SA-455810,M00060,3C家電,Sony 降噪耳機,9992,信用卡
2026-04-18 23:00,SA-801059,M00366,美妝保養,資生堂 百優精純乳霜,2521,信用卡
2026-04-21 20:09,SA-877566,M01089,3C家電,Sony 降噪耳機,10152,LinePay
2026-04-25 06:42,SA-704472,M00382,3C家電,Sony 降噪耳機,10397,超商貨到付款
2026-04-20 01:18,SA-512889,M00460,3C家電,Nintendo Switch,9029,ATM轉帳
2026-04-07 09:42,SA-972474,M01060,生活居家,宜得利 N-COOL涼感床墊,1265,超商貨到付款
2026-04-19 04:00,SA-380976,M00963,3C家電,Apple Watch S9,12256,信用卡
2026-04-19 00:26,SA-620363,M00393,生活居家,舒潔 抽取式衛生紙(箱),834,信用卡
2026-04-17 07:46,SA-203095,M00755,美妝保養,蘭蔻 極光水,3465,LinePay
2026-04-10 18:41,SA-554883,M01384,服飾配件,Uniqlo 極暖發熱衣,730,超商貨到付款
2026-04-26 18:33,SA-637171,M00503,美妝保養,資生堂 百優精純乳霜,2622,超商貨到付款
2026-04-21 08:09,SA-412215,M00508,服飾配件,Ray-Ban 飛行員太陽眼鏡,5336,街口支付
2026-04-27 20:01,SA-559516,M00017,服飾配件,Levi's 501牛仔褲,3789,信用卡
2026-04-10 14:50,SA-555121,M01005,生活居家,舒潔 抽取式衛生紙(箱),885,信用卡
2026-04-28 07:12,SA-972485,M00627,美妝保養,理膚寶水 B5全面修復霜,796,信用卡
2026-04-23 16:53,SA-949991,M00602,3C家電,Nintendo Switch,9463,ATM轉帳
2026-04-23 16:40,SA-494719,M00768,母嬰用品,Joie 輕量雙向推車,6662,LinePay
2026-04-07 23:28,SA-136430,M01289,服飾配件,Nike Air Force 1,3373,信用卡
2026-04-15 01:34,SA-780106,M01103,服飾配件,Ray-Ban 飛行員太陽眼鏡,5590,LinePay
2026-04-29 22:22,SA-782957,M01380,服飾配件,Ray-Ban 飛行員太陽眼鏡,5499,街口支付
2026-04-06 06:30,SA-767253,M01246,保健食品,白蘭氏 雙認證雞精(盒),1343,信用卡
2026-04-02 03:06,SA-853705,M00321,生活居家,舒潔 抽取式衛生紙(箱),882,街口支付
2026-04-06 02:36,SA-733533,M00817,服飾配件,G-Shock 經典運動錶,3093,信用卡
2026-04-26 13:01,SA-424355,M01428,服飾配件,Levi's 501牛仔褲,3659,信用卡
2026-04-07 00:07,SA-632804,M00767,母嬰用品,Combi 奶瓶消毒鍋,3072,街口支付
2026-04-09 00:42,SA-858087,M00308,3C家電,iPhone 15 Pro,34218,信用卡
2026-04-25 00:47,SA-506648,M00951,母嬰用品,Combi 奶瓶消毒鍋,2980,超商貨到付款
2026-04-12 22:25,SA-416676,M00097,母嬰用品,貝親 寬口玻璃奶瓶,542,信用卡
2026-04-19 10:39,SA-109626,M00227,生活居家,3M 淨水器濾心,2294,ATM轉帳
2026-04-11 23:37,SA-419137,M01055,美妝保養,雅詩蘭黛 小棕瓶,4112,信用卡
2026-04-13 22:27,SA-789555,M00538,美妝保養,蘭蔻 極光水,3522,信用卡
2026-04-24 00:16,SA-187444,M01364,服飾配件,Uniqlo 極暖發熱衣,744,街口支付
2026-04-03 22:21,SA-502286,M00608,美妝保養,資生堂 百優精純乳霜,2538,LinePay
2026-04-08 17:57,SA-706593,M01320,3C家電,Dyson 吹風機,13804,LinePay
2026-04-12 11:24,SA-273721,M01210,美妝保養,理膚寶水 B5全面修復霜,876,信用卡
2026-04-02 02:09,SA-905124,M00534,美妝保養,蘭蔻 極光水,3356,信用卡
2026-04-21 14:48,SA-286760,M00947,3C家電,Nintendo Switch,8962,超商貨到付款
2026-04-10 07:30,SA-554175,M01369,服飾配件,Ray-Ban 飛行員太陽眼鏡,5151,LinePay
2026-04-10 16:53,SA-298905,M00393,美妝保養,SK-II 青春露,6122,LinePay
2026-04-23 08:37,SA-462418,M01297,3C家電,Apple Watch S9,12986,信用卡
2026-04-03 18:08,SA-226219,M01492,生活居家,舒潔 抽取式衛生紙(箱),829,LinePay
2026-04-23 08:33,SA-477906,M00042,3C家電,Sony 降噪耳機,9861,信用卡
2026-04-16 01:10,SA-110917,M00697,美妝保養,蘭蔻 極光水,3348,信用卡
2026-04-03 04:15,SA-598800,M00548,美妝保養,理膚寶水 B5全面修復霜,837,LinePay
2026-04-03 00:23,SA-905207,M00610,3C家電,iPhone 15 Pro,34622,超商貨到付款
2026-04-06 06:40,SA-814424,M00419,美妝保養,理膚寶水 B5全面修復霜,808,LinePay
2026-04-11 03:38,SA-296270,M00543,美妝保養,資生堂 百優精純乳霜,2556,街口支付
2026-04-07 16:18,SA-142212,M00455,生活居家,無印良品 PP收納盒,429,信用卡
2026-04-28 21:50,SA-795585,M01180,3C家電,Apple Watch S9,12919,信用卡
2026-04-18 19:17,SA-637039,M00923,3C家電,Apple Watch S9,12457,信用卡
2026-04-29 18:30,SA-433834,M01244,美妝保養,雅詩蘭黛 小棕瓶,3858,LinePay
2026-04-08 09:18,SA-499954,M01328,生活居家,宜得利 N-COOL涼感床墊,1239,LinePay
2026-04-18 10:03,SA-182044,M00361,母嬰用品,明治 金選奶粉,690,信用卡
2026-04-09 17:01,SA-830027,M00601,服飾配件,Levi's 501牛仔褲,3683,信用卡
2026-04-13 08:14,SA-656454,M00157,3C家電,iPhone 15 Pro,33758,超商貨到付款
2026-04-25 04:25,SA-224089,M01147,3C家電,Apple Watch S9,12638,信用卡
2026-04-12 18:18,SA-786239,M00621,美妝保養,理膚寶水 B5全面修復霜,838,信用卡
2026-04-11 23:39,SA-512838,M00884,美妝保養,資生堂 百優精純乳霜,2565,超商貨到付款
2026-04-21 20:44,SA-633292,M00895,3C家電,Dyson 吹風機,13622,LinePay
2026-04-17 03:01,SA-162409,M00865,3C家電,Dyson 吹風機,14480,LinePay
2026-04-20 02:56,SA-523233,M01477,3C家電,Apple Watch S9,13492,ATM轉帳
2026-04-24 22:20,SA-705481,M01187,母嬰用品,貝親 寬口玻璃奶瓶,579,超商貨到付款
2026-04-29 01:46,SA-725665,M01100,美妝保養,雅詩蘭黛 小棕瓶,3817,ATM轉帳
2026-04-13 05:19,SA-167782,M00922,服飾配件,Levi's 501牛仔褲,3781,信用卡
2026-04-28 17:31,SA-433039,M00181,服飾配件,Levi's 501牛仔褲,3672,超商貨到付款
2026-04-24 05:54,SA-971798,M00212,美妝保養,雅詩蘭黛 小棕瓶,3815,信用卡
2026-04-25 18:31,SA-221740,M00068,3C家電,Sony 降噪耳機,9868,超商貨到付款
2026-04-17 12:43,SA-989762,M00003,服飾配件,G-Shock 經典運動錶,2909,LinePay
2026-04-02 19:27,SA-196622,M01269,美妝保養,理膚寶水 B5全面修復霜,840,信用卡
2026-04-06 09:04,SA-969742,M01086,服飾配件,Ray-Ban 飛行員太陽眼鏡,5383,信用卡
2026-04-17 21:20,SA-225214,M00367,服飾配件,Levi's 501牛仔褲,3960,街口支付
2026-04-22 04:30,SA-253046,M01196,生活居家,無印良品 PP收納盒,430,信用卡
2026-04-17 15:54,SA-717360,M00580,母嬰用品,Joie 輕量雙向推車,6604,ATM轉帳
2026-04-09 20:45,SA-422691,M00349,3C家電,Dyson 吹風機,14363,信用卡
2026-04-08 11:36,SA-785706,M01498,生活居家,3M 淨水器濾心,2456,超商貨到付款
2026-04-01 17:51,SA-359048,M01410,美妝保養,資生堂 百優精純乳霜,2607,ATM轉帳
2026-04-09 03:44,SA-118595,M01027,母嬰用品,明治 金選奶粉,721,信用卡
2026-04-19 05:40,SA-794694,M01467,服飾配件,Nike Air Force 1,3152,信用卡
2026-04-11 12:33,SA-993021,M01096,服飾配件,G-Shock 經典運動錶,3168,LinePay
2026-04-08 04:57,SA-725329,M00255,母嬰用品,明治 金選奶粉,696,信用卡
2026-04-15 21:15,SA-620507,M01489,3C家電,Dyson 吹風機,13867,街口支付
2026-04-24 03:58,SA-713238,M01152,美妝保養,蘭蔻 極光水,3493,信用卡
2026-04-03 23:37,SA-156959,M00828,美妝保養,蘭蔻 極光水,3591,信用卡
2026-04-28 09:59,SA-148742,M01020,3C家電,Apple Watch S9,12408,街口支付
2026-04-22 11:00,SA-870189,M01476,生活居家,3M 淨水器濾心,2439,信用卡
2026-04-16 22:36,SA-520292,M00464,3C家電,Apple Watch S9,12852,信用卡
2026-04-13 07:46,SA-212237,M00909,美妝保養,SK-II 青春露,6049,街口支付
2026-04-23 15:42,SA-505515,M01388,3C家電,iPhone 15 Pro,34370,LinePay
2026-04-02 02:30,SA-955304,M01127,3C家電,LG 掃地機器人,14782,信用卡
2026-04-09 19:16,SA-207430,M01293,美妝保養,SK-II 青春露,5961,信用卡
2026-04-18 11:35,SA-784410,M01061,3C家電,Dyson 吹風機,14250,信用卡
2026-04-15 23:09,SA-993019,M01267,保健食品,白蘭氏 雙認證雞精(盒),1291,信用卡
2026-04-23 03:26,SA-387806,M00422,美妝保養,蘭蔻 極光水,3356,超商貨到付款
2026-04-16 06:44,SA-504051,M00509,美妝保養,SK-II 青春露,5717,信用卡
2026-04-30 05:28,SA-702128,M00868,服飾配件,Levi's 501牛仔褲,3909,信用卡
2026-04-19 08:27,SA-401145,M00745,生活居家,舒潔 抽取式衛生紙(箱),896,信用卡
2026-04-24 01:14,SA-927516,M00557,3C家電,Sony 降噪耳機,10668,超商貨到付款
2026-04-21 10:23,SA-822925,M00540,3C家電,LG 掃地機器人,15225,信用卡
2026-04-10 01:18,SA-653942,M01159,美妝保養,資生堂 百優精純乳霜,2775,超商貨到付款
2026-04-06 01:03,SA-767732,M00519,美妝保養,雅詩蘭黛 小棕瓶,3914,信用卡
2026-04-02 14:07,SA-823768,M00643,3C家電,Apple Watch S9,12587,LinePay
2026-04-26 10:43,SA-169623,M01289,服飾配件,Nike Air Force 1,3210,LinePay
2026-04-25 10:11,SA-674805,M00113,母嬰用品,Combi 奶瓶消毒鍋,3029,信用卡
2026-04-02 06:12,SA-452642,M01498,生活居家,無印良品 PP收納盒,443,信用卡
2026-04-23 03:42,SA-164814,M00043,美妝保養,SK-II 青春露,5732,LinePay
2026-04-06 17:29,SA-242108,M00974,服飾配件,Levi's 501牛仔褲,3683,LinePay
2026-04-24 06:10,SA-790000,M00059,美妝保養,雅詩蘭黛 小棕瓶,4170,LinePay
2026-04-01 14:07,SA-786985,M00614,3C家電,Apple Watch S9,12935,街口支付
2026-04-29 16:20,SA-288565,M00864,美妝保養,理膚寶水 B5全面修復霜,836,超商貨到付款
2026-04-19 02:43,SA-320098,M00047,美妝保養,蘭蔻 極光水,3254,ATM轉帳
2026-04-10 22:01,SA-268130,M00908,生活居家,3M 淨水器濾心,2458,LinePay
2026-04-18 04:51,SA-130361,M00604,母嬰用品,幫寶適 一級幫紙尿褲(箱),1512,街口支付
2026-04-09 02:45,SA-151842,M00478,服飾配件,Ray-Ban 飛行員太陽眼鏡,5530,LinePay
2026-04-19 05:13,SA-230820,M00931,生活居家,TOTO 溫水洗淨便座,9792,信用卡
2026-04-27 01:50,SA-713300,M00528,母嬰用品,明治 金選奶粉,738,信用卡
2026-04-12 18:14,SA-356899,M00126,3C家電,Dyson 吹風機,13672,信用卡
2026-04-07 19:41,SA-272963,M01235,美妝保養,雅詩蘭黛 小棕瓶,3797,超商貨到付款
2026-04-23 15:55,SA-705778,M01416,3C家電,Nintendo Switch,8990,信用卡
2026-04-10 12:17,SA-619575,M01497,3C家電,Apple Watch S9,13453,超商貨到付款
2026-04-07 12:48,SA-498353,M00254,生活居家,3M 淨水器濾心,2364,街口支付
2026-04-04 13:33,SA-413040,M00162,美妝保養,理膚寶水 B5全面修復霜,813,超商貨到付款
2026-04-14 03:55,SA-315536,M00406,3C家電,Dyson 吹風機,13282,信用卡
2026-04-26 08:55,SA-226949,M00412,服飾配件,Ray-Ban 飛行員太陽眼鏡,5484,信用卡
2026-04-20 12:04,SA-688371,M00708,美妝保養,理膚寶水 B5全面修復霜,805,街口支付
2026-04-09 23:33,SA-294640,M00237,美妝保養,資生堂 百優精純乳霜,2585,信用卡
2026-04-04 16:59,SA-855734,M00290,服飾配件,G-Shock 經典運動錶,3001,信用卡
2026-04-27 20:51,SA-945379,M00687,服飾配件,G-Shock 經典運動錶,2886,信用卡
2026-04-14 05:29,SA-677488,M00340,生活居家,宜得利 N-COOL涼感床墊,1260,信用卡
2026-04-22 01:35,SA-268430,M00904,生活居家,宜得利 N-COOL涼感床墊,1203,信用卡
2026-04-16 15:52,SA-796738,M01214,美妝保養,資生堂 百優精純乳霜,2560,信用卡
2026-04-14 21:14,SA-336799,M00628,3C家電,Dyson 吹風機,13973,信用卡
2026-04-14 07:56,SA-440815,M00775,服飾配件,Ray-Ban 飛行員太陽眼鏡,5143,LinePay
2026-04-04 12:56,SA-560555,M00556,3C家電,iPhone 15 Pro,33637,LinePay
2026-04-11 11:36,SA-845668,M00447,美妝保養,理膚寶水 B5全面修復霜,816,LinePay
2026-04-10 13:30,SA-255924,M00753,美妝保養,理膚寶水 B5全面修復霜,828,街口支付
2026-04-14 15:35,SA-447071,M01491,生活居家,無印良品 PP收納盒,426,超商貨到付款
2026-04-25 08:11,SA-284556,M00831,服飾配件,G-Shock 經典運動錶,2894,LinePay
2026-04-29 07:28,SA-428087,M00801,美妝保養,資生堂 百優精純乳霜,2587,信用卡
2026-04-05 08:37,SA-324108,M00958,3C家電,Apple Watch S9,12634,超商貨到付款
2026-04-22 02:40,SA-981118,M00297,3C家電,Nintendo Switch,8818,信用卡
2026-04-10 00:34,SA-296488,M01114,服飾配件,Levi's 501牛仔褲,3886,LinePay
2026-04-18 01:00,SA-292954,M01479,3C家電,Apple Watch S9,13457,信用卡
2026-04-13 08:15,SA-166212,M01330,美妝保養,SK-II 青春露,5786,LinePay
2026-04-23 04:03,SA-319544,M00040,服飾配件,Nike Air Force 1,3250,LinePay
2026-04-03 05:41,SA-762884,M00480,美妝保養,資生堂 百優精純乳霜,2708,超商貨到付款
2026-04-10 06:19,SA-941516,M00653,美妝保養,蘭蔻 極光水,3337,LinePay
2026-04-22 06:59,SA-684252,M00821,美妝保養,雅詩蘭黛 小棕瓶,3786,街口支付
2026-04-06 17:47,SA-136618,M01087,母嬰用品,Combi 奶瓶消毒鍋,3262,信用卡
2026-04-21 07:38,SA-965057,M01209,美妝保養,蘭蔻 極光水,3404,LinePay
2026-04-18 07:46,SA-766262,M01255,服飾配件,Levi's 501牛仔褲,3956,超商貨到付款
2026-04-11 14:51,SA-533591,M01003,美妝保養,資生堂 百優精純乳霜,2636,街口支付
2026-04-24 21:55,SA-906959,M00059,服飾配件,Levi's 501牛仔褲,3934,信用卡
2026-04-04 01:36,SA-830814,M01187,保健食品,善存 綜合維他命,889,信用卡
2026-04-03 09:08,SA-735229,M00641,3C家電,Dyson 吹風機,13744,超商貨到付款
2026-04-20 00:26,SA-352014,M00520,服飾配件,G-Shock 經典運動錶,3111,LinePay
2026-04-24 15:55,SA-440074,M00111,生活居家,3M 淨水器濾心,2373,ATM轉帳
2026-04-29 01:54,SA-740830,M00329,服飾配件,Levi's 501牛仔褲,3831,ATM轉帳
2026-04-22 20:55,SA-853216,M01296,生活居家,舒潔 抽取式衛生紙(箱),849,超商貨到付款
2026-04-23 00:34,SA-801960,M00373,保健食品,娘家 益生菌,1117,信用卡
2026-04-07 16:33,SA-367408,M01192,生活居家,TOTO 溫水洗淨便座,9516,LinePay
2026-04-21 21:56,SA-494776,M01151,美妝保養,理膚寶水 B5全面修復霜,859,街口支付
2026-04-30 11:07,SA-689526,M01480,服飾配件,Ray-Ban 飛行員太陽眼鏡,5506,街口支付
2026-04-30 11:57,SA-394517,M01134,3C家電,LG 掃地機器人,15677,信用卡
2026-04-03 13:45,SA-177902,M01212,服飾配件,Nike Air Force 1,3319,信用卡
2026-04-28 13:03,SA-861770,M01203,生活居家,無印良品 PP收納盒,412,LinePay
2026-04-20 22:16,SA-631820,M01135,母嬰用品,貝親 寬口玻璃奶瓶,562,信用卡
2026-04-03 08:42,SA-281442,M00215,服飾配件,Uniqlo 極暖發熱衣,761,ATM轉帳
2026-04-09 14:55,SA-518108,M00604,服飾配件,Uniqlo 極暖發熱衣,758,信用卡
2026-04-15 12:59,SA-655681,M00721,生活居家,宜得利 N-COOL涼感床墊,1214,LinePay
2026-04-13 14:42,SA-780770,M01144,美妝保養,雅詩蘭黛 小棕瓶,4019,信用卡
2026-04-15 14:36,SA-653546,M00020,美妝保養,資生堂 百優精純乳霜,2577,信用卡
2026-04-18 08:07,SA-955187,M00760,美妝保養,理膚寶水 B5全面修復霜,843,LinePay
2026-04-18 01:05,SA-306051,M00105,美妝保養,理膚寶水 B5全面修復霜,810,街口支付
2026-04-07 16:23,SA-392113,M00684,生活居家,宜得利 N-COOL涼感床墊,1271,信用卡
2026-04-07 00:46,SA-900993,M00044,3C家電,Sony 降噪耳機,10268,信用卡
2026-04-28 04:23,SA-597290,M01494,生活居家,宜得利 N-COOL涼感床墊,1171,信用卡
2026-04-29 17:27,SA-801164,M01454,母嬰用品,明治 金選奶粉,741,LinePay
2026-04-13 06:41,SA-183231,M00061,美妝保養,資生堂 百優精純乳霜,2539,信用卡
2026-04-09 05:58,SA-753318,M00686,服飾配件,G-Shock 經典運動錶,3063,超商貨到付款
2026-04-29 12:13,SA-559729,M00107,3C家電,Dyson 吹風機,14242,街口支付
2026-04-04 09:39,SA-709204,M00065,生活居家,無印良品 PP收納盒,423,信用卡
2026-04-12 08:23,SA-226960,M00340,美妝保養,雅詩蘭黛 小棕瓶,4087,ATM轉帳
2026-04-20 10:51,SA-438676,M00039,服飾配件,G-Shock 經典運動錶,2993,信用卡
2026-04-27 05:30,SA-864854,M00543,保健食品,娘家 益生菌,1179,ATM轉帳
2026-04-26 10:44,SA-618159,M01254,母嬰用品,Combi 奶瓶消毒鍋,3183,信用卡
2026-04-30 04:58,SA-781063,M01099,美妝保養,理膚寶水 B5全面修復霜,819,信用卡
2026-04-01 07:14,SA-114317,M00481,母嬰用品,幫寶適 一級幫紙尿褲(箱),1580,LinePay
2026-04-29 06:24,SA-668614,M01483,服飾配件,Ray-Ban 飛行員太陽眼鏡,5524,街口支付
2026-04-28 18:30,SA-217165,M00904,生活居家,TOTO 溫水洗淨便座,8975,信用卡
2026-04-24 15:01,SA-254158,M01192,生活居家,無印良品 PP收納盒,449,LinePay
2026-04-11 05:43,SA-394710,M00859,美妝保養,雅詩蘭黛 小棕瓶,4089,信用卡
2026-04-26 23:45,SA-327678,M01177,3C家電,Nintendo Switch,9026,信用卡
2026-04-04 10:11,SA-318757,M00253,服飾配件,Ray-Ban 飛行員太陽眼鏡,5303,信用卡
2026-04-26 19:23,SA-190607,M00485,3C家電,iPhone 15 Pro,33526,信用卡
2026-04-28 21:44,SA-848188,M00933,服飾配件,Nike Air Force 1,3114,LinePay
2026-04-30 01:53,SA-423790,M01380,服飾配件,Ray-Ban 飛行員太陽眼鏡,5281,信用卡
2026-04-18 13:00,SA-521898,M01210,3C家電,Dyson 吹風機,14457,LinePay
2026-04-26 10:07,SA-823931,M00600,3C家電,LG 掃地機器人,15409,信用卡
2026-04-22 06:48,SA-586924,M01485,服飾配件,Nike Air Force 1,3298,LinePay
2026-04-05 15:49,SA-825703,M00614,服飾配件,Uniqlo 極暖發熱衣,777,信用卡
2026-04-20 15:51,SA-959643,M00158,美妝保養,理膚寶水 B5全面修復霜,845,超商貨到付款
2026-04-20 18:30,SA-428544,M01153,服飾配件,Levi's 501牛仔褲,3868,超商貨到付款
2026-04-30 10:22,SA-545844,M01193,3C家電,LG 掃地機器人,15596,LinePay
2026-04-21 14:16,SA-391337,M01420,美妝保養,蘭蔻 極光水,3552,信用卡
2026-04-04 12:09,SA-629078,M00762,服飾配件,Nike Air Force 1,3389,信用卡
2026-04-28 02:55,SA-235637,M00539,母嬰用品,貝親 寬口玻璃奶瓶,545,信用卡
2026-04-02 18:01,SA-232575,M00398,3C家電,Apple Watch S9,12877,信用卡
2026-04-28 19:36,SA-103367,M01010,美妝保養,蘭蔻 極光水,3580,超商貨到付款
2026-04-22 04:18,SA-934329,M00778,保健食品,娘家 益生菌,1173,LinePay
2026-04-13 22:58,SA-749258,M01320,母嬰用品,Combi 奶瓶消毒鍋,3285,超商貨到付款
2026-04-28 11:36,SA-609779,M00491,服飾配件,Uniqlo 極暖發熱衣,717,街口支付
2026-04-15 13:11,SA-340461,M01252,母嬰用品,幫寶適 一級幫紙尿褲(箱),1559,信用卡
2026-04-04 14:50,SA-866442,M00913,3C家電,Apple Watch S9,12575,街口支付
2026-04-13 21:42,SA-774406,M01356,生活居家,3M 淨水器濾心,2288,ATM轉帳
2026-04-07 03:27,SA-751098,M00357,美妝保養,蘭蔻 極光水,3549,信用卡
2026-04-19 14:19,SA-883349,M00946,母嬰用品,貝親 寬口玻璃奶瓶,568,ATM轉帳
2026-04-07 14:05,SA-377108,M00867,3C家電,LG 掃地機器人,14787,信用卡
2026-04-24 02:53,SA-817680,M01099,生活居家,無印良品 PP收納盒,432,信用卡
2026-04-06 03:18,SA-427972,M01234,生活居家,TOTO 溫水洗淨便座,9821,信用卡
2026-04-28 05:19,SA-441442,M00471,3C家電,LG 掃地機器人,15106,信用卡
2026-04-10 17:38,SA-682748,M01430,3C家電,Sony 降噪耳機,10846,LinePay
2026-04-09 08:35,SA-330729,M00063,美妝保養,雅詩蘭黛 小棕瓶,4051,信用卡
2026-04-08 14:49,SA-100062,M00285,服飾配件,G-Shock 經典運動錶,3121,信用卡
2026-04-13 00:54,SA-499519,M00040,生活居家,宜得利 N-COOL涼感床墊,1235,信用卡
2026-04-18 13:30,SA-360279,M01439,美妝保養,理膚寶水 B5全面修復霜,871,超商貨到付款
2026-04-05 00:33,SA-134273,M00195,美妝保養,資生堂 百優精純乳霜,2559,信用卡
2026-04-11 05:42,SA-824664,M00235,3C家電,Sony 降噪耳機,10112,信用卡
2026-04-12 04:46,SA-809255,M01337,美妝保養,SK-II 青春露,5833,信用卡
2026-04-10 09:51,SA-723030,M01254,保健食品,桂格 大燕麥片,223,超商貨到付款
2026-04-02 01:01,SA-310263,M00574,服飾配件,Ray-Ban 飛行員太陽眼鏡,5317,信用卡
2026-04-17 01:52,SA-677652,M01168,3C家電,Dyson 吹風機,13954,LinePay
2026-04-15 16:24,SA-337536,M00865,服飾配件,G-Shock 經典運動錶,3048,信用卡
2026-04-06 22:50,SA-524468,M01000,服飾配件,Levi's 501牛仔褲,3626,超商貨到付款
2026-04-23 05:33,SA-872045,M01090,3C家電,LG 掃地機器人,15624,信用卡
2026-04-15 19:52,SA-917461,M00716,3C家電,LG 掃地機器人,14385,信用卡
2026-04-15 13:30,SA-882542,M00241,保健食品,娘家 益生菌,1143,信用卡
2026-04-09 03:35,SA-664445,M00636,母嬰用品,Combi 奶瓶消毒鍋,2987,ATM轉帳
2026-04-16 11:25,SA-412521,M00775,美妝保養,理膚寶水 B5全面修復霜,837,信用卡
2026-04-18 15:31,SA-327295,M01274,服飾配件,Levi's 501牛仔褲,3843,ATM轉帳
2026-04-03 14:35,SA-503029,M01112,美妝保養,雅詩蘭黛 小棕瓶,3978,LinePay
2026-04-28 19:27,SA-369000,M01329,生活居家,TOTO 溫水洗淨便座,9419,街口支付
2026-04-21 09:36,SA-839859,M00509,生活居家,無印良品 PP收納盒,415,LinePay
2026-04-18 11:10,SA-280526,M00300,服飾配件,Uniqlo 極暖發熱衣,774,ATM轉帳
2026-04-29 22:02,SA-342856,M00506,美妝保養,蘭蔻 極光水,3445,街口支付
2026-04-09 14:22,SA-418763,M00984,美妝保養,理膚寶水 B5全面修復霜,804,信用卡
2026-04-07 15:24,SA-350729,M01015,生活居家,宜得利 N-COOL涼感床墊,1250,信用卡
2026-04-28 11:56,SA-625032,M00338,保健食品,娘家 益生菌,1144,街口支付
2026-04-10 05:27,SA-321766,M00184,保健食品,桂格 大燕麥片,227,LinePay
2026-04-05 19:02,SA-118973,M00838,3C家電,Apple Watch S9,12534,街口支付
2026-04-27 23:21,SA-662668,M00661,3C家電,Dyson 吹風機,14084,信用卡
2026-04-25 03:56,SA-966200,M00507,母嬰用品,貝親 寬口玻璃奶瓶,574,信用卡
2026-04-21 09:56,SA-543625,M00320,生活居家,TOTO 溫水洗淨便座,9304,信用卡
2026-04-04 14:50,SA-515765,M01354,服飾配件,Uniqlo 極暖發熱衣,765,LinePay
2026-04-27 16:48,SA-321276,M00889,母嬰用品,Joie 輕量雙向推車,6527,LinePay
2026-04-13 13:32,SA-136683,M00151,母嬰用品,貝親 寬口玻璃奶瓶,564,信用卡
2026-04-01 03:51,SA-108708,M00815,母嬰用品,Joie 輕量雙向推車,6449,超商貨到付款
2026-04-05 11:26,SA-542205,M00689,美妝保養,雅詩蘭黛 小棕瓶,4007,信用卡
2026-04-15 09:23,SA-358364,M01238,服飾配件,Ray-Ban 飛行員太陽眼鏡,5155,信用卡
2026-04-27 07:55,SA-395228,M00295,服飾配件,Ray-Ban 飛行員太陽眼鏡,5513,超商貨到付款
2026-04-23 10:20,SA-939772,M00934,生活居家,無印良品 PP收納盒,430,街口支付
2026-04-07 12:37,SA-931705,M00209,美妝保養,SK-II 青春露,6040,信用卡
2026-04-19 04:51,SA-216216,M00067,美妝保養,蘭蔻 極光水,3391,ATM轉帳
2026-04-24 11:10,SA-271372,M00806,服飾配件,Levi's 501牛仔褲,3634,信用卡
2026-04-18 12:18,SA-188018,M01071,生活居家,3M 淨水器濾心,2246,信用卡
2026-04-10 20:53,SA-459200,M00414,生活居家,3M 淨水器濾心,2288,LinePay
2026-04-11 02:53,SA-536585,M00159,美妝保養,SK-II 青春露,5953,信用卡
2026-04-19 00:57,SA-866249,M01401,3C家電,iPhone 15 Pro,34256,LinePay
2026-04-04 01:09,SA-636917,M01014,美妝保養,雅詩蘭黛 小棕瓶,3899,信用卡
2026-04-21 17:27,SA-303229,M00096,3C家電,LG 掃地機器人,15550,信用卡
2026-04-28 20:23,SA-413020,M00748,3C家電,Dyson 吹風機,14474,LinePay
2026-04-19 00:54,SA-964475,M00227,服飾配件,G-Shock 經典運動錶,3052,信用卡
2026-04-28 13:42,SA-707256,M00393,母嬰用品,貝親 寬口玻璃奶瓶,571,信用卡
2026-04-22 21:24,SA-755657,M01389,3C家電,iPhone 15 Pro,33558,信用卡
2026-04-26 18:15,SA-678104,M00081,美妝保養,理膚寶水 B5全面修復霜,792,LinePay
2026-04-06 11:10,SA-975839,M01368,服飾配件,Ray-Ban 飛行員太陽眼鏡,5291,LinePay
2026-04-18 06:28,SA-813097,M01302,美妝保養,蘭蔻 極光水,3432,信用卡
2026-04-05 17:41,SA-486264,M00106,生活居家,3M 淨水器濾心,2371,街口支付
2026-04-22 00:20,SA-330980,M00904,服飾配件,G-Shock 經典運動錶,3179,信用卡
2026-04-07 04:39,SA-579605,M01330,生活居家,宜得利 N-COOL涼感床墊,1249,信用卡
2026-04-29 11:15,SA-133966,M01288,美妝保養,蘭蔻 極光水,3349,超商貨到付款
2026-04-12 15:19,SA-202379,M01450,服飾配件,G-Shock 經典運動錶,2902,LinePay
2026-04-15 03:08,SA-884246,M00862,3C家電,Apple Watch S9,12336,LinePay
2026-04-03 02:40,SA-946633,M00538,美妝保養,資生堂 百優精純乳霜,2662,信用卡
2026-04-22 20:11,SA-986036,M00862,3C家電,Sony 降噪耳機,9819,信用卡
2026-04-29 08:36,SA-821153,M00504,3C家電,Dyson 吹風機,13779,信用卡
2026-04-12 00:07,SA-406077,M00446,服飾配件,Uniqlo 極暖發熱衣,758,街口支付
2026-04-26 10:03,SA-458765,M00639,服飾配件,Uniqlo 極暖發熱衣,731,信用卡
2026-04-16 05:01,SA-901053,M01153,3C家電,Sony 降噪耳機,10144,信用卡
2026-04-14 19:28,SA-235843,M01212,3C家電,Nintendo Switch,9042,信用卡
2026-04-07 00:50,SA-236465,M00722,美妝保養,SK-II 青春露,6113,ATM轉帳
2026-04-14 22:43,SA-408751,M00770,生活居家,宜得利 N-COOL涼感床墊,1205,信用卡
2026-04-08 15:54,SA-764203,M00535,3C家電,Apple Watch S9,12704,信用卡
2026-04-21 10:41,SA-829863,M00957,美妝保養,理膚寶水 B5全面修復霜,837,LinePay
2026-04-16 10:45,SA-458916,M00373,美妝保養,雅詩蘭黛 小棕瓶,3959,信用卡
2026-04-30 03:29,SA-165281,M00230,生活居家,宜得利 N-COOL涼感床墊,1189,信用卡
2026-04-29 08:34,SA-536230,M01336,3C家電,LG 掃地機器人,14874,街口支付
2026-04-27 11:09,SA-908843,M00201,3C家電,iPhone 15 Pro,33372,信用卡
2026-04-23 01:30,SA-927265,M00659,美妝保養,理膚寶水 B5全面修復霜,823,LinePay
2026-04-06 01:30,SA-496311,M00051,母嬰用品,Combi 奶瓶消毒鍋,3192,超商貨到付款
2026-04-12 13:42,SA-933801,M00754,服飾配件,Uniqlo 極暖發熱衣,737,超商貨到付款
2026-04-12 18:53,SA-744289,M01071,美妝保養,SK-II 青春露,6233,LinePay
2026-04-22 22:53,SA-903903,M00462,3C家電,Apple Watch S9,13397,ATM轉帳
2026-04-23 19:01,SA-297090,M00074,母嬰用品,Joie 輕量雙向推車,6478,信用卡
2026-04-17 04:47,SA-712818,M00922,3C家電,Nintendo Switch,9429,LinePay
2026-04-02 16:49,SA-289880,M00483,生活居家,TOTO 溫水洗淨便座,9559,街口支付
2026-04-18 16:24,SA-413422,M00862,保健食品,善存 綜合維他命,900,LinePay
2026-04-30 13:53,SA-533845,M01154,美妝保養,理膚寶水 B5全面修復霜,840,ATM轉帳
2026-04-07 14:15,SA-341378,M01085,3C家電,LG 掃地機器人,15245,LinePay
2026-04-21 04:27,SA-707932,M00621,3C家電,Sony 降噪耳機,10714,信用卡
2026-04-24 05:38,SA-385324,M00084,服飾配件,Uniqlo 極暖發熱衣,730,超商貨到付款
2026-04-21 02:51,SA-596827,M00567,3C家電,iPhone 15 Pro,34073,信用卡
2026-04-17 13:08,SA-133462,M00054,3C家電,Sony 降噪耳機,9832,信用卡
2026-04-26 14:52,SA-252407,M01006,美妝保養,理膚寶水 B5全面修復霜,833,信用卡
2026-04-14 11:09,SA-140417,M01500,美妝保養,雅詩蘭黛 小棕瓶,3990,ATM轉帳
2026-04-30 06:33,SA-220532,M00557,服飾配件,G-Shock 經典運動錶,2942,街口支付
2026-04-05 07:32,SA-572865,M01034,3C家電,Apple Watch S9,13258,信用卡
2026-04-23 10:58,SA-797505,M01425,生活居家,舒潔 抽取式衛生紙(箱),811,超商貨到付款
2026-04-16 03:19,SA-372838,M00949,3C家電,Nintendo Switch,9511,信用卡
2026-04-06 04:07,SA-567221,M00056,美妝保養,資生堂 百優精純乳霜,2523,信用卡
2026-04-07 22:35,SA-420528,M00689,生活居家,舒潔 抽取式衛生紙(箱),840,信用卡
2026-04-09 06:03,SA-791339,M01345,生活居家,TOTO 溫水洗淨便座,9312,超商貨到付款
2026-04-07 22:21,SA-486007,M00540,服飾配件,Ray-Ban 飛行員太陽眼鏡,5529,街口支付
2026-04-04 05:12,SA-767967,M00761,美妝保養,蘭蔻 極光水,3270,LinePay
2026-04-10 18:19,SA-509902,M01285,母嬰用品,Combi 奶瓶消毒鍋,3282,信用卡
2026-04-26 06:45,SA-152312,M00148,服飾配件,G-Shock 經典運動錶,3003,信用卡
2026-04-07 11:40,SA-735522,M01298,服飾配件,Levi's 501牛仔褲,3598,ATM轉帳
2026-04-11 09:24,SA-725214,M01075,美妝保養,理膚寶水 B5全面修復霜,810,街口支付
2026-04-21 18:42,SA-858930,M01173,生活居家,3M 淨水器濾心,2466,LinePay
2026-04-20 16:50,SA-341222,M00315,生活居家,TOTO 溫水洗淨便座,9259,信用卡
2026-04-17 20:30,SA-874607,M01229,美妝保養,理膚寶水 B5全面修復霜,853,LinePay
2026-04-30 02:06,SA-167878,M01257,服飾配件,Levi's 501牛仔褲,3619,LinePay
2026-04-10 10:41,SA-959608,M00680,美妝保養,理膚寶水 B5全面修復霜,826,信用卡
2026-04-29 05:37,SA-867085,M00577,美妝保養,SK-II 青春露,5928,超商貨到付款
2026-04-19 00:41,SA-392231,M00190,3C家電,LG 掃地機器人,15645,信用卡
2026-04-27 19:48,SA-966412,M01156,3C家電,Sony 降噪耳機,10279,信用卡
2026-04-11 22:09,SA-681970,M01397,美妝保養,理膚寶水 B5全面修復霜,797,超商貨到付款
2026-04-13 05:05,SA-604902,M00806,美妝保養,SK-II 青春露,6147,超商貨到付款
2026-04-10 18:20,SA-161279,M00304,母嬰用品,Joie 輕量雙向推車,6160,LinePay
2026-04-01 21:39,SA-224731,M00214,保健食品,白蘭氏 雙認證雞精(盒),1285,超商貨到付款
2026-04-21 11:45,SA-134678,M01033,生活居家,舒潔 抽取式衛生紙(箱),885,信用卡
2026-04-01 10:21,SA-823067,M01102,3C家電,Dyson 吹風機,13442,信用卡
2026-04-18 07:51,SA-431088,M00582,母嬰用品,明治 金選奶粉,715,ATM轉帳
2026-04-19 12:19,SA-199584,M00195,保健食品,善存 綜合維他命,901,信用卡
2026-04-14 00:15,SA-825904,M00896,3C家電,Apple Watch S9,12930,信用卡
2026-04-27 23:14,SA-563973,M00882,3C家電,Nintendo Switch,9238,信用卡
2026-04-27 11:30,SA-308806,M00400,服飾配件,Nike Air Force 1,3187,信用卡
2026-04-15 20:23,SA-884238,M01214,美妝保養,雅詩蘭黛 小棕瓶,4125,超商貨到付款
2026-04-29 11:13,SA-295916,M01463,服飾配件,Levi's 501牛仔褲,3887,信用卡
2026-04-23 07:43,SA-881719,M00752,服飾配件,Nike Air Force 1,3213,超商貨到付款
2026-04-11 09:36,SA-951607,M00046,生活居家,舒潔 抽取式衛生紙(箱),818,街口支付
2026-04-30 09:10,SA-889649,M00775,美妝保養,蘭蔻 極光水,3464,超商貨到付款
2026-04-17 06:03,SA-980551,M00291,3C家電,Dyson 吹風機,13883,街口支付
2026-04-03 07:10,SA-598269,M00956,3C家電,Nintendo Switch,8883,信用卡
2026-04-01 14:08,SA-833328,M00568,服飾配件,Ray-Ban 飛行員太陽眼鏡,5139,街口支付
2026-04-01 13:51,SA-226688,M00158,生活居家,舒潔 抽取式衛生紙(箱),841,ATM轉帳
2026-04-23 08:58,SA-439743,M00681,服飾配件,Nike Air Force 1,3263,超商貨到付款
2026-04-30 14:41,SA-577291,M01411,生活居家,舒潔 抽取式衛生紙(箱),843,超商貨到付款
2026-04-14 12:45,SA-875806,M01359,生活居家,舒潔 抽取式衛生紙(箱),869,街口支付
2026-04-07 08:40,SA-442202,M01014,3C家電,iPhone 15 Pro,34669,信用卡
2026-04-12 21:26,SA-159398,M01467,服飾配件,Nike Air Force 1,3192,LinePay
2026-04-18 00:12,SA-628857,M01364,美妝保養,雅詩蘭黛 小棕瓶,3801,LinePay
2026-04-26 13:01,SA-942737,M00777,美妝保養,雅詩蘭黛 小棕瓶,4083,信用卡
2026-04-12 04:55,SA-218453,M00599,3C家電,Sony 降噪耳機,10373,超商貨到付款
2026-04-27 13:17,SA-236641,M00120,3C家電,LG 掃地機器人,14720,信用卡
2026-04-21 03:16,SA-784941,M01166,美妝保養,SK-II 青春露,6178,信用卡
2026-04-16 20:56,SA-847220,M00080,美妝保養,SK-II 青春露,5958,信用卡
2026-04-28 14:33,SA-102303,M00187,美妝保養,雅詩蘭黛 小棕瓶,3810,信用卡
2026-04-02 16:56,SA-135866,M00443,3C家電,LG 掃地機器人,14405,超商貨到付款
2026-04-14 13:58,SA-624473,M00061,生活居家,TOTO 溫水洗淨便座,9339,超商貨到付款
2026-04-03 00:38,SA-730244,M00459,服飾配件,Uniqlo 極暖發熱衣,744,信用卡
2026-04-06 22:26,SA-818194,M00627,生活居家,宜得利 N-COOL涼感床墊,1249,信用卡
2026-04-02 08:32,SA-951382,M01032,生活居家,3M 淨水器濾心,2448,街口支付
2026-04-30 00:58,SA-785475,M00938,服飾配件,G-Shock 經典運動錶,3012,LinePay
2026-04-26 01:54,SA-296409,M00705,3C家電,Nintendo Switch,8806,信用卡
2026-04-23 04:27,SA-596068,M00587,3C家電,Dyson 吹風機,13980,信用卡
2026-04-21 20:25,SA-122408,M00700,美妝保養,SK-II 青春露,6026,超商貨到付款
2026-04-05 17:41,SA-465273,M00692,母嬰用品,Joie 輕量雙向推車,6336,超商貨到付款
2026-04-26 05:24,SA-964948,M00734,服飾配件,Nike Air Force 1,3387,ATM轉帳
2026-04-15 17:50,SA-169963,M01325,美妝保養,SK-II 青春露,5784,信用卡
2026-04-06 10:02,SA-448054,M00934,生活居家,舒潔 抽取式衛生紙(箱),818,信用卡
2026-04-14 10:26,SA-523696,M01480,3C家電,iPhone 15 Pro,36735,超商貨到付款
2026-04-12 05:10,SA-957215,M00357,3C家電,Dyson 吹風機,14137,信用卡
2026-04-27 07:53,SA-352557,M01161,母嬰用品,Joie 輕量雙向推車,6502,LinePay
2026-04-14 14:51,SA-993787,M00937,服飾配件,Ray-Ban 飛行員太陽眼鏡,5049,LinePay
2026-04-07 15:57,SA-899838,M00712,服飾配件,Nike Air Force 1,3250,LinePay
2026-04-18 13:33,SA-512813,M00355,生活居家,3M 淨水器濾心,2355,信用卡
2026-04-07 12:13,SA-141175,M00747,美妝保養,資生堂 百優精純乳霜,2614,ATM轉帳
2026-04-08 01:14,SA-368533,M00149,生活居家,3M 淨水器濾心,2305,信用卡
2026-04-16 06:41,SA-687445,M00499,美妝保養,理膚寶水 B5全面修復霜,817,街口支付
2026-04-26 09:01,SA-814673,M00839,3C家電,Nintendo Switch,9615,超商貨到付款
2026-04-11 04:25,SA-334788,M00844,母嬰用品,幫寶適 一級幫紙尿褲(箱),1571,信用卡
2026-04-22 04:59,SA-968159,M00598,母嬰用品,貝親 寬口玻璃奶瓶,553,信用卡
2026-04-12 13:34,SA-496734,M01079,服飾配件,Levi's 501牛仔褲,3855,LinePay
2026-04-27 16:55,SA-852775,M01456,服飾配件,Nike Air Force 1,3269,信用卡
2026-04-08 17:46,SA-180211,M01126,美妝保養,雅詩蘭黛 小棕瓶,4020,信用卡
2026-04-29 19:16,SA-996685,M00254,美妝保養,蘭蔻 極光水,3495,LinePay
2026-04-29 12:25,SA-815382,M00645,美妝保養,理膚寶水 B5全面修復霜,872,超商貨到付款
2026-04-12 00:01,SA-296028,M00411,母嬰用品,貝親 寬口玻璃奶瓶,559,街口支付
2026-04-18 23:32,SA-428845,M00799,服飾配件,Ray-Ban 飛行員太陽眼鏡,5101,LinePay
2026-04-06 22:55,SA-959767,M00539,母嬰用品,貝親 寬口玻璃奶瓶,565,信用卡
2026-04-13 06:19,SA-572878,M00342,服飾配件,Uniqlo 極暖發熱衣,764,ATM轉帳
2026-04-02 18:31,SA-797090,M00486,生活居家,3M 淨水器濾心,2366,信用卡
2026-04-17 21:06,SA-394005,M01415,美妝保養,SK-II 青春露,5842,信用卡
2026-04-20 18:43,SA-744073,M00354,美妝保養,雅詩蘭黛 小棕瓶,3813,LinePay
2026-04-27 02:45,SA-276134,M00770,美妝保養,SK-II 青春露,6102,信用卡
2026-04-09 21:52,SA-934577,M00824,服飾配件,G-Shock 經典運動錶,2886,LinePay
2026-04-24 05:40,SA-660902,M00956,3C家電,iPhone 15 Pro,34622,信用卡
2026-04-14 12:28,SA-214426,M00293,服飾配件,Nike Air Force 1,3130,信用卡
2026-04-11 15:50,SA-297275,M00663,服飾配件,Nike Air Force 1,3392,信用卡
2026-04-24 01:52,SA-557609,M00978,3C家電,Sony 降噪耳機,10073,超商貨到付款
2026-04-08 04:19,SA-720303,M00526,生活居家,TOTO 溫水洗淨便座,9236,信用卡
2026-04-28 18:29,SA-812100,M00508,保健食品,桂格 大燕麥片,224,LinePay
2026-04-11 07:34,SA-604502,M00068,美妝保養,蘭蔻 極光水,3485,信用卡
2026-04-03 07:57,SA-193907,M01262,服飾配件,G-Shock 經典運動錶,3033,信用卡
2026-04-27 07:21,SA-708967,M01038,美妝保養,SK-II 青春露,6077,信用卡
2026-04-28 22:18,SA-896253,M01497,生活居家,3M 淨水器濾心,2253,信用卡
2026-04-14 16:54,SA-335821,M01362,3C家電,LG 掃地機器人,15168,信用卡
2026-04-24 14:21,SA-675493,M01040,美妝保養,資生堂 百優精純乳霜,2594,街口支付
2026-04-01 17:00,SA-252713,M00510,美妝保養,蘭蔻 極光水,3433,LinePay
2026-04-16 18:29,SA-322219,M00800,美妝保養,蘭蔻 極光水,3473,超商貨到付款
2026-04-10 19:12,SA-591223,M00408,母嬰用品,Joie 輕量雙向推車,6634,LinePay
2026-04-08 08:04,SA-211749,M00926,3C家電,Sony 降噪耳機,10390,LinePay
2026-04-23 21:12,SA-846060,M00582,3C家電,Nintendo Switch,9420,信用卡
2026-04-10 09:37,SA-788301,M01132,美妝保養,SK-II 青春露,5885,信用卡
2026-04-03 18:04,SA-428486,M01398,美妝保養,SK-II 青春露,5889,超商貨到付款
2026-04-28 17:15,SA-330322,M00768,母嬰用品,貝親 寬口玻璃奶瓶,553,信用卡
2026-04-20 05:29,SA-180880,M00608,母嬰用品,明治 金選奶粉,704,LinePay
2026-04-11 09:36,SA-534337,M00677,3C家電,Dyson 吹風機,14396,LinePay
2026-04-09 21:59,SA-874836,M00769,美妝保養,資生堂 百優精純乳霜,2749,超商貨到付款
2026-04-10 08:51,SA-941252,M01012,美妝保養,理膚寶水 B5全面修復霜,878,信用卡
2026-04-16 21:48,SA-516372,M00600,3C家電,LG 掃地機器人,15510,信用卡
2026-04-13 07:59,SA-958939,M01354,美妝保養,SK-II 青春露,5732,信用卡
2026-04-13 01:18,SA-578752,M01481,母嬰用品,Combi 奶瓶消毒鍋,3064,信用卡
2026-04-15 09:49,SA-260458,M00729,服飾配件,Uniqlo 極暖發熱衣,725,LinePay
2026-04-03 05:45,SA-110296,M00273,服飾配件,Nike Air Force 1,3170,信用卡
2026-04-03 09:08,SA-677703,M00521,美妝保養,資生堂 百優精純乳霜,2523,LinePay
2026-04-19 16:46,SA-986991,M00191,生活居家,3M 淨水器濾心,2427,LinePay
2026-04-21 10:57,SA-142408,M01187,3C家電,Dyson 吹風機,13269,超商貨到付款
2026-04-23 12:50,SA-821661,M00010,服飾配件,G-Shock 經典運動錶,2994,信用卡
2026-04-01 20:41,SA-891945,M00670,美妝保養,理膚寶水 B5全面修復霜,862,街口支付
2026-04-04 03:33,SA-267461,M00878,服飾配件,G-Shock 經典運動錶,3167,街口支付
2026-04-29 03:58,SA-906883,M01375,美妝保養,資生堂 百優精純乳霜,2747,LinePay
2026-04-25 20:00,SA-882471,M00850,美妝保養,資生堂 百優精純乳霜,2545,信用卡
2026-04-06 06:15,SA-657357,M01078,服飾配件,Nike Air Force 1,3148,超商貨到付款
2026-04-16 04:33,SA-703022,M01163,生活居家,舒潔 抽取式衛生紙(箱),888,信用卡
2026-04-06 04:28,SA-406363,M00180,生活居家,無印良品 PP收納盒,406,LinePay
2026-04-27 11:29,SA-979499,M00834,生活居家,舒潔 抽取式衛生紙(箱),850,信用卡
2026-04-03 21:11,SA-641467,M01203,服飾配件,Nike Air Force 1,3338,街口支付
2026-04-22 11:02,SA-375378,M00135,美妝保養,資生堂 百優精純乳霜,2759,街口支付
2026-04-02 23:51,SA-380925,M00693,3C家電,Dyson 吹風機,13290,LinePay
2026-04-01 22:25,SA-587561,M00460,服飾配件,Nike Air Force 1,3276,LinePay
2026-04-20 01:13,SA-394036,M01368,美妝保養,理膚寶水 B5全面修復霜,806,超商貨到付款
2026-04-13 13:32,SA-371154,M00506,生活居家,舒潔 抽取式衛生紙(箱),820,信用卡
2026-04-22 11:52,SA-401803,M00515,3C家電,iPhone 15 Pro,35562,超商貨到付款
2026-04-20 02:53,SA-472272,M01372,服飾配件,Nike Air Force 1,3156,信用卡
2026-04-17 18:18,SA-750164,M00446,美妝保養,SK-II 青春露,6197,LinePay
2026-04-16 10:04,SA-132692,M00583,3C家電,iPhone 15 Pro,35388,信用卡
2026-04-14 12:56,SA-443822,M01303,服飾配件,G-Shock 經典運動錶,3017,超商貨到付款
2026-04-29 10:41,SA-734872,M00471,3C家電,LG 掃地機器人,14634,信用卡
2026-04-20 18:34,SA-120488,M01201,3C家電,Apple Watch S9,12381,街口支付
2026-04-03 15:31,SA-895025,M00154,3C家電,Nintendo Switch,8870,LinePay
2026-04-15 16:23,SA-182547,M00939,母嬰用品,幫寶適 一級幫紙尿褲(箱),1535,信用卡
2026-04-27 09:40,SA-264248,M00732,服飾配件,Uniqlo 極暖發熱衣,726,街口支付
2026-04-20 17:25,SA-348335,M01230,生活居家,舒潔 抽取式衛生紙(箱),864,信用卡
2026-04-14 02:34,SA-697204,M00335,服飾配件,Nike Air Force 1,3227,信用卡
2026-04-20 03:32,SA-871458,M00735,美妝保養,SK-II 青春露,5890,LinePay
2026-04-03 04:22,SA-212080,M01014,生活居家,宜得利 N-COOL涼感床墊,1173,信用卡
2026-04-10 13:40,SA-873166,M00667,母嬰用品,幫寶適 一級幫紙尿褲(箱),1473,超商貨到付款
2026-04-27 01:43,SA-778365,M00609,3C家電,iPhone 15 Pro,33357,信用卡
2026-04-16 07:54,SA-175408,M00132,3C家電,Nintendo Switch,9211,LinePay
2026-04-12 03:49,SA-765434,M01147,3C家電,Nintendo Switch,9511,超商貨到付款
2026-04-14 13:14,SA-914088,M01421,母嬰用品,Joie 輕量雙向推車,6643,信用卡
2026-04-10 16:19,SA-773349,M01401,美妝保養,雅詩蘭黛 小棕瓶,4059,信用卡
2026-04-14 07:12,SA-791490,M01414,保健食品,娘家 益生菌,1158,信用卡
2026-04-16 13:53,SA-186936,M00815,3C家電,LG 掃地機器人,15161,超商貨到付款
2026-04-29 01:52,SA-240387,M00125,3C家電,Apple Watch S9,13216,信用卡
2026-04-08 14:07,SA-737409,M00243,生活居家,3M 淨水器濾心,2370,信用卡
2026-04-04 00:47,SA-781265,M01059,生活居家,無印良品 PP收納盒,420,信用卡
2026-04-17 14:04,SA-614260,M01156,服飾配件,G-Shock 經典運動錶,3106,信用卡
2026-04-29 11:38,SA-943545,M01399,生活居家,無印良品 PP收納盒,423,LinePay
2026-04-05 18:04,SA-930171,M01209,生活居家,TOTO 溫水洗淨便座,9843,ATM轉帳
2026-04-04 01:44,SA-598239,M00457,生活居家,無印良品 PP收納盒,419,信用卡
2026-04-30 17:37,SA-872618,M01024,母嬰用品,明治 金選奶粉,739,信用卡
2026-04-14 21:31,SA-467112,M00448,生活居家,TOTO 溫水洗淨便座,9015,LinePay
2026-04-08 08:13,SA-430415,M00538,生活居家,TOTO 溫水洗淨便座,9139,信用卡
2026-04-22 08:45,SA-342759,M00565,生活居家,3M 淨水器濾心,2277,街口支付
2026-04-25 13:31,SA-495508,M01384,服飾配件,G-Shock 經典運動錶,2936,信用卡
2026-04-14 12:44,SA-766644,M01424,服飾配件,Uniqlo 極暖發熱衣,778,信用卡
2026-04-01 18:53,SA-361049,M00505,美妝保養,理膚寶水 B5全面修復霜,859,信用卡
2026-04-30 02:40,SA-138025,M00563,服飾配件,G-Shock 經典運動錶,3085,LinePay
2026-04-30 11:19,SA-272729,M00162,生活居家,舒潔 抽取式衛生紙(箱),855,LinePay
2026-04-29 15:58,SA-802883,M00262,服飾配件,Ray-Ban 飛行員太陽眼鏡,5536,LinePay
2026-04-29 21:28,SA-466234,M00265,3C家電,Dyson 吹風機,13635,信用卡
2026-04-29 13:47,SA-884263,M01310,服飾配件,G-Shock 經典運動錶,3105,LinePay
2026-04-11 09:55,SA-103895,M00270,美妝保養,SK-II 青春露,5903,ATM轉帳
2026-04-20 05:50,SA-592928,M01492,3C家電,Sony 降噪耳機,10847,信用卡
2026-04-11 14:07,SA-279394,M00972,生活居家,無印良品 PP收納盒,418,信用卡
2026-04-28 14:14,SA-995073,M00197,母嬰用品,Joie 輕量雙向推車,6533,ATM轉帳
2026-04-02 08:36,SA-302583,M00636,美妝保養,雅詩蘭黛 小棕瓶,4189,LinePay
2026-04-30 12:12,SA-238190,M00025,服飾配件,Ray-Ban 飛行員太陽眼鏡,5415,信用卡
2026-04-10 04:34,SA-114733,M00992,3C家電,Sony 降噪耳機,9905,信用卡
2026-04-16 02:37,SA-349494,M00694,3C家電,Nintendo Switch,9468,信用卡
2026-04-06 10:37,SA-599004,M00618,母嬰用品,貝親 寬口玻璃奶瓶,575,LinePay
2026-04-30 04:26,SA-236083,M00576,美妝保養,蘭蔻 極光水,3559,街口支付
2026-04-30 15:39,SA-724997,M00568,3C家電,Apple Watch S9,12234,LinePay
2026-04-12 06:31,SA-792358,M01268,美妝保養,雅詩蘭黛 小棕瓶,3799,信用卡
2026-04-04 16:32,SA-962596,M00951,美妝保養,蘭蔻 極光水,3433,信用卡
2026-04-17 20:32,SA-425394,M00252,3C家電,LG 掃地機器人,14431,信用卡
2026-04-14 09:48,SA-989365,M00748,服飾配件,Ray-Ban 飛行員太陽眼鏡,5124,信用卡
2026-04-26 00:01,SA-902638,M00680,服飾配件,G-Shock 經典運動錶,3096,信用卡
2026-04-01 20:35,SA-249324,M00017,美妝保養,蘭蔻 極光水,3383,LinePay
2026-04-09 09:35,SA-199542,M01027,美妝保養,SK-II 青春露,5642,LinePay
2026-04-30 09:16,SA-813673,M00150,服飾配件,Ray-Ban 飛行員太陽眼鏡,5175,街口支付
2026-04-19 03:28,SA-564802,M00618,生活居家,無印良品 PP收納盒,439,信用卡
2026-04-25 21:05,SA-768506,M00012,服飾配件,Levi's 501牛仔褲,3631,ATM轉帳
2026-04-27 05:33,SA-313453,M00379,生活居家,舒潔 抽取式衛生紙(箱),863,ATM轉帳
2026-04-08 12:49,SA-920747,M00360,服飾配件,Levi's 501牛仔褲,3931,信用卡
2026-04-04 03:02,SA-601015,M00777,美妝保養,蘭蔻 極光水,3549,街口支付
2026-04-13 14:16,SA-402786,M00455,母嬰用品,Joie 輕量雙向推車,6742,信用卡
2026-04-22 08:24,SA-234473,M01148,服飾配件,Nike Air Force 1,3165,LinePay
2026-04-21 19:50,SA-867575,M01409,母嬰用品,幫寶適 一級幫紙尿褲(箱),1517,超商貨到付款
2026-04-03 09:23,SA-714735,M01323,母嬰用品,Joie 輕量雙向推車,6616,信用卡
2026-04-10 14:39,SA-979947,M00269,3C家電,Nintendo Switch,9026,超商貨到付款
2026-04-24 01:31,SA-944195,M00143,母嬰用品,Combi 奶瓶消毒鍋,3086,LinePay
2026-04-26 16:27,SA-190313,M00518,生活居家,無印良品 PP收納盒,423,LinePay
2026-04-24 08:00,SA-441152,M00995,3C家電,Sony 降噪耳機,10242,信用卡
2026-04-12 21:43,SA-607428,M00782,服飾配件,Ray-Ban 飛行員太陽眼鏡,5320,信用卡
2026-04-11 18:44,SA-191051,M00616,3C家電,Nintendo Switch,9273,信用卡
2026-04-15 15:34,SA-583392,M00837,服飾配件,G-Shock 經典運動錶,3117,信用卡
2026-04-03 11:51,SA-902212,M00908,生活居家,無印良品 PP收納盒,426,信用卡
2026-04-16 13:20,SA-333074,M00260,美妝保養,資生堂 百優精純乳霜,2538,信用卡
2026-04-04 03:28,SA-249195,M00511,美妝保養,理膚寶水 B5全面修復霜,795,街口支付
2026-04-23 21:48,SA-785188,M00406,母嬰用品,明治 金選奶粉,711,LinePay
2026-04-06 10:18,SA-388664,M00532,美妝保養,資生堂 百優精純乳霜,2661,信用卡
2026-04-10 12:01,SA-215639,M00106,生活居家,宜得利 N-COOL涼感床墊,1273,信用卡
2026-04-30 15:26,SA-834261,M01184,3C家電,Nintendo Switch,9594,信用卡
2026-04-22 22:11,SA-530342,M00127,美妝保養,理膚寶水 B5全面修復霜,857,LinePay
2026-04-18 02:19,SA-725107,M00192,美妝保養,蘭蔻 極光水,3599,信用卡
2026-04-28 10:11,SA-448214,M00924,母嬰用品,Combi 奶瓶消毒鍋,3010,信用卡
2026-04-20 23:16,SA-334585,M00219,美妝保養,雅詩蘭黛 小棕瓶,3793,信用卡
2026-04-10 21:45,SA-973352,M01285,母嬰用品,幫寶適 一級幫紙尿褲(箱),1498,街口支付
2026-04-12 14:01,SA-834080,M01294,3C家電,LG 掃地機器人,14622,信用卡
2026-04-14 15:50,SA-288524,M00701,生活居家,宜得利 N-COOL涼感床墊,1207,超商貨到付款
2026-04-26 03:28,SA-451580,M00864,3C家電,Nintendo Switch,8905,信用卡
2026-04-09 11:59,SA-246253,M00130,服飾配件,Ray-Ban 飛行員太陽眼鏡,5420,LinePay
2026-04-28 10:35,SA-805067,M00944,生活居家,TOTO 溫水洗淨便座,9161,信用卡
2026-04-13 23:35,SA-990413,M00063,服飾配件,Levi's 501牛仔褲,3882,信用卡
2026-04-25 11:13,SA-101855,M00692,美妝保養,蘭蔻 極光水,3447,超商貨到付款
2026-04-18 19:33,SA-979460,M00186,服飾配件,Nike Air Force 1,3386,信用卡
2026-04-22 11:44,SA-149854,M00643,3C家電,Apple Watch S9,12388,信用卡
2026-04-30 13:02,SA-241077,M00883,生活居家,TOTO 溫水洗淨便座,9323,信用卡
2026-04-21 14:18,SA-551038,M00537,美妝保養,雅詩蘭黛 小棕瓶,4020,信用卡
2026-04-24 17:12,SA-919544,M00155,美妝保養,雅詩蘭黛 小棕瓶,3969,信用卡
2026-04-22 09:29,SA-372182,M01425,服飾配件,Levi's 501牛仔褲,3985,信用卡
2026-04-15 14:53,SA-117042,M01485,保健食品,白蘭氏 雙認證雞精(盒),1364,信用卡
2026-04-13 04:06,SA-547199,M01083,服飾配件,Levi's 501牛仔褲,3829,LinePay
2026-04-12 15:01,SA-305352,M00701,生活居家,舒潔 抽取式衛生紙(箱),888,信用卡
2026-04-23 22:33,SA-346207,M00667,美妝保養,雅詩蘭黛 小棕瓶,3948,超商貨到付款
2026-04-12 01:50,SA-172206,M00360,母嬰用品,明治 金選奶粉,725,ATM轉帳
2026-04-07 16:46,SA-191469,M00388,生活居家,舒潔 抽取式衛生紙(箱),885,信用卡
2026-04-10 06:00,SA-584804,M01244,3C家電,Sony 降噪耳機,10720,街口支付
2026-04-14 15:26,SA-760402,M00716,3C家電,Sony 降噪耳機,10211,LinePay
2026-04-17 13:32,SA-283249,M00961,服飾配件,Uniqlo 極暖發熱衣,718,ATM轉帳
2026-04-07 02:19,SA-751580,M01294,服飾配件,Levi's 501牛仔褲,3801,信用卡
2026-04-12 05:33,SA-321510,M00501,生活居家,宜得利 N-COOL涼感床墊,1170,信用卡
2026-04-18 15:38,SA-652351,M01177,美妝保養,蘭蔻 極光水,3253,街口支付
2026-04-16 10:16,SA-834528,M01272,3C家電,iPhone 15 Pro,34124,LinePay
2026-04-13 23:47,SA-243724,M00248,服飾配件,G-Shock 經典運動錶,3148,街口支付
2026-04-20 22:57,SA-138849,M01137,生活居家,TOTO 溫水洗淨便座,9204,信用卡
2026-04-26 18:32,SA-635715,M00088,美妝保養,SK-II 青春露,5976,信用卡
2026-04-25 19:37,SA-930177,M01183,3C家電,Apple Watch S9,12462,LinePay
2026-04-20 11:38,SA-761460,M00146,服飾配件,G-Shock 經典運動錶,3056,信用卡
2026-04-22 02:01,SA-192563,M00757,美妝保養,資生堂 百優精純乳霜,2653,信用卡
2026-04-14 19:57,SA-819297,M00019,3C家電,Sony 降噪耳機,10674,信用卡
2026-04-10 15:37,SA-711457,M01260,生活居家,舒潔 抽取式衛生紙(箱),811,信用卡
2026-04-27 16:19,SA-159409,M00770,生活居家,舒潔 抽取式衛生紙(箱),839,LinePay
2026-04-16 08:06,SA-765590,M00885,3C家電,Sony 降噪耳機,10769,街口支付
2026-04-28 04:11,SA-678408,M00334,生活居家,無印良品 PP收納盒,430,信用卡
2026-04-17 07:56,SA-139603,M01024,3C家電,iPhone 15 Pro,33685,超商貨到付款
2026-04-01 03:17,SA-783463,M00472,生活居家,TOTO 溫水洗淨便座,9795,信用卡
2026-04-04 16:30,SA-588976,M00220,3C家電,Nintendo Switch,9495,信用卡
2026-04-03 07:53,SA-625456,M00735,母嬰用品,Combi 奶瓶消毒鍋,3006,信用卡
2026-04-05 19:07,SA-468630,M00237,服飾配件,Nike Air Force 1,3189,信用卡
2026-04-05 18:29,SA-137448,M01046,美妝保養,雅詩蘭黛 小棕瓶,3925,信用卡
2026-04-09 06:24,SA-418489,M00800,美妝保養,雅詩蘭黛 小棕瓶,4152,超商貨到付款
2026-04-13 21:02,SA-680308,M00437,美妝保養,SK-II 青春露,6023,信用卡
2026-04-13 11:38,SA-604981,M00537,美妝保養,理膚寶水 B5全面修復霜,841,信用卡
2026-04-20 05:10,SA-143398,M00364,服飾配件,Nike Air Force 1,3226,超商貨到付款
2026-04-26 14:20,SA-274130,M01411,服飾配件,Uniqlo 極暖發熱衣,745,信用卡
2026-04-23 06:03,SA-442940,M00629,生活居家,3M 淨水器濾心,2362,信用卡
2026-04-13 23:22,SA-442055,M00027,服飾配件,Levi's 501牛仔褲,3915,信用卡
2026-04-16 01:45,SA-325117,M01034,服飾配件,Ray-Ban 飛行員太陽眼鏡,5484,LinePay
2026-04-15 21:20,SA-775790,M00783,生活居家,3M 淨水器濾心,2389,信用卡
2026-04-26 00:09,SA-431905,M01102,美妝保養,SK-II 青春露,6233,信用卡
2026-04-24 16:34,SA-855398,M00908,服飾配件,Levi's 501牛仔褲,3930,街口支付
2026-04-27 11:37,SA-421863,M01255,美妝保養,SK-II 青春露,6023,信用卡
2026-04-25 02:04,SA-264619,M01023,生活居家,舒潔 抽取式衛生紙(箱),869,信用卡
2026-04-02 19:08,SA-120780,M01147,3C家電,iPhone 15 Pro,35825,LinePay
2026-04-06 17:02,SA-755216,M00356,服飾配件,Levi's 501牛仔褲,3724,信用卡
2026-04-16 12:09,SA-647873,M00303,美妝保養,蘭蔻 極光水,3440,信用卡
2026-04-03 13:05,SA-842816,M01261,美妝保養,SK-II 青春露,5972,信用卡
2026-04-02 19:44,SA-743860,M01402,生活居家,TOTO 溫水洗淨便座,9821,超商貨到付款
2026-04-29 12:49,SA-867324,M00629,美妝保養,資生堂 百優精純乳霜,2710,信用卡
2026-04-01 17:31,SA-790288,M00620,美妝保養,資生堂 百優精純乳霜,2541,街口支付
2026-04-26 08:29,SA-389312,M01400,美妝保養,理膚寶水 B5全面修復霜,864,信用卡
2026-04-24 07:06,SA-819156,M00282,母嬰用品,幫寶適 一級幫紙尿褲(箱),1498,信用卡
2026-04-22 17:21,SA-118365,M00172,3C家電,Dyson 吹風機,14062,超商貨到付款
2026-04-07 01:12,SA-798103,M00170,服飾配件,G-Shock 經典運動錶,2887,信用卡
2026-04-02 23:15,SA-920546,M01027,生活居家,無印良品 PP收納盒,414,ATM轉帳
2026-04-16 18:31,SA-822329,M00814,保健食品,娘家 大紅麴,2334,信用卡
2026-04-25 20:52,SA-584746,M00757,3C家電,Nintendo Switch,9755,LinePay
2026-04-28 16:29,SA-557514,M00846,服飾配件,Ray-Ban 飛行員太陽眼鏡,5303,LinePay
2026-04-21 20:43,SA-847472,M00378,生活居家,宜得利 N-COOL涼感床墊,1212,信用卡
2026-04-01 16:11,SA-253462,M01390,美妝保養,雅詩蘭黛 小棕瓶,4151,街口支付
2026-04-29 11:10,SA-895601,M01453,美妝保養,蘭蔻 極光水,3332,信用卡
2026-04-29 03:22,SA-402766,M00707,服飾配件,Nike Air Force 1,3254,超商貨到付款
2026-04-28 06:00,SA-436807,M00365,母嬰用品,明治 金選奶粉,680,信用卡
2026-04-09 23:39,SA-831302,M01346,服飾配件,Uniqlo 極暖發熱衣,775,LinePay
2026-04-24 21:02,SA-323864,M01470,美妝保養,理膚寶水 B5全面修復霜,821,超商貨到付款
2026-04-15 06:34,SA-820984,M00077,保健食品,白蘭氏 雙認證雞精(盒),1295,信用卡
2026-04-19 02:58,SA-950911,M00784,3C家電,Dyson 吹風機,13882,LinePay
2026-04-01 01:37,SA-576212,M00134,母嬰用品,貝親 寬口玻璃奶瓶,566,LinePay
2026-04-28 20:10,SA-119917,M01098,美妝保養,理膚寶水 B5全面修復霜,799,超商貨到付款
2026-04-01 14:22,SA-292490,M01409,美妝保養,資生堂 百優精純乳霜,2555,信用卡
2026-04-28 16:16,SA-520967,M00758,3C家電,Dyson 吹風機,13813,ATM轉帳
2026-04-30 15:40,SA-405990,M01324,3C家電,Nintendo Switch,9010,信用卡
2026-04-07 21:38,SA-345325,M01419,服飾配件,Ray-Ban 飛行員太陽眼鏡,5115,ATM轉帳
2026-04-01 13:12,SA-466923,M00585,母嬰用品,幫寶適 一級幫紙尿褲(箱),1510,信用卡
2026-04-28 06:04,SA-857093,M00344,美妝保養,SK-II 青春露,5694,信用卡
2026-04-10 12:40,SA-319893,M01092,美妝保養,SK-II 青春露,5901,LinePay
2026-04-19 09:40,SA-554855,M00051,保健食品,桂格 大燕麥片,223,街口支付
2026-04-25 22:48,SA-976315,M01433,服飾配件,Ray-Ban 飛行員太陽眼鏡,5268,ATM轉帳
2026-04-02 02:30,SA-984684,M00794,美妝保養,蘭蔻 極光水,3329,LinePay
2026-04-06 02:44,SA-178660,M00417,生活居家,3M 淨水器濾心,2252,LinePay
2026-04-26 09:04,SA-604763,M00333,3C家電,Dyson 吹風機,14127,ATM轉帳
2026-04-25 04:38,SA-107544,M00919,生活居家,3M 淨水器濾心,2426,信用卡
2026-04-25 20:01,SA-523180,M00281,服飾配件,Nike Air Force 1,3292,超商貨到付款
2026-04-06 08:29,SA-116057,M00055,3C家電,Sony 降噪耳機,10076,信用卡
2026-04-26 22:07,SA-541789,M00553,3C家電,Sony 降噪耳機,10746,超商貨到付款
2026-04-08 14:12,SA-399520,M00817,美妝保養,雅詩蘭黛 小棕瓶,3918,信用卡
2026-04-21 17:34,SA-674530,M01334,3C家電,Nintendo Switch,8814,信用卡
2026-04-20 01:54,SA-100266,M00807,保健食品,娘家 大紅麴,2441,信用卡
2026-04-18 19:32,SA-590675,M00318,3C家電,Dyson 吹風機,14461,信用卡
2026-04-16 10:07,SA-631510,M00916,服飾配件,Levi's 501牛仔褲,3979,LinePay
2026-04-07 01:56,SA-150949,M01414,3C家電,LG 掃地機器人,15850,街口支付
2026-04-21 22:49,SA-113176,M00105,服飾配件,Ray-Ban 飛行員太陽眼鏡,5449,超商貨到付款
2026-04-15 10:02,SA-498225,M01467,保健食品,娘家 益生菌,1129,信用卡
2026-04-30 15:56,SA-611002,M01046,服飾配件,Ray-Ban 飛行員太陽眼鏡,5298,LinePay
2026-04-07 13:25,SA-823611,M01065,3C家電,Sony 降噪耳機,10738,信用卡
2026-04-18 17:35,SA-456248,M01179,生活居家,宜得利 N-COOL涼感床墊,1226,街口支付
2026-04-24 22:06,SA-951943,M00631,服飾配件,Uniqlo 極暖發熱衣,783,信用卡
2026-04-28 18:04,SA-496640,M00238,美妝保養,理膚寶水 B5全面修復霜,813,信用卡
2026-04-18 22:20,SA-381406,M00710,母嬰用品,Joie 輕量雙向推車,6372,ATM轉帳
2026-04-30 18:30,SA-556484,M00465,保健食品,娘家 益生菌,1166,LinePay
2026-04-04 00:22,SA-470928,M00972,服飾配件,Uniqlo 極暖發熱衣,720,超商貨到付款
2026-04-01 10:06,SA-695339,M00681,3C家電,Nintendo Switch,9361,信用卡
2026-04-18 10:37,SA-362831,M00966,母嬰用品,明治 金選奶粉,730,街口支付
2026-04-02 05:11,SA-199160,M01443,母嬰用品,Joie 輕量雙向推車,6550,信用卡
2026-04-24 18:36,SA-595759,M01031,保健食品,善存 綜合維他命,857,LinePay
2026-04-08 17:41,SA-478263,M01207,生活居家,TOTO 溫水洗淨便座,9730,信用卡
2026-04-05 09:17,SA-383784,M00810,母嬰用品,幫寶適 一級幫紙尿褲(箱),1518,超商貨到付款
2026-04-10 05:09,SA-615394,M01293,母嬰用品,Joie 輕量雙向推車,6516,信用卡
2026-04-06 13:15,SA-531296,M01022,生活居家,3M 淨水器濾心,2344,街口支付
2026-04-02 06:37,SA-603256,M00456,保健食品,娘家 大紅麴,2431,LinePay
2026-04-25 16:47,SA-813391,M01315,美妝保養,SK-II 青春露,6082,LinePay
2026-04-15 18:44,SA-284788,M01494,3C家電,Dyson 吹風機,13315,街口支付
2026-04-02 18:31,SA-416458,M00242,服飾配件,Uniqlo 極暖發熱衣,735,LinePay
2026-04-08 22:58,SA-804547,M00008,美妝保養,蘭蔻 極光水,3397,超商貨到付款
2026-04-01 06:28,SA-197567,M00882,保健食品,桂格 大燕麥片,234,超商貨到付款
2026-04-17 06:40,SA-117068,M00994,美妝保養,蘭蔻 極光水,3335,信用卡
2026-04-28 16:08,SA-418950,M00774,美妝保養,理膚寶水 B5全面修復霜,866,ATM轉帳
2026-04-27 15:31,SA-832815,M00760,母嬰用品,明治 金選奶粉,690,街口支付
2026-04-06 00:17,SA-390382,M00896,3C家電,LG 掃地機器人,14584,信用卡
2026-04-06 08:07,SA-526689,M00153,美妝保養,資生堂 百優精純乳霜,2536,信用卡
2026-04-22 22:51,SA-319986,M00625,美妝保養,理膚寶水 B5全面修復霜,857,LinePay
2026-04-19 19:03,SA-337997,M00165,保健食品,桂格 大燕麥片,218,信用卡
2026-04-20 04:06,SA-992671,M00388,3C家電,Apple Watch S9,12180,街口支付
2026-04-10 14:12,SA-588926,M00611,美妝保養,SK-II 青春露,5983,LinePay
2026-04-04 00:08,SA-843337,M00838,保健食品,白蘭氏 雙認證雞精(盒),1259,LinePay
2026-04-21 09:37,SA-797926,M00367,服飾配件,Ray-Ban 飛行員太陽眼鏡,5492,超商貨到付款
2026-04-25 16:32,SA-489970,M00226,3C家電,Sony 降噪耳機,10591,信用卡
2026-04-01 23:47,SA-928152,M00636,母嬰用品,明治 金選奶粉,729,LinePay
2026-04-10 06:39,SA-123456,M00425,3C家電,LG 掃地機器人,14375,信用卡
2026-04-25 15:36,SA-630954,M00835,母嬰用品,幫寶適 一級幫紙尿褲(箱),1591,LinePay
2026-04-20 13:01,SA-471279,M00449,美妝保養,蘭蔻 極光水,3379,信用卡
2026-04-01 20:09,SA-471241,M00372,3C家電,iPhone 15 Pro,36124,信用卡
2026-04-25 16:42,SA-792583,M01051,美妝保養,資生堂 百優精純乳霜,2559,信用卡
2026-04-10 19:20,SA-346953,M00684,生活居家,無印良品 PP收納盒,405,信用卡
2026-04-28 08:22,SA-643288,M00623,服飾配件,Levi's 501牛仔褲,3905,超商貨到付款
2026-04-26 13:26,SA-365594,M00118,服飾配件,Levi's 501牛仔褲,3707,LinePay
2026-04-05 04:20,SA-386081,M00642,美妝保養,雅詩蘭黛 小棕瓶,3814,超商貨到付款
2026-04-17 19:14,SA-224408,M01399,美妝保養,SK-II 青春露,5896,LinePay
2026-04-27 21:33,SA-415981,M00061,3C家電,Nintendo Switch,8923,LinePay
2026-04-16 01:45,SA-548748,M01379,3C家電,Sony 降噪耳機,10514,LinePay
2026-04-18 01:25,SA-484993,M00296,服飾配件,Uniqlo 極暖發熱衣,765,街口支付
2026-04-16 14:42,SA-140440,M00813,母嬰用品,Joie 輕量雙向推車,6782,LinePay
2026-04-27 21:32,SA-562652,M00374,美妝保養,SK-II 青春露,5694,信用卡
2026-04-01 03:15,SA-597668,M01378,母嬰用品,明治 金選奶粉,721,信用卡
2026-04-29 00:50,SA-520993,M00027,3C家電,LG 掃地機器人,15414,超商貨到付款
2026-04-09 09:06,SA-175720,M00275,生活居家,3M 淨水器濾心,2484,超商貨到付款
2026-04-19 14:31,SA-607960,M00032,服飾配件,G-Shock 經典運動錶,3089,ATM轉帳
2026-04-17 09:22,SA-561069,M00167,3C家電,iPhone 15 Pro,35131,信用卡
2026-04-07 10:50,SA-852984,M00490,3C家電,Apple Watch S9,13453,信用卡
2026-04-01 09:19,SA-165610,M01324,美妝保養,SK-II 青春露,5881,信用卡
2026-04-23 02:59,SA-193931,M00642,美妝保養,蘭蔻 極光水,3403,LinePay
2026-04-18 01:22,SA-736483,M00160,生活居家,3M 淨水器濾心,2328,信用卡
2026-04-06 16:56,SA-184871,M00428,3C家電,Nintendo Switch,8969,超商貨到付款
2026-04-04 10:53,SA-479027,M00777,3C家電,Dyson 吹風機,13606,LinePay
2026-04-23 10:09,SA-869667,M00300,生活居家,3M 淨水器濾心,2470,街口支付
2026-04-12 00:55,SA-308240,M00718,服飾配件,Ray-Ban 飛行員太陽眼鏡,5478,超商貨到付款
2026-04-24 19:53,SA-350302,M01112,3C家電,Sony 降噪耳機,10141,LinePay
2026-04-05 00:42,SA-866142,M00101,服飾配件,Nike Air Force 1,3329,LinePay
2026-04-12 00:30,SA-330135,M00557,3C家電,iPhone 15 Pro,33773,LinePay
2026-04-05 11:05,SA-155010,M00226,生活居家,宜得利 N-COOL涼感床墊,1281,信用卡
2026-04-10 11:20,SA-561530,M01380,服飾配件,Levi's 501牛仔褲,3716,街口支付
2026-04-11 15:11,SA-109035,M00546,生活居家,3M 淨水器濾心,2462,信用卡
2026-04-06 22:23,SA-404450,M01373,3C家電,Nintendo Switch,8911,LinePay
2026-04-03 03:14,SA-164032,M00381,3C家電,LG 掃地機器人,15553,LinePay
2026-04-05 17:08,SA-650573,M00907,母嬰用品,貝親 寬口玻璃奶瓶,563,信用卡
2026-04-04 20:09,SA-229406,M00306,美妝保養,理膚寶水 B5全面修復霜,877,超商貨到付款
2026-04-25 18:32,SA-726289,M00029,母嬰用品,幫寶適 一級幫紙尿褲(箱),1462,信用卡
2026-04-22 09:53,SA-326401,M00743,3C家電,Sony 降噪耳機,10444,ATM轉帳
2026-04-25 11:36,SA-240323,M00032,美妝保養,雅詩蘭黛 小棕瓶,4123,信用卡
2026-04-01 11:10,SA-108363,M00781,3C家電,Nintendo Switch,9681,信用卡
2026-04-22 21:19,SA-725313,M00360,保健食品,娘家 大紅麴,2422,超商貨到付款
2026-04-25 00:02,SA-242956,M00984,美妝保養,SK-II 青春露,6150,信用卡
2026-04-21 16:46,SA-729014,M00164,3C家電,Nintendo Switch,9167,信用卡
2026-04-11 11:11,SA-177928,M01313,美妝保養,蘭蔻 極光水,3341,信用卡
2026-04-12 08:24,SA-735623,M00575,生活居家,舒潔 抽取式衛生紙(箱),887,LinePay
2026-04-26 07:08,SA-626864,M00575,美妝保養,理膚寶水 B5全面修復霜,810,LinePay
2026-04-19 11:26,SA-382751,M01022,3C家電,Dyson 吹風機,13690,超商貨到付款
2026-04-07 20:37,SA-305898,M00141,保健食品,娘家 益生菌,1173,信用卡
2026-04-22 23:02,SA-483567,M01418,3C家電,LG 掃地機器人,15208,街口支付
2026-04-15 01:15,SA-700157,M00815,3C家電,Apple Watch S9,13179,信用卡
2026-04-30 05:52,SA-253492,M00413,3C家電,Sony 降噪耳機,10578,超商貨到付款
2026-04-14 09:56,SA-223453,M01352,美妝保養,資生堂 百優精純乳霜,2714,信用卡
2026-04-22 13:09,SA-668608,M00908,美妝保養,雅詩蘭黛 小棕瓶,3948,ATM轉帳
2026-04-22 03:56,SA-354625,M01188,美妝保養,雅詩蘭黛 小棕瓶,3784,LinePay
2026-04-04 19:43,SA-114569,M00506,美妝保養,SK-II 青春露,5705,信用卡
2026-04-24 20:53,SA-387408,M00262,服飾配件,G-Shock 經典運動錶,3045,超商貨到付款
2026-04-13 01:59,SA-585878,M01376,3C家電,Sony 降噪耳機,10780,超商貨到付款
2026-04-14 07:54,SA-600993,M00181,美妝保養,蘭蔻 極光水,3510,LinePay
2026-04-03 07:33,SA-944406,M00720,生活居家,宜得利 N-COOL涼感床墊,1261,信用卡
2026-04-26 23:50,SA-661254,M00131,服飾配件,Nike Air Force 1,3350,LinePay
2026-04-20 02:08,SA-100682,M01194,美妝保養,SK-II 青春露,5817,信用卡
2026-04-10 21:48,SA-439215,M01397,生活居家,舒潔 抽取式衛生紙(箱),888,信用卡
2026-04-27 04:18,SA-559597,M01424,保健食品,善存 綜合維他命,892,信用卡
2026-04-13 07:28,SA-500999,M00590,3C家電,LG 掃地機器人,14484,ATM轉帳
2026-04-29 20:41,SA-370436,M01367,生活居家,3M 淨水器濾心,2366,信用卡
2026-04-06 02:32,SA-611412,M00333,3C家電,Dyson 吹風機,14052,街口支付
2026-04-30 21:51,SA-914673,M00962,美妝保養,蘭蔻 極光水,3274,街口支付
2026-04-29 15:43,SA-832508,M00905,服飾配件,Ray-Ban 飛行員太陽眼鏡,5198,信用卡
2026-04-06 06:02,SA-777594,M01212,服飾配件,Nike Air Force 1,3146,LinePay
2026-04-09 16:13,SA-646548,M01239,3C家電,LG 掃地機器人,15862,LinePay
2026-04-26 00:18,SA-180355,M00568,美妝保養,蘭蔻 極光水,3524,LinePay
2026-04-20 09:54,SA-537961,M00654,3C家電,Nintendo Switch,9451,街口支付
2026-04-25 15:41,SA-164888,M01101,3C家電,LG 掃地機器人,15414,超商貨到付款
2026-04-29 07:27,SA-541621,M00169,3C家電,Apple Watch S9,13172,信用卡
2026-04-14 15:40,SA-267095,M00863,3C家電,iPhone 15 Pro,33356,街口支付
2026-04-07 18:17,SA-267566,M00767,美妝保養,資生堂 百優精純乳霜,2624,街口支付
2026-04-18 15:21,SA-256945,M00438,保健食品,娘家 大紅麴,2422,LinePay
2026-04-13 13:23,SA-482792,M00723,美妝保養,SK-II 青春露,6047,信用卡
2026-04-04 17:05,SA-189164,M01402,3C家電,Dyson 吹風機,13794,超商貨到付款
2026-04-08 21:28,SA-723347,M00124,3C家電,LG 掃地機器人,14882,信用卡
2026-04-15 07:52,SA-417532,M00092,服飾配件,Nike Air Force 1,3330,信用卡
2026-04-25 12:43,SA-221709,M00598,3C家電,Dyson 吹風機,13638,LinePay
2026-04-01 09:05,SA-402036,M00521,美妝保養,雅詩蘭黛 小棕瓶,3818,超商貨到付款
2026-04-08 08:48,SA-275935,M00173,3C家電,Apple Watch S9,13379,ATM轉帳
2026-04-26 19:34,SA-633936,M00916,美妝保養,資生堂 百優精純乳霜,2758,信用卡
2026-04-01 20:45,SA-489682,M00306,生活居家,3M 淨水器濾心,2387,LinePay
2026-04-21 23:14,SA-367115,M00295,美妝保養,蘭蔻 極光水,3485,超商貨到付款
2026-04-18 12:33,SA-260397,M00147,服飾配件,Nike Air Force 1,3071,信用卡
2026-04-19 05:06,SA-979532,M01495,生活居家,舒潔 抽取式衛生紙(箱),818,信用卡
2026-04-17 10:24,SA-312728,M01140,保健食品,桂格 大燕麥片,220,超商貨到付款
2026-04-25 10:20,SA-548645,M00329,3C家電,Dyson 吹風機,13532,街口支付
2026-04-29 05:48,SA-906314,M00248,3C家電,Sony 降噪耳機,10579,街口支付
2026-04-12 03:40,SA-727286,M00104,服飾配件,Ray-Ban 飛行員太陽眼鏡,5352,LinePay
2026-04-15 21:24,SA-195723,M01116,母嬰用品,幫寶適 一級幫紙尿褲(箱),1510,LinePay
2026-04-29 19:47,SA-847610,M00687,美妝保養,資生堂 百優精純乳霜,2664,信用卡
2026-04-20 08:21,SA-642282,M00451,服飾配件,Ray-Ban 飛行員太陽眼鏡,5079,信用卡
2026-04-28 04:13,SA-512453,M00077,3C家電,Nintendo Switch,9206,信用卡
2026-04-27 16:12,SA-547223,M00376,母嬰用品,Joie 輕量雙向推車,6296,LinePay
2026-04-01 04:05,SA-518639,M00822,服飾配件,Nike Air Force 1,3243,超商貨到付款
2026-04-03 00:11,SA-595316,M00641,3C家電,Nintendo Switch,9777,LinePay
2026-04-14 03:53,SA-710688,M01367,保健食品,娘家 大紅麴,2416,信用卡
2026-04-23 20:37,SA-116161,M00068,美妝保養,理膚寶水 B5全面修復霜,807,信用卡
2026-04-15 01:13,SA-281092,M00962,生活居家,宜得利 N-COOL涼感床墊,1191,信用卡
2026-04-26 09:48,SA-898950,M00166,美妝保養,雅詩蘭黛 小棕瓶,3851,ATM轉帳
2026-04-05 13:17,SA-550593,M00584,服飾配件,Levi's 501牛仔褲,3845,LinePay
2026-04-13 11:21,SA-783875,M00735,生活居家,舒潔 抽取式衛生紙(箱),861,LinePay
2026-04-05 13:09,SA-135087,M01324,美妝保養,資生堂 百優精純乳霜,2723,LinePay
2026-04-24 20:41,SA-651184,M00812,3C家電,Sony 降噪耳機,10861,信用卡
2026-04-02 01:24,SA-945761,M00896,美妝保養,雅詩蘭黛 小棕瓶,4055,街口支付
2026-04-10 19:24,SA-845615,M00445,美妝保養,理膚寶水 B5全面修復霜,803,信用卡
2026-04-02 02:01,SA-120908,M01275,生活居家,TOTO 溫水洗淨便座,9578,超商貨到付款
2026-04-03 17:14,SA-745216,M00510,母嬰用品,Combi 奶瓶消毒鍋,3060,信用卡
2026-04-01 13:47,SA-542255,M00406,3C家電,Dyson 吹風機,13727,LinePay
2026-04-26 12:48,SA-124380,M00507,母嬰用品,貝親 寬口玻璃奶瓶,576,LinePay
2026-04-20 21:46,SA-345059,M00093,美妝保養,雅詩蘭黛 小棕瓶,4164,超商貨到付款
2026-04-06 11:27,SA-996646,M00542,服飾配件,Uniqlo 極暖發熱衣,789,LinePay
2026-04-18 14:48,SA-900172,M00440,美妝保養,SK-II 青春露,5815,LinePay
2026-04-13 08:49,SA-100574,M00231,服飾配件,G-Shock 經典運動錶,3035,街口支付
2026-04-13 01:37,SA-450562,M00504,母嬰用品,Combi 奶瓶消毒鍋,2975,超商貨到付款
2026-04-19 20:36,SA-465247,M00978,服飾配件,Levi's 501牛仔褲,3716,LinePay
2026-04-26 17:10,SA-660183,M01355,3C家電,Nintendo Switch,8809,信用卡
2026-04-23 22:15,SA-193011,M01447,服飾配件,G-Shock 經典運動錶,3166,信用卡
2026-04-15 15:11,SA-722486,M00989,美妝保養,理膚寶水 B5全面修復霜,794,信用卡
2026-04-23 12:08,SA-170368,M01087,美妝保養,理膚寶水 B5全面修復霜,874,信用卡
2026-04-29 03:23,SA-849931,M00926,生活居家,宜得利 N-COOL涼感床墊,1215,信用卡
2026-04-11 18:31,SA-209407,M00991,3C家電,iPhone 15 Pro,35623,ATM轉帳
2026-04-30 14:46,SA-392677,M00696,美妝保養,蘭蔻 極光水,3395,LinePay
2026-04-22 13:07,SA-206574,M01210,服飾配件,Uniqlo 極暖發熱衣,783,LinePay
2026-04-18 01:31,SA-745135,M00096,3C家電,Dyson 吹風機,13340,信用卡
2026-04-03 18:08,SA-369554,M00533,服飾配件,Ray-Ban 飛行員太陽眼鏡,5517,街口支付
2026-04-25 10:55,SA-434687,M00979,3C家電,LG 掃地機器人,15257,超商貨到付款
2026-04-27 11:32,SA-876045,M00020,服飾配件,G-Shock 經典運動錶,3115,超商貨到付款
2026-04-04 05:10,SA-950592,M00281,母嬰用品,貝親 寬口玻璃奶瓶,553,街口支付
2026-04-27 03:34,SA-611827,M00649,生活居家,TOTO 溫水洗淨便座,9343,信用卡
2026-04-29 09:30,SA-455589,M01049,母嬰用品,貝親 寬口玻璃奶瓶,541,ATM轉帳
2026-04-14 18:45,SA-815787,M00519,3C家電,iPhone 15 Pro,33684,LinePay
2026-04-14 15:15,SA-259831,M01474,服飾配件,Uniqlo 極暖發熱衣,758,LinePay
2026-04-01 03:22,SA-523843,M00770,服飾配件,Ray-Ban 飛行員太陽眼鏡,5397,ATM轉帳
2026-04-22 07:10,SA-258358,M01005,美妝保養,蘭蔻 極光水,3552,信用卡
2026-04-10 05:01,SA-470546,M00961,3C家電,Dyson 吹風機,14078,LinePay
2026-04-26 17:57,SA-759750,M00504,美妝保養,雅詩蘭黛 小棕瓶,4157,LinePay
2026-04-25 19:07,SA-573025,M00411,服飾配件,Nike Air Force 1,3249,ATM轉帳
2026-04-09 17:56,SA-670948,M00930,美妝保養,雅詩蘭黛 小棕瓶,3863,信用卡
2026-04-07 08:18,SA-910445,M00015,保健食品,白蘭氏 雙認證雞精(盒),1269,ATM轉帳
2026-04-11 11:18,SA-985354,M00949,服飾配件,Nike Air Force 1,3185,LinePay
2026-04-09 00:06,SA-515409,M01352,保健食品,娘家 益生菌,1118,超商貨到付款
2026-04-27 13:15,SA-154781,M01244,美妝保養,蘭蔻 極光水,3359,超商貨到付款
2026-04-17 18:23,SA-156294,M00940,生活居家,舒潔 抽取式衛生紙(箱),867,信用卡
2026-04-03 14:36,SA-770581,M01485,美妝保養,SK-II 青春露,5980,超商貨到付款
2026-04-21 05:09,SA-200972,M00182,3C家電,iPhone 15 Pro,34156,超商貨到付款
2026-04-10 18:27,SA-527155,M00187,生活居家,舒潔 抽取式衛生紙(箱),822,信用卡
2026-04-07 21:24,SA-588184,M00728,美妝保養,蘭蔻 極光水,3590,LinePay
2026-04-21 12:22,SA-963344,M00480,美妝保養,理膚寶水 B5全面修復霜,803,超商貨到付款
2026-04-21 09:38,SA-528274,M00531,服飾配件,Ray-Ban 飛行員太陽眼鏡,5539,信用卡
2026-04-07 01:49,SA-373773,M01038,服飾配件,Nike Air Force 1,3180,信用卡
2026-04-12 14:00,SA-195672,M00129,美妝保養,資生堂 百優精純乳霜,2731,街口支付
2026-04-10 22:57,SA-180348,M00776,保健食品,善存 綜合維他命,921,信用卡
2026-04-03 10:31,SA-510509,M00723,保健食品,桂格 大燕麥片,215,信用卡
2026-04-15 21:45,SA-773949,M01228,3C家電,Nintendo Switch,8825,街口支付
2026-04-16 22:53,SA-468097,M00159,保健食品,娘家 益生菌,1142,信用卡
2026-04-30 01:45,SA-930311,M00099,3C家電,LG 掃地機器人,15079,LinePay
2026-04-04 20:55,SA-504016,M01237,美妝保養,資生堂 百優精純乳霜,2683,ATM轉帳
2026-04-27 15:17,SA-684430,M00867,生活居家,舒潔 抽取式衛生紙(箱),886,ATM轉帳
2026-04-05 20:45,SA-665877,M00430,3C家電,Sony 降噪耳機,10435,LinePay
2026-04-15 19:41,SA-399511,M00503,生活居家,宜得利 N-COOL涼感床墊,1185,LinePay
2026-04-21 11:37,SA-103969,M01209,服飾配件,Nike Air Force 1,3394,LinePay
2026-04-24 03:50,SA-796771,M01366,美妝保養,蘭蔻 極光水,3538,超商貨到付款
2026-04-18 21:22,SA-915909,M00417,服飾配件,Uniqlo 極暖發熱衣,715,LinePay
2026-04-04 19:34,SA-735988,M00481,生活居家,3M 淨水器濾心,2365,信用卡
2026-04-21 22:27,SA-207929,M01176,母嬰用品,幫寶適 一級幫紙尿褲(箱),1484,信用卡
2026-04-07 12:52,SA-663619,M00993,3C家電,LG 掃地機器人,15675,LinePay
2026-04-13 01:20,SA-460516,M00168,3C家電,Apple Watch S9,12742,信用卡
2026-04-25 11:58,SA-279699,M01025,母嬰用品,幫寶適 一級幫紙尿褲(箱),1486,LinePay
2026-04-05 13:33,SA-479702,M00938,服飾配件,Nike Air Force 1,3373,超商貨到付款
2026-04-26 12:54,SA-162146,M00955,美妝保養,資生堂 百優精純乳霜,2748,信用卡
2026-04-05 00:31,SA-846956,M00831,服飾配件,Nike Air Force 1,3302,街口支付
2026-04-26 02:02,SA-717368,M00644,服飾配件,Ray-Ban 飛行員太陽眼鏡,5256,信用卡
2026-04-17 22:30,SA-979543,M00905,美妝保養,SK-II 青春露,6138,信用卡
2026-04-03 01:23,SA-571060,M01450,生活居家,無印良品 PP收納盒,442,信用卡
2026-04-09 07:53,SA-710083,M01295,保健食品,桂格 大燕麥片,221,信用卡
2026-04-03 06:22,SA-806421,M00060,服飾配件,G-Shock 經典運動錶,3125,信用卡
2026-04-20 16:35,SA-489816,M00526,服飾配件,Levi's 501牛仔褲,3966,ATM轉帳
2026-04-17 11:12,SA-802722,M00677,服飾配件,Levi's 501牛仔褲,3842,信用卡
2026-04-10 08:02,SA-627467,M01098,美妝保養,蘭蔻 極光水,3594,信用卡
2026-04-13 06:55,SA-526134,M00673,生活居家,TOTO 溫水洗淨便座,9069,街口支付
2026-04-26 19:20,SA-603414,M00764,服飾配件,Ray-Ban 飛行員太陽眼鏡,5560,信用卡
2026-04-20 01:38,SA-409910,M00254,生活居家,舒潔 抽取式衛生紙(箱),832,信用卡
2026-04-13 18:56,SA-269432,M00846,服飾配件,Levi's 501牛仔褲,3670,信用卡
2026-04-20 19:51,SA-355768,M00928,3C家電,Nintendo Switch,8908,信用卡
2026-04-16 22:07,SA-799850,M01016,母嬰用品,幫寶適 一級幫紙尿褲(箱),1451,信用卡
2026-04-26 09:22,SA-560111,M00707,服飾配件,G-Shock 經典運動錶,3037,信用卡
2026-04-06 01:57,SA-388734,M00045,美妝保養,理膚寶水 B5全面修復霜,849,超商貨到付款
2026-04-22 05:17,SA-150068,M00257,美妝保養,理膚寶水 B5全面修復霜,875,信用卡
2026-04-30 19:17,SA-330668,M01051,3C家電,Dyson 吹風機,13752,超商貨到付款
2026-04-24 07:14,SA-670533,M00602,服飾配件,Ray-Ban 飛行員太陽眼鏡,5168,LinePay
2026-04-10 13:21,SA-964322,M01012,美妝保養,雅詩蘭黛 小棕瓶,4070,超商貨到付款
2026-04-28 16:17,SA-594364,M01029,母嬰用品,Combi 奶瓶消毒鍋,3198,LinePay
2026-04-30 14:08,SA-757405,M01381,美妝保養,資生堂 百優精純乳霜,2734,信用卡
2026-04-22 03:01,SA-505893,M01371,保健食品,桂格 大燕麥片,218,超商貨到付款
2026-04-01 23:20,SA-889626,M00921,美妝保養,SK-II 青春露,6194,信用卡
2026-04-07 01:15,SA-209455,M00434,美妝保養,蘭蔻 極光水,3514,超商貨到付款
2026-04-03 09:23,SA-415220,M00058,生活居家,3M 淨水器濾心,2284,ATM轉帳
2026-04-11 14:45,SA-729075,M00259,服飾配件,G-Shock 經典運動錶,3159,信用卡
2026-04-28 20:58,SA-412104,M00833,美妝保養,資生堂 百優精純乳霜,2582,信用卡
2026-04-19 14:14,SA-822461,M00014,美妝保養,雅詩蘭黛 小棕瓶,4110,LinePay
2026-04-15 09:16,SA-511066,M00544,美妝保養,資生堂 百優精純乳霜,2717,街口支付
2026-04-11 20:44,SA-981176,M01163,母嬰用品,明治 金選奶粉,741,街口支付
2026-04-03 21:54,SA-285179,M00640,美妝保養,SK-II 青春露,5638,ATM轉帳
2026-04-19 07:24,SA-317580,M00481,美妝保養,理膚寶水 B5全面修復霜,851,LinePay
2026-04-19 17:37,SA-393864,M00826,生活居家,舒潔 抽取式衛生紙(箱),849,LinePay
2026-04-29 00:01,SA-263778,M01025,服飾配件,Nike Air Force 1,3381,LinePay
2026-04-25 09:48,SA-497049,M00335,美妝保養,資生堂 百優精純乳霜,2698,信用卡
2026-04-23 17:09,SA-786925,M01073,3C家電,LG 掃地機器人,14808,信用卡
2026-04-04 02:27,SA-760708,M00939,美妝保養,雅詩蘭黛 小棕瓶,4001,ATM轉帳
2026-04-09 16:05,SA-974522,M00165,服飾配件,Nike Air Force 1,3269,信用卡
2026-04-06 19:21,SA-757729,M00610,服飾配件,Uniqlo 極暖發熱衣,752,LinePay
2026-04-12 02:28,SA-387610,M00636,服飾配件,Ray-Ban 飛行員太陽眼鏡,5322,信用卡
2026-04-24 08:40,SA-641991,M01124,美妝保養,理膚寶水 B5全面修復霜,822,信用卡
2026-04-12 18:57,SA-976503,M00354,美妝保養,資生堂 百優精純乳霜,2717,ATM轉帳
2026-04-19 19:16,SA-961689,M00682,3C家電,Nintendo Switch,9162,LinePay
2026-04-08 11:16,SA-200016,M00877,3C家電,Sony 降噪耳機,10301,信用卡
2026-04-12 21:50,SA-851915,M00102,保健食品,桂格 大燕麥片,222,信用卡
2026-04-21 17:19,SA-490562,M00039,美妝保養,理膚寶水 B5全面修復霜,863,超商貨到付款
2026-04-03 15:03,SA-231693,M00333,美妝保養,資生堂 百優精純乳霜,2591,街口支付
2026-04-11 21:33,SA-871467,M01283,3C家電,Sony 降噪耳機,9927,信用卡
2026-04-10 14:43,SA-472336,M00661,3C家電,Apple Watch S9,13405,信用卡
2026-04-14 16:49,SA-612755,M00200,生活居家,舒潔 抽取式衛生紙(箱),883,LinePay
2026-04-29 20:13,SA-560782,M01017,服飾配件,Levi's 501牛仔褲,3983,街口支付
2026-04-19 09:27,SA-142320,M01082,美妝保養,蘭蔻 極光水,3396,信用卡
2026-04-05 16:19,SA-336312,M00481,服飾配件,Ray-Ban 飛行員太陽眼鏡,5126,街口支付
2026-04-13 22:01,SA-934072,M00649,美妝保養,資生堂 百優精純乳霜,2724,信用卡
2026-04-12 02:12,SA-656196,M00891,保健食品,白蘭氏 雙認證雞精(盒),1268,超商貨到付款
2026-04-24 00:11,SA-424825,M00408,美妝保養,雅詩蘭黛 小棕瓶,4174,超商貨到付款
2026-04-13 13:49,SA-592738,M01264,美妝保養,雅詩蘭黛 小棕瓶,3946,LinePay
2026-04-11 09:44,SA-648366,M01144,美妝保養,理膚寶水 B5全面修復霜,826,信用卡
2026-04-09 21:40,SA-480823,M00785,美妝保養,雅詩蘭黛 小棕瓶,4126,信用卡
2026-04-21 03:41,SA-399312,M00044,美妝保養,資生堂 百優精純乳霜,2663,超商貨到付款
2026-04-01 21:54,SA-269234,M00187,母嬰用品,明治 金選奶粉,720,信用卡
2026-04-08 04:57,SA-408928,M00344,服飾配件,Levi's 501牛仔褲,3823,街口支付
2026-04-22 19:48,SA-275021,M00385,保健食品,善存 綜合維他命,945,街口支付
2026-04-15 08:53,SA-683014,M00590,服飾配件,Levi's 501牛仔褲,3814,街口支付
2026-04-23 11:42,SA-686319,M00092,美妝保養,理膚寶水 B5全面修復霜,796,信用卡
2026-04-21 05:08,SA-259487,M01243,3C家電,iPhone 15 Pro,35363,信用卡
2026-04-07 17:31,SA-694862,M01211,服飾配件,Levi's 501牛仔褲,3726,街口支付
2026-04-03 19:03,SA-103410,M00809,3C家電,Sony 降噪耳機,10278,超商貨到付款
2026-04-24 07:14,SA-914088,M01191,服飾配件,Levi's 501牛仔褲,3788,信用卡
2026-04-24 05:04,SA-990118,M00575,美妝保養,理膚寶水 B5全面修復霜,871,LinePay
2026-04-20 08:14,SA-940017,M00404,3C家電,Dyson 吹風機,13322,信用卡
2026-04-10 20:50,SA-997597,M00824,服飾配件,Uniqlo 極暖發熱衣,769,信用卡
2026-04-19 20:21,SA-947380,M01423,服飾配件,Uniqlo 極暖發熱衣,760,信用卡
2026-04-28 17:12,SA-291891,M01492,美妝保養,雅詩蘭黛 小棕瓶,3895,LinePay
2026-04-20 05:15,SA-429235,M00791,生活居家,TOTO 溫水洗淨便座,9483,LinePay
2026-04-06 02:27,SA-605895,M01218,服飾配件,Nike Air Force 1,3267,信用卡
2026-04-28 02:12,SA-924711,M00729,3C家電,Dyson 吹風機,13993,信用卡
2026-04-24 14:59,SA-680440,M00019,美妝保養,蘭蔻 極光水,3593,信用卡
2026-04-29 12:43,SA-226305,M01299,3C家電,LG 掃地機器人,15401,LinePay
2026-04-18 11:15,SA-531401,M00517,3C家電,Sony 降噪耳機,10893,ATM轉帳
2026-04-18 02:14,SA-898982,M00107,美妝保養,資生堂 百優精純乳霜,2566,信用卡
2026-04-06 19:34,SA-840692,M00263,母嬰用品,貝親 寬口玻璃奶瓶,535,LinePay
2026-04-06 11:09,SA-668709,M01376,生活居家,TOTO 溫水洗淨便座,9486,街口支付
2026-04-15 18:05,SA-529709,M00340,母嬰用品,幫寶適 一級幫紙尿褲(箱),1520,超商貨到付款
2026-04-14 06:11,SA-129322,M00474,服飾配件,Nike Air Force 1,3238,LinePay
2026-04-11 16:35,SA-949138,M00519,生活居家,舒潔 抽取式衛生紙(箱),838,街口支付
2026-04-13 14:32,SA-417116,M00746,3C家電,Sony 降噪耳機,10135,信用卡
2026-04-01 00:17,SA-527140,M00857,母嬰用品,明治 金選奶粉,697,LinePay
2026-04-18 01:16,SA-719155,M00580,美妝保養,雅詩蘭黛 小棕瓶,3949,街口支付
2026-04-16 10:19,SA-488761,M00693,美妝保養,理膚寶水 B5全面修復霜,818,信用卡
2026-04-10 10:48,SA-726992,M00460,美妝保養,理膚寶水 B5全面修復霜,804,信用卡
2026-04-06 10:01,SA-116245,M00408,3C家電,Dyson 吹風機,13966,信用卡
2026-04-08 03:17,SA-161435,M00283,服飾配件,Levi's 501牛仔褲,3837,信用卡
2026-04-27 22:28,SA-314532,M01151,3C家電,LG 掃地機器人,15437,LinePay
2026-04-22 12:33,SA-653674,M00044,生活居家,3M 淨水器濾心,2437,信用卡
2026-04-05 14:30,SA-968421,M01489,3C家電,iPhone 15 Pro,36571,ATM轉帳
2026-04-22 17:13,SA-558342,M00088,美妝保養,蘭蔻 極光水,3481,信用卡
2026-04-29 11:28,SA-632126,M00165,美妝保養,資生堂 百優精純乳霜,2653,信用卡
2026-04-05 17:37,SA-368667,M00423,服飾配件,Levi's 501牛仔褲,3815,街口支付
2026-04-18 03:59,SA-674879,M00802,服飾配件,G-Shock 經典運動錶,2905,超商貨到付款
2026-04-26 10:54,SA-210324,M00312,美妝保養,SK-II 青春露,5871,信用卡
2026-04-22 13:48,SA-145248,M00354,3C家電,Apple Watch S9,13278,超商貨到付款
2026-04-13 16:54,SA-526689,M01096,美妝保養,雅詩蘭黛 小棕瓶,4030,信用卡
2026-04-08 08:25,SA-630072,M01219,3C家電,Dyson 吹風機,13143,信用卡
2026-04-04 15:49,SA-257221,M00587,母嬰用品,Combi 奶瓶消毒鍋,2990,LinePay
2026-04-21 18:46,SA-664971,M00317,服飾配件,Levi's 501牛仔褲,3594,LinePay
2026-04-14 06:58,SA-317609,M00231,美妝保養,蘭蔻 極光水,3439,信用卡
2026-04-13 19:44,SA-395100,M01405,美妝保養,資生堂 百優精純乳霜,2721,信用卡
2026-04-30 10:36,SA-192046,M00721,美妝保養,SK-II 青春露,5760,超商貨到付款
2026-04-21 10:30,SA-547303,M00746,3C家電,Apple Watch S9,12470,ATM轉帳
2026-04-25 15:01,SA-691301,M01239,服飾配件,Ray-Ban 飛行員太陽眼鏡,5198,LinePay
2026-04-19 00:48,SA-547627,M00758,母嬰用品,Combi 奶瓶消毒鍋,2983,信用卡
2026-04-13 08:42,SA-453621,M00665,美妝保養,蘭蔻 極光水,3584,信用卡
2026-04-07 06:08,SA-557903,M01219,3C家電,Dyson 吹風機,14334,超商貨到付款
2026-04-09 01:13,SA-667995,M01110,美妝保養,理膚寶水 B5全面修復霜,822,LinePay
2026-04-21 14:25,SA-195232,M00716,服飾配件,Levi's 501牛仔褲,3763,信用卡
2026-04-18 21:20,SA-138518,M01324,生活居家,3M 淨水器濾心,2305,信用卡
2026-04-10 23:58,SA-553993,M00827,生活居家,宜得利 N-COOL涼感床墊,1177,超商貨到付款
2026-04-30 19:43,SA-312843,M00737,美妝保養,SK-II 青春露,5642,信用卡
2026-04-20 12:40,SA-430340,M01394,3C家電,iPhone 15 Pro,35205,信用卡
2026-04-26 18:40,SA-920097,M01014,母嬰用品,幫寶適 一級幫紙尿褲(箱),1521,信用卡
2026-04-19 00:45,SA-159499,M01224,美妝保養,理膚寶水 B5全面修復霜,856,街口支付
2026-04-06 06:13,SA-106247,M00744,母嬰用品,幫寶適 一級幫紙尿褲(箱),1462,街口支付
2026-04-09 07:31,SA-652699,M01442,母嬰用品,貝親 寬口玻璃奶瓶,549,超商貨到付款
2026-04-01 07:11,SA-430775,M00384,3C家電,Nintendo Switch,9685,ATM轉帳
2026-04-23 15:29,SA-554895,M00347,母嬰用品,明治 金選奶粉,684,街口支付
2026-04-10 05:06,SA-629670,M00904,服飾配件,Levi's 501牛仔褲,3840,信用卡
2026-04-01 04:35,SA-182641,M00124,3C家電,Apple Watch S9,12355,LinePay
2026-04-07 15:59,SA-971409,M01483,生活居家,舒潔 抽取式衛生紙(箱),870,LinePay
2026-04-25 14:55,SA-983680,M00242,生活居家,舒潔 抽取式衛生紙(箱),849,LinePay
2026-04-18 20:26,SA-933696,M00008,美妝保養,資生堂 百優精純乳霜,2542,超商貨到付款
2026-04-14 13:50,SA-176068,M00940,生活居家,舒潔 抽取式衛生紙(箱),812,超商貨到付款
2026-04-09 09:18,SA-996920,M00472,3C家電,iPhone 15 Pro,35046,信用卡
2026-04-22 16:48,SA-626596,M00912,美妝保養,理膚寶水 B5全面修復霜,806,信用卡
2026-04-10 17:13,SA-622958,M00277,服飾配件,Nike Air Force 1,3285,超商貨到付款
2026-04-11 05:10,SA-808433,M00944,美妝保養,雅詩蘭黛 小棕瓶,4049,信用卡
2026-04-03 09:03,SA-402829,M00611,美妝保養,雅詩蘭黛 小棕瓶,3818,信用卡
2026-04-29 10:17,SA-740522,M01165,生活居家,宜得利 N-COOL涼感床墊,1189,超商貨到付款
2026-04-19 20:08,SA-721765,M01127,美妝保養,蘭蔻 極光水,3598,LinePay
2026-04-13 00:30,SA-592412,M01112,3C家電,iPhone 15 Pro,35773,LinePay
2026-04-09 00:22,SA-870731,M00941,3C家電,Apple Watch S9,13149,街口支付
2026-04-23 15:57,SA-959990,M00427,服飾配件,Nike Air Force 1,3106,ATM轉帳
2026-04-12 02:47,SA-886140,M00904,3C家電,Apple Watch S9,13031,信用卡
2026-04-14 10:23,SA-585073,M00247,3C家電,Apple Watch S9,13274,信用卡
2026-04-05 14:39,SA-856844,M01352,3C家電,LG 掃地機器人,15805,超商貨到付款
2026-04-05 20:33,SA-767698,M01133,美妝保養,雅詩蘭黛 小棕瓶,3865,信用卡
2026-04-10 05:11,SA-857198,M00457,美妝保養,資生堂 百優精純乳霜,2755,信用卡
2026-04-27 06:33,SA-886130,M01384,3C家電,iPhone 15 Pro,35087,超商貨到付款
2026-04-05 08:33,SA-467386,M00411,母嬰用品,明治 金選奶粉,719,LinePay
2026-04-07 16:35,SA-381975,M00993,生活居家,宜得利 N-COOL涼感床墊,1223,信用卡
2026-04-30 00:09,SA-801211,M01291,生活居家,無印良品 PP收納盒,442,信用卡
2026-04-03 12:48,SA-247644,M01350,3C家電,Dyson 吹風機,14212,信用卡
2026-04-11 22:59,SA-351872,M00846,服飾配件,Ray-Ban 飛行員太陽眼鏡,5076,超商貨到付款
2026-04-17 08:58,SA-733795,M01244,3C家電,Nintendo Switch,9377,LinePay
2026-04-20 05:35,SA-530798,M00842,生活居家,宜得利 N-COOL涼感床墊,1178,超商貨到付款
2026-04-23 15:59,SA-395481,M00389,保健食品,娘家 大紅麴,2351,信用卡
2026-04-06 08:07,SA-454007,M00303,服飾配件,Levi's 501牛仔褲,3847,LinePay
2026-04-07 07:26,SA-283527,M00737,保健食品,娘家 大紅麴,2441,信用卡
2026-04-06 05:23,SA-196220,M01493,保健食品,善存 綜合維他命,946,街口支付
2026-04-18 16:13,SA-400489,M00306,美妝保養,雅詩蘭黛 小棕瓶,3913,ATM轉帳
2026-04-15 00:26,SA-137805,M01368,美妝保養,理膚寶水 B5全面修復霜,866,信用卡
2026-04-15 03:44,SA-365806,M00717,美妝保養,理膚寶水 B5全面修復霜,835,信用卡
2026-04-26 23:48,SA-966263,M00134,生活居家,TOTO 溫水洗淨便座,9528,LinePay
2026-04-05 19:45,SA-613617,M00374,母嬰用品,貝親 寬口玻璃奶瓶,532,超商貨到付款
2026-04-22 13:26,SA-750005,M00772,美妝保養,雅詩蘭黛 小棕瓶,4132,LinePay
2026-04-28 15:48,SA-361602,M00906,美妝保養,理膚寶水 B5全面修復霜,804,信用卡
2026-04-15 05:42,SA-860073,M00876,3C家電,Dyson 吹風機,14423,信用卡
2026-04-27 15:47,SA-465086,M00875,3C家電,Dyson 吹風機,13864,街口支付
2026-04-23 06:49,SA-681532,M01348,生活居家,TOTO 溫水洗淨便座,9147,信用卡
2026-04-16 14:52,SA-709797,M00711,生活居家,3M 淨水器濾心,2398,LinePay
2026-04-25 16:33,SA-522265,M00087,3C家電,Dyson 吹風機,13813,LinePay
2026-04-24 00:24,SA-208533,M00384,服飾配件,Uniqlo 極暖發熱衣,759,街口支付
2026-04-24 12:09,SA-778873,M00857,美妝保養,理膚寶水 B5全面修復霜,879,街口支付
2026-04-27 15:33,SA-560634,M01114,3C家電,Sony 降噪耳機,10700,信用卡
2026-04-17 11:10,SA-917087,M00679,美妝保養,理膚寶水 B5全面修復霜,842,ATM轉帳
2026-04-25 03:50,SA-630356,M00728,保健食品,善存 綜合維他命,900,信用卡
2026-04-27 20:19,SA-487432,M01142,母嬰用品,Joie 輕量雙向推車,6468,信用卡
2026-04-07 16:26,SA-150952,M01152,母嬰用品,貝親 寬口玻璃奶瓶,578,LinePay
2026-04-22 15:19,SA-633661,M01222,美妝保養,雅詩蘭黛 小棕瓶,3919,LinePay
2026-04-20 10:32,SA-224027,M00265,3C家電,Dyson 吹風機,13612,信用卡
2026-04-12 20:07,SA-510428,M01100,3C家電,LG 掃地機器人,15120,信用卡
2026-04-24 05:59,SA-355201,M00290,美妝保養,雅詩蘭黛 小棕瓶,4136,超商貨到付款
2026-04-12 08:36,SA-362503,M00459,生活居家,無印良品 PP收納盒,414,信用卡
2026-04-18 11:10,SA-774294,M00671,3C家電,Dyson 吹風機,14331,超商貨到付款
2026-04-22 14:23,SA-593135,M00196,3C家電,LG 掃地機器人,15821,信用卡
2026-04-28 01:23,SA-448211,M00342,3C家電,Sony 降噪耳機,10646,街口支付
2026-04-08 10:40,SA-726934,M00766,服飾配件,Uniqlo 極暖發熱衣,758,信用卡
2026-04-24 22:55,SA-130823,M01475,3C家電,Apple Watch S9,12311,超商貨到付款
2026-04-26 01:44,SA-422461,M01158,美妝保養,SK-II 青春露,6228,信用卡
2026-04-24 20:48,SA-298876,M00461,3C家電,Sony 降噪耳機,10244,ATM轉帳
2026-04-28 05:52,SA-169940,M00132,美妝保養,理膚寶水 B5全面修復霜,823,信用卡
2026-04-11 18:07,SA-123956,M00467,3C家電,Dyson 吹風機,14440,信用卡
2026-04-12 04:39,SA-201730,M01350,生活居家,舒潔 抽取式衛生紙(箱),866,LinePay
2026-04-05 01:08,SA-542327,M00102,3C家電,Sony 降噪耳機,10498,信用卡
2026-04-24 14:53,SA-817737,M01316,美妝保養,理膚寶水 B5全面修復霜,870,LinePay
2026-04-01 01:55,SA-527035,M00120,母嬰用品,貝親 寬口玻璃奶瓶,560,超商貨到付款
2026-04-19 08:00,SA-690341,M01051,美妝保養,資生堂 百優精純乳霜,2704,ATM轉帳
2026-04-21 12:28,SA-892253,M00031,3C家電,LG 掃地機器人,15167,信用卡
2026-04-24 17:05,SA-398141,M00966,3C家電,Nintendo Switch,9058,LinePay
2026-04-10 16:29,SA-424411,M00968,美妝保養,雅詩蘭黛 小棕瓶,3801,信用卡
2026-04-28 11:26,SA-139802,M00173,服飾配件,G-Shock 經典運動錶,2947,信用卡
2026-04-06 06:03,SA-745922,M00481,生活居家,無印良品 PP收納盒,448,LinePay
2026-04-21 09:20,SA-742052,M01281,生活居家,舒潔 抽取式衛生紙(箱),848,信用卡
2026-04-12 17:41,SA-342076,M00835,3C家電,iPhone 15 Pro,33912,LinePay
2026-04-02 23:24,SA-240010,M01159,母嬰用品,幫寶適 一級幫紙尿褲(箱),1523,信用卡
2026-04-21 10:25,SA-674030,M00051,保健食品,桂格 大燕麥片,226,超商貨到付款
2026-04-13 12:44,SA-573093,M01042,3C家電,Apple Watch S9,12739,信用卡
2026-04-13 03:53,SA-541505,M00610,保健食品,白蘭氏 雙認證雞精(盒),1274,信用卡
2026-04-28 23:22,SA-623611,M00607,保健食品,娘家 益生菌,1148,信用卡
2026-04-24 02:09,SA-673238,M01296,美妝保養,理膚寶水 B5全面修復霜,820,LinePay
2026-04-25 17:34,SA-891260,M00902,生活居家,宜得利 N-COOL涼感床墊,1217,街口支付
2026-04-06 02:05,SA-301742,M01391,美妝保養,資生堂 百優精純乳霜,2619,LinePay
2026-04-09 18:23,SA-978714,M01363,美妝保養,理膚寶水 B5全面修復霜,841,信用卡
2026-04-07 10:07,SA-634726,M00460,3C家電,Apple Watch S9,13482,街口支付
2026-04-24 14:12,SA-743849,M01178,母嬰用品,明治 金選奶粉,675,信用卡
2026-04-23 15:49,SA-851081,M00949,3C家電,iPhone 15 Pro,35884,LinePay
2026-04-15 05:40,SA-467900,M01260,服飾配件,G-Shock 經典運動錶,3057,LinePay
2026-04-09 08:45,SA-882369,M01114,母嬰用品,Joie 輕量雙向推車,6488,LinePay
2026-04-24 19:45,SA-986612,M01129,服飾配件,G-Shock 經典運動錶,2914,超商貨到付款
2026-04-26 05:00,SA-964411,M00529,服飾配件,G-Shock 經典運動錶,3000,信用卡
2026-04-15 00:34,SA-421403,M00162,服飾配件,Nike Air Force 1,3178,LinePay
2026-04-23 19:28,SA-569148,M01066,母嬰用品,Combi 奶瓶消毒鍋,3201,LinePay
2026-04-19 09:10,SA-910619,M00962,服飾配件,Nike Air Force 1,3184,LinePay
2026-04-08 01:49,SA-276011,M00762,3C家電,Apple Watch S9,13260,信用卡
2026-04-25 13:49,SA-990102,M00600,3C家電,LG 掃地機器人,15593,LinePay
2026-04-23 13:24,SA-936379,M00739,生活居家,TOTO 溫水洗淨便座,9869,街口支付
2026-04-17 06:39,SA-269201,M00175,服飾配件,Nike Air Force 1,3081,LinePay
2026-04-06 05:21,SA-877729,M00691,美妝保養,理膚寶水 B5全面修復霜,807,信用卡
2026-04-01 03:45,SA-819196,M00571,美妝保養,理膚寶水 B5全面修復霜,854,超商貨到付款
2026-04-22 23:43,SA-174827,M00289,美妝保養,資生堂 百優精純乳霜,2623,LinePay
2026-04-03 11:16,SA-683357,M01341,服飾配件,Levi's 501牛仔褲,3612,超商貨到付款
2026-04-02 15:37,SA-406290,M00093,生活居家,宜得利 N-COOL涼感床墊,1192,LinePay
2026-04-07 06:18,SA-208661,M00939,3C家電,Sony 降噪耳機,9901,信用卡
2026-04-20 23:44,SA-357638,M00751,服飾配件,Levi's 501牛仔褲,3972,信用卡
2026-04-22 00:41,SA-880835,M00615,3C家電,LG 掃地機器人,15095,信用卡
2026-04-03 02:09,SA-929181,M00995,服飾配件,Ray-Ban 飛行員太陽眼鏡,5280,ATM轉帳
2026-04-12 11:43,SA-323708,M01354,美妝保養,蘭蔻 極光水,3467,信用卡
2026-04-04 23:41,SA-640198,M01431,美妝保養,蘭蔻 極光水,3296,信用卡
2026-04-01 15:30,SA-117542,M01377,美妝保養,雅詩蘭黛 小棕瓶,3981,信用卡
2026-04-15 05:14,SA-396844,M00328,美妝保養,理膚寶水 B5全面修復霜,857,超商貨到付款
2026-04-20 07:30,SA-774463,M01097,服飾配件,G-Shock 經典運動錶,3007,超商貨到付款
2026-04-22 03:41,SA-734276,M01251,3C家電,Sony 降噪耳機,10073,LinePay
2026-04-19 07:13,SA-924294,M00326,3C家電,Nintendo Switch,9636,街口支付
2026-04-12 02:41,SA-293695,M00891,生活居家,宜得利 N-COOL涼感床墊,1177,LinePay
2026-04-28 22:16,SA-384440,M00841,3C家電,iPhone 15 Pro,34124,街口支付
2026-04-24 23:49,SA-208514,M00300,美妝保養,雅詩蘭黛 小棕瓶,4143,信用卡
2026-04-23 13:08,SA-290382,M00707,保健食品,善存 綜合維他命,920,信用卡
2026-04-16 13:33,SA-745739,M01138,3C家電,Apple Watch S9,12810,超商貨到付款
2026-04-02 12:31,SA-863153,M00740,3C家電,LG 掃地機器人,14796,LinePay
2026-04-21 00:03,SA-844335,M00905,服飾配件,Ray-Ban 飛行員太陽眼鏡,5422,LinePay
2026-04-02 23:14,SA-956055,M00996,美妝保養,理膚寶水 B5全面修復霜,827,信用卡
2026-04-20 21:29,SA-504142,M00380,3C家電,Dyson 吹風機,14411,LinePay
2026-04-10 18:48,SA-691957,M01083,服飾配件,Levi's 501牛仔褲,3591,信用卡
2026-04-17 17:55,SA-499113,M01490,服飾配件,G-Shock 經典運動錶,3169,LinePay
2026-04-14 02:47,SA-218988,M00525,3C家電,Sony 降噪耳機,9989,街口支付
2026-04-09 12:36,SA-101142,M00499,美妝保養,蘭蔻 極光水,3247,超商貨到付款
2026-04-14 05:15,SA-848775,M01375,3C家電,iPhone 15 Pro,36232,信用卡
2026-04-16 17:23,SA-116629,M01137,美妝保養,資生堂 百優精純乳霜,2711,信用卡
2026-04-24 02:52,SA-228441,M00453,生活居家,舒潔 抽取式衛生紙(箱),829,LinePay
2026-04-04 16:42,SA-229497,M00328,生活居家,3M 淨水器濾心,2308,信用卡
2026-04-02 13:04,SA-338100,M00075,保健食品,善存 綜合維他命,940,信用卡
2026-04-30 19:56,SA-446776,M00798,美妝保養,資生堂 百優精純乳霜,2771,信用卡
2026-04-22 12:46,SA-100786,M01392,美妝保養,SK-II 青春露,6009,信用卡
2026-04-10 00:20,SA-788351,M01487,美妝保養,資生堂 百優精純乳霜,2618,LinePay
2026-04-23 06:04,SA-724651,M01165,生活居家,TOTO 溫水洗淨便座,9149,LinePay
2026-04-20 21:45,SA-271072,M01394,生活居家,宜得利 N-COOL涼感床墊,1202,街口支付
2026-04-19 13:23,SA-210328,M01429,母嬰用品,貝親 寬口玻璃奶瓶,524,信用卡
2026-04-24 14:22,SA-179334,M00223,3C家電,Apple Watch S9,13157,超商貨到付款
2026-04-15 01:27,SA-708587,M00451,美妝保養,雅詩蘭黛 小棕瓶,3948,街口支付
2026-04-03 06:56,SA-869909,M01264,3C家電,Apple Watch S9,12575,LinePay
2026-04-24 00:20,SA-875086,M01464,服飾配件,Ray-Ban 飛行員太陽眼鏡,5383,街口支付
2026-04-20 09:51,SA-879457,M00337,生活居家,TOTO 溫水洗淨便座,9599,超商貨到付款
2026-04-25 18:46,SA-252265,M00660,生活居家,TOTO 溫水洗淨便座,9261,信用卡
2026-04-23 23:49,SA-892455,M00168,生活居家,舒潔 抽取式衛生紙(箱),874,街口支付
2026-04-09 09:27,SA-523919,M01162,母嬰用品,幫寶適 一級幫紙尿褲(箱),1570,ATM轉帳
2026-04-29 12:01,SA-949744,M00579,服飾配件,Levi's 501牛仔褲,3941,超商貨到付款
2026-04-08 05:14,SA-473919,M01315,3C家電,LG 掃地機器人,14860,信用卡
2026-04-05 12:10,SA-407069,M00928,生活居家,TOTO 溫水洗淨便座,9728,超商貨到付款
2026-04-26 17:56,SA-972989,M00771,美妝保養,資生堂 百優精純乳霜,2567,信用卡
2026-04-19 06:49,SA-769459,M00175,美妝保養,蘭蔻 極光水,3498,街口支付
2026-04-27 18:19,SA-613538,M01019,母嬰用品,Combi 奶瓶消毒鍋,3250,LinePay
2026-04-30 16:15,SA-646150,M00827,3C家電,Nintendo Switch,9604,信用卡
2026-04-26 09:59,SA-745524,M00977,3C家電,Apple Watch S9,12870,LinePay
2026-04-07 06:23,SA-566915,M01262,3C家電,Dyson 吹風機,14587,信用卡
2026-04-12 11:13,SA-943797,M00470,美妝保養,雅詩蘭黛 小棕瓶,3891,LinePay
2026-04-15 01:14,SA-259797,M00316,服飾配件,G-Shock 經典運動錶,2902,LinePay
2026-04-28 07:36,SA-226918,M01005,美妝保養,理膚寶水 B5全面修復霜,862,LinePay
2026-04-19 17:16,SA-918016,M00487,美妝保養,雅詩蘭黛 小棕瓶,4128,ATM轉帳
2026-04-15 02:55,SA-839414,M00513,服飾配件,Levi's 501牛仔褲,3649,超商貨到付款
2026-04-09 22:16,SA-229733,M00670,服飾配件,G-Shock 經典運動錶,3073,ATM轉帳
2026-04-15 00:24,SA-362335,M01137,保健食品,桂格 大燕麥片,219,信用卡
2026-04-20 05:32,SA-359181,M00232,母嬰用品,貝親 寬口玻璃奶瓶,561,街口支付
2026-04-19 16:27,SA-520891,M00944,生活居家,宜得利 N-COOL涼感床墊,1236,信用卡
2026-04-15 19:13,SA-478861,M00814,美妝保養,理膚寶水 B5全面修復霜,803,超商貨到付款
2026-04-22 23:40,SA-130910,M00878,3C家電,Nintendo Switch,9396,LinePay
2026-04-05 16:09,SA-410762,M00125,3C家電,Apple Watch S9,13479,LinePay
2026-04-29 04:54,SA-450407,M00527,美妝保養,資生堂 百優精純乳霜,2662,信用卡
2026-04-25 19:43,SA-773773,M01410,美妝保養,理膚寶水 B5全面修復霜,811,超商貨到付款
2026-04-22 23:04,SA-265122,M00791,美妝保養,蘭蔻 極光水,3246,LinePay
2026-04-29 21:52,SA-806788,M00228,3C家電,LG 掃地機器人,15872,信用卡
2026-04-19 19:52,SA-368043,M00475,服飾配件,G-Shock 經典運動錶,3196,LinePay
2026-04-17 16:33,SA-962222,M00764,生活居家,宜得利 N-COOL涼感床墊,1180,LinePay
2026-04-02 04:48,SA-323267,M00367,服飾配件,Uniqlo 極暖發熱衣,783,信用卡
2026-04-12 09:32,SA-848467,M00636,美妝保養,SK-II 青春露,5848,超商貨到付款
2026-04-14 10:54,SA-412437,M01185,3C家電,Apple Watch S9,12804,LinePay
2026-04-04 14:08,SA-994314,M00958,3C家電,iPhone 15 Pro,36517,信用卡
2026-04-07 07:29,SA-901670,M00295,母嬰用品,幫寶適 一級幫紙尿褲(箱),1441,信用卡
2026-04-30 08:22,SA-135854,M00540,服飾配件,Uniqlo 極暖發熱衣,743,信用卡
2026-04-01 15:36,SA-812889,M00672,3C家電,Apple Watch S9,12548,信用卡
2026-04-04 17:15,SA-502831,M01196,母嬰用品,貝親 寬口玻璃奶瓶,577,超商貨到付款
2026-04-23 14:21,SA-464934,M00732,服飾配件,Uniqlo 極暖發熱衣,753,信用卡
2026-04-20 00:07,SA-738150,M00068,服飾配件,G-Shock 經典運動錶,2922,信用卡
2026-04-10 01:51,SA-226616,M00712,3C家電,iPhone 15 Pro,35182,LinePay
2026-04-17 16:34,SA-326235,M00636,3C家電,Dyson 吹風機,13429,LinePay
2026-04-13 19:55,SA-940602,M00162,美妝保養,資生堂 百優精純乳霜,2567,ATM轉帳
2026-04-19 12:30,SA-110878,M00422,服飾配件,Nike Air Force 1,3361,ATM轉帳
2026-04-07 14:44,SA-479824,M00237,生活居家,TOTO 溫水洗淨便座,8971,信用卡
2026-04-26 17:22,SA-702220,M00166,美妝保養,雅詩蘭黛 小棕瓶,3843,LinePay
2026-04-02 12:14,SA-614539,M00631,美妝保養,理膚寶水 B5全面修復霜,858,超商貨到付款
2026-04-13 01:04,SA-738045,M00223,生活居家,舒潔 抽取式衛生紙(箱),815,信用卡
2026-04-02 21:46,SA-477935,M01085,美妝保養,理膚寶水 B5全面修復霜,807,信用卡
2026-04-29 01:29,SA-390952,M00186,服飾配件,G-Shock 經典運動錶,3071,信用卡
2026-04-22 13:28,SA-285134,M01199,美妝保養,SK-II 青春露,6077,街口支付
2026-04-13 01:39,SA-872557,M00912,美妝保養,蘭蔻 極光水,3407,信用卡
2026-04-19 01:14,SA-441289,M00536,美妝保養,資生堂 百優精純乳霜,2668,信用卡
2026-04-07 21:27,SA-457314,M00263,保健食品,善存 綜合維他命,937,信用卡
2026-04-23 23:35,SA-336023,M01251,服飾配件,Levi's 501牛仔褲,3985,LinePay
2026-04-13 07:24,SA-130935,M01182,服飾配件,Uniqlo 極暖發熱衣,755,信用卡
2026-04-05 22:11,SA-243843,M00201,生活居家,3M 淨水器濾心,2335,信用卡
2026-04-02 11:25,SA-780851,M00907,生活居家,3M 淨水器濾心,2386,LinePay
2026-04-15 04:56,SA-209026,M01162,服飾配件,Ray-Ban 飛行員太陽眼鏡,5273,信用卡
2026-04-03 18:28,SA-268099,M00826,服飾配件,G-Shock 經典運動錶,2981,LinePay
2026-04-10 21:24,SA-888258,M00456,美妝保養,理膚寶水 B5全面修復霜,825,LinePay
2026-04-26 14:50,SA-502559,M00147,服飾配件,Ray-Ban 飛行員太陽眼鏡,5164,LinePay
2026-04-30 14:15,SA-933878,M01090,保健食品,桂格 大燕麥片,237,街口支付
2026-04-23 13:01,SA-930817,M01002,3C家電,Sony 降噪耳機,10358,信用卡
2026-04-23 00:47,SA-744597,M01313,服飾配件,Levi's 501牛仔褲,3819,信用卡
2026-04-16 09:40,SA-981810,M01322,服飾配件,G-Shock 經典運動錶,2980,信用卡
2026-04-26 11:05,SA-574630,M00496,美妝保養,SK-II 青春露,6244,街口支付
2026-04-03 07:24,SA-265857,M00077,美妝保養,資生堂 百優精純乳霜,2584,超商貨到付款
2026-04-03 18:55,SA-913507,M00150,3C家電,Sony 降噪耳機,10648,信用卡
2026-04-30 10:34,SA-861936,M00060,美妝保養,理膚寶水 B5全面修復霜,870,超商貨到付款
2026-04-26 06:09,SA-430025,M01468,服飾配件,Levi's 501牛仔褲,3931,LinePay
2026-04-24 05:41,SA-210772,M00836,美妝保養,蘭蔻 極光水,3566,信用卡
2026-04-04 22:00,SA-669453,M00983,服飾配件,Uniqlo 極暖發熱衣,743,信用卡
2026-04-06 15:14,SA-856284,M00895,母嬰用品,幫寶適 一級幫紙尿褲(箱),1485,信用卡
2026-04-28 23:21,SA-272093,M00394,美妝保養,理膚寶水 B5全面修復霜,805,LinePay
2026-04-06 02:45,SA-959921,M00302,3C家電,LG 掃地機器人,15776,超商貨到付款
2026-04-17 23:23,SA-234293,M00853,母嬰用品,明治 金選奶粉,708,LinePay
2026-04-24 02:12,SA-264329,M00742,服飾配件,Levi's 501牛仔褲,3934,信用卡
2026-04-26 17:19,SA-771179,M00012,3C家電,LG 掃地機器人,14685,信用卡
2026-04-01 23:08,SA-272651,M00392,3C家電,Nintendo Switch,9321,信用卡
2026-04-09 11:30,SA-588326,M00110,3C家電,LG 掃地機器人,14696,信用卡
2026-04-23 21:45,SA-256508,M00598,美妝保養,雅詩蘭黛 小棕瓶,4121,信用卡
2026-04-13 17:36,SA-475268,M00850,美妝保養,雅詩蘭黛 小棕瓶,3936,信用卡
2026-04-21 19:22,SA-538607,M00060,3C家電,Dyson 吹風機,14239,信用卡
2026-04-02 08:55,SA-585415,M01123,保健食品,娘家 益生菌,1134,LinePay
2026-04-09 12:02,SA-465978,M00163,美妝保養,SK-II 青春露,5662,LinePay
2026-04-14 17:50,SA-776894,M00207,3C家電,Sony 降噪耳機,10334,LinePay
2026-04-16 04:29,SA-578574,M01081,母嬰用品,貝親 寬口玻璃奶瓶,566,LinePay
2026-04-06 03:02,SA-753977,M00906,美妝保養,蘭蔻 極光水,3254,街口支付
2026-04-09 02:17,SA-471253,M00837,服飾配件,Ray-Ban 飛行員太陽眼鏡,5182,信用卡
2026-04-16 12:39,SA-972705,M00238,3C家電,Sony 降噪耳機,10158,信用卡
2026-04-16 06:13,SA-367564,M00703,美妝保養,SK-II 青春露,6177,信用卡
2026-04-13 22:04,SA-395508,M01047,美妝保養,蘭蔻 極光水,3420,超商貨到付款
2026-04-20 18:14,SA-339955,M00149,服飾配件,Ray-Ban 飛行員太陽眼鏡,5338,街口支付
2026-04-09 05:11,SA-984164,M00760,美妝保養,蘭蔻 極光水,3533,街口支付
2026-04-19 23:34,SA-395665,M00542,服飾配件,Uniqlo 極暖發熱衣,746,街口支付
2026-04-07 20:44,SA-691844,M00667,母嬰用品,幫寶適 一級幫紙尿褲(箱),1570,信用卡
2026-04-08 04:00,SA-859148,M00973,生活居家,3M 淨水器濾心,2337,街口支付
2026-04-15 01:28,SA-101570,M00053,3C家電,Sony 降噪耳機,10421,超商貨到付款
2026-04-24 22:20,SA-844670,M00290,服飾配件,Uniqlo 極暖發熱衣,785,超商貨到付款
2026-04-06 19:58,SA-891254,M00356,美妝保養,雅詩蘭黛 小棕瓶,3806,信用卡
2026-04-03 10:33,SA-243920,M00958,生活居家,3M 淨水器濾心,2384,信用卡
2026-04-14 10:36,SA-486366,M00375,母嬰用品,貝親 寬口玻璃奶瓶,548,信用卡
2026-04-09 07:45,SA-379814,M01455,3C家電,Dyson 吹風機,14057,信用卡
2026-04-02 00:54,SA-111024,M00189,3C家電,LG 掃地機器人,14319,信用卡
2026-04-20 04:17,SA-241445,M00444,生活居家,無印良品 PP收納盒,428,超商貨到付款
2026-04-21 18:41,SA-275407,M01220,母嬰用品,Joie 輕量雙向推車,6146,信用卡
2026-04-19 11:45,SA-923861,M00083,服飾配件,Uniqlo 極暖發熱衣,778,LinePay
2026-04-14 01:55,SA-997489,M01105,服飾配件,G-Shock 經典運動錶,3079,信用卡
2026-04-04 15:51,SA-357374,M00441,生活居家,TOTO 溫水洗淨便座,9711,信用卡
2026-04-20 00:37,SA-649700,M01097,服飾配件,Nike Air Force 1,3063,信用卡
2026-04-02 01:38,SA-182661,M01319,美妝保養,蘭蔻 極光水,3494,信用卡
2026-04-03 03:26,SA-800800,M00389,3C家電,LG 掃地機器人,14824,街口支付
2026-04-06 11:56,SA-456970,M00195,生活居家,無印良品 PP收納盒,413,信用卡
2026-04-19 18:36,SA-999653,M00761,美妝保養,雅詩蘭黛 小棕瓶,3963,信用卡
2026-04-21 02:29,SA-169220,M00438,生活居家,無印良品 PP收納盒,436,LinePay
2026-04-25 01:31,SA-861453,M01266,3C家電,Sony 降噪耳機,9815,超商貨到付款
2026-04-28 15:28,SA-262809,M00067,3C家電,Sony 降噪耳機,9839,超商貨到付款
2026-04-16 08:35,SA-798748,M00648,美妝保養,資生堂 百優精純乳霜,2784,街口支付
2026-04-27 03:50,SA-703120,M00940,母嬰用品,Combi 奶瓶消毒鍋,3011,信用卡
2026-04-01 10:59,SA-170812,M00799,服飾配件,Uniqlo 極暖發熱衣,760,信用卡
2026-04-11 08:41,SA-373955,M01109,美妝保養,理膚寶水 B5全面修復霜,871,街口支付
2026-04-14 16:55,SA-760316,M00167,3C家電,Dyson 吹風機,14113,ATM轉帳
2026-04-09 09:33,SA-102900,M00388,美妝保養,SK-II 青春露,5865,LinePay
2026-04-20 13:07,SA-912331,M00840,美妝保養,SK-II 青春露,5760,信用卡
2026-04-11 22:41,SA-542254,M00614,母嬰用品,Joie 輕量雙向推車,6691,信用卡
2026-04-05 10:12,SA-186223,M01004,生活居家,無印良品 PP收納盒,411,街口支付
2026-04-25 22:44,SA-594509,M00366,生活居家,宜得利 N-COOL涼感床墊,1274,LinePay
2026-04-15 06:14,SA-591420,M01346,美妝保養,資生堂 百優精純乳霜,2728,街口支付
2026-04-29 21:29,SA-356337,M01415,美妝保養,理膚寶水 B5全面修復霜,846,LinePay
2026-04-14 17:47,SA-489482,M00560,3C家電,Nintendo Switch,9308,LinePay
2026-04-02 21:42,SA-883666,M00658,生活居家,3M 淨水器濾心,2304,信用卡
2026-04-25 07:23,SA-577005,M00083,美妝保養,SK-II 青春露,5981,街口支付
2026-04-28 09:11,SA-278433,M00227,保健食品,娘家 益生菌,1183,超商貨到付款
2026-04-22 21:08,SA-581067,M00731,美妝保養,資生堂 百優精純乳霜,2604,信用卡
2026-04-16 00:09,SA-886005,M00250,生活居家,宜得利 N-COOL涼感床墊,1177,信用卡
2026-04-20 03:03,SA-695543,M00280,生活居家,TOTO 溫水洗淨便座,9085,街口支付
2026-04-14 22:43,SA-740781,M01101,服飾配件,G-Shock 經典運動錶,2958,超商貨到付款
2026-04-26 16:44,SA-896715,M00088,服飾配件,Levi's 501牛仔褲,3808,信用卡
2026-04-10 01:45,SA-358696,M00486,生活居家,TOTO 溫水洗淨便座,9731,信用卡
2026-04-21 16:41,SA-360017,M00167,母嬰用品,幫寶適 一級幫紙尿褲(箱),1548,超商貨到付款
2026-04-12 03:10,SA-117939,M00645,服飾配件,Ray-Ban 飛行員太陽眼鏡,5395,LinePay
2026-04-22 17:52,SA-728443,M01274,3C家電,iPhone 15 Pro,34949,信用卡
2026-04-26 21:38,SA-428412,M00817,服飾配件,Nike Air Force 1,3398,LinePay
2026-04-11 09:02,SA-418067,M00679,美妝保養,雅詩蘭黛 小棕瓶,4122,信用卡
2026-04-07 01:12,SA-700911,M00046,保健食品,桂格 大燕麥片,233,信用卡
2026-04-15 12:03,SA-310231,M00217,3C家電,Apple Watch S9,13342,LinePay
2026-04-05 06:41,SA-324812,M00446,服飾配件,Ray-Ban 飛行員太陽眼鏡,5599,信用卡
2026-04-14 11:13,SA-886364,M00798,生活居家,3M 淨水器濾心,2424,信用卡
2026-04-28 03:39,SA-735875,M00526,美妝保養,雅詩蘭黛 小棕瓶,4114,超商貨到付款
2026-04-22 22:48,SA-327556,M00651,3C家電,Apple Watch S9,12175,超商貨到付款
2026-04-11 09:28,SA-434136,M00355,服飾配件,Levi's 501牛仔褲,3773,街口支付
2026-04-11 10:11,SA-612860,M01383,3C家電,Sony 降噪耳機,10388,LinePay
2026-04-22 15:53,SA-148052,M00177,生活居家,無印良品 PP收納盒,426,街口支付
2026-04-19 03:09,SA-967722,M00641,3C家電,iPhone 15 Pro,35226,信用卡
2026-04-26 14:52,SA-267576,M00117,生活居家,舒潔 抽取式衛生紙(箱),810,信用卡
2026-04-24 12:42,SA-774473,M00590,服飾配件,G-Shock 經典運動錶,2927,信用卡
2026-04-27 06:33,SA-752579,M00159,3C家電,LG 掃地機器人,14658,信用卡
2026-04-14 09:18,SA-165831,M01132,3C家電,LG 掃地機器人,15383,街口支付
2026-04-12 12:20,SA-942701,M00896,3C家電,LG 掃地機器人,14491,信用卡
2026-04-04 04:08,SA-783593,M00052,生活居家,TOTO 溫水洗淨便座,9868,LinePay
2026-04-22 10:08,SA-325762,M01311,3C家電,Dyson 吹風機,14587,ATM轉帳
2026-04-21 06:00,SA-961551,M01032,服飾配件,G-Shock 經典運動錶,2970,LinePay
2026-04-04 15:56,SA-539365,M00104,3C家電,Nintendo Switch,9665,超商貨到付款
2026-04-18 04:47,SA-891638,M00114,生活居家,無印良品 PP收納盒,425,信用卡
2026-04-11 14:58,SA-907835,M00166,服飾配件,Uniqlo 極暖發熱衣,784,信用卡
2026-04-29 11:03,SA-274341,M00961,生活居家,宜得利 N-COOL涼感床墊,1245,LinePay
2026-04-04 11:54,SA-156225,M01169,生活居家,宜得利 N-COOL涼感床墊,1189,LinePay
2026-04-07 02:41,SA-239359,M01191,生活居家,TOTO 溫水洗淨便座,9555,信用卡
2026-04-10 09:22,SA-893929,M01368,服飾配件,Uniqlo 極暖發熱衣,720,信用卡
2026-04-12 03:49,SA-820312,M01282,服飾配件,G-Shock 經典運動錶,3187,信用卡
2026-04-23 10:05,SA-776843,M00420,生活居家,無印良品 PP收納盒,447,信用卡
2026-04-12 21:03,SA-850713,M00881,3C家電,iPhone 15 Pro,33544,超商貨到付款
2026-04-25 17:11,SA-836268,M00077,生活居家,3M 淨水器濾心,2344,ATM轉帳
2026-04-23 08:52,SA-472822,M01401,3C家電,Nintendo Switch,9195,信用卡
2026-04-26 10:08,SA-778068,M00621,生活居家,無印良品 PP收納盒,418,信用卡
2026-04-21 06:03,SA-743487,M01326,服飾配件,Ray-Ban 飛行員太陽眼鏡,5465,LinePay
2026-04-26 06:26,SA-634862,M01208,3C家電,Apple Watch S9,13129,超商貨到付款
2026-04-20 01:43,SA-621392,M00893,3C家電,Sony 降噪耳機,10826,信用卡
2026-04-24 01:14,SA-271675,M00636,保健食品,善存 綜合維他命,879,LinePay
2026-04-27 09:02,SA-770027,M00898,母嬰用品,貝親 寬口玻璃奶瓶,532,信用卡
2026-04-23 01:29,SA-432579,M00724,服飾配件,Nike Air Force 1,3179,街口支付
2026-04-27 09:37,SA-813848,M00431,生活居家,舒潔 抽取式衛生紙(箱),853,LinePay
2026-04-11 07:20,SA-151933,M00980,美妝保養,資生堂 百優精純乳霜,2547,信用卡
2026-04-26 17:57,SA-438889,M01123,3C家電,Nintendo Switch,8955,信用卡
2026-04-17 04:13,SA-374257,M00823,美妝保養,理膚寶水 B5全面修復霜,872,LinePay
2026-04-20 13:57,SA-368112,M01397,服飾配件,G-Shock 經典運動錶,3036,LinePay
2026-04-24 06:18,SA-970629,M00218,保健食品,桂格 大燕麥片,218,LinePay
2026-04-14 08:48,SA-115126,M00526,生活居家,TOTO 溫水洗淨便座,9015,信用卡
2026-04-09 03:48,SA-703557,M00858,3C家電,LG 掃地機器人,14559,信用卡
2026-04-02 14:10,SA-119842,M00662,3C家電,Dyson 吹風機,13222,信用卡
2026-04-24 00:31,SA-673552,M01413,美妝保養,蘭蔻 極光水,3491,信用卡
2026-04-26 04:22,SA-754965,M00917,保健食品,桂格 大燕麥片,236,超商貨到付款
2026-04-10 04:53,SA-689818,M01093,美妝保養,資生堂 百優精純乳霜,2741,LinePay
2026-04-27 10:38,SA-456257,M00950,3C家電,iPhone 15 Pro,36028,信用卡
2026-04-30 10:58,SA-601123,M00891,保健食品,白蘭氏 雙認證雞精(盒),1334,信用卡
2026-04-25 15:47,SA-779064,M00381,3C家電,Nintendo Switch,9757,LinePay
2026-04-07 08:33,SA-572677,M00498,美妝保養,蘭蔻 極光水,3326,信用卡
2026-04-06 03:57,SA-243499,M00457,服飾配件,Nike Air Force 1,3313,LinePay
2026-04-22 17:37,SA-830925,M01422,服飾配件,Nike Air Force 1,3145,LinePay
2026-04-05 20:50,SA-697738,M01030,生活居家,3M 淨水器濾心,2443,信用卡
2026-04-03 23:40,SA-319970,M00109,服飾配件,Nike Air Force 1,3208,ATM轉帳
2026-04-21 20:58,SA-409768,M00175,生活居家,舒潔 抽取式衛生紙(箱),827,信用卡
2026-04-05 13:13,SA-294250,M01149,生活居家,3M 淨水器濾心,2433,信用卡
2026-04-03 14:13,SA-806660,M00572,3C家電,Nintendo Switch,9486,信用卡
2026-04-16 21:22,SA-661135,M00842,生活居家,宜得利 N-COOL涼感床墊,1248,街口支付
2026-04-11 17:36,SA-888786,M00805,美妝保養,雅詩蘭黛 小棕瓶,3861,ATM轉帳
2026-04-30 10:06,SA-258126,M01038,3C家電,LG 掃地機器人,14943,超商貨到付款
2026-04-11 19:38,SA-742134,M00877,生活居家,TOTO 溫水洗淨便座,9521,超商貨到付款
2026-04-06 18:01,SA-477746,M01258,生活居家,TOTO 溫水洗淨便座,8912,超商貨到付款
2026-04-21 01:45,SA-533589,M00249,3C家電,iPhone 15 Pro,36328,LinePay
2026-04-15 12:27,SA-988565,M00415,美妝保養,資生堂 百優精純乳霜,2717,LinePay
2026-04-17 14:32,SA-235378,M00647,保健食品,善存 綜合維他命,880,信用卡
2026-04-13 12:15,SA-927484,M00614,3C家電,Sony 降噪耳機,10801,信用卡
2026-04-18 02:02,SA-258076,M00900,3C家電,LG 掃地機器人,14855,超商貨到付款
2026-04-19 15:30,SA-676447,M01044,服飾配件,Ray-Ban 飛行員太陽眼鏡,5444,LinePay
2026-04-18 04:56,SA-270902,M00482,美妝保養,理膚寶水 B5全面修復霜,845,信用卡
2026-04-20 20:49,SA-980408,M00896,3C家電,Nintendo Switch,9058,超商貨到付款
2026-04-01 07:15,SA-848052,M00911,母嬰用品,明治 金選奶粉,733,信用卡
2026-04-17 13:26,SA-783714,M00900,美妝保養,雅詩蘭黛 小棕瓶,3952,信用卡
2026-04-16 03:22,SA-488264,M01234,生活居家,無印良品 PP收納盒,444,信用卡
2026-04-27 14:18,SA-943959,M01401,服飾配件,Nike Air Force 1,3392,信用卡
2026-04-30 18:56,SA-528812,M00359,生活居家,無印良品 PP收納盒,444,信用卡
2026-04-24 06:07,SA-329382,M01442,3C家電,Apple Watch S9,13390,信用卡
2026-04-11 09:37,SA-283081,M00844,服飾配件,Uniqlo 極暖發熱衣,781,LinePay
2026-04-07 23:11,SA-178107,M00285,生活居家,3M 淨水器濾心,2358,超商貨到付款
2026-04-26 19:46,SA-983547,M00321,生活居家,TOTO 溫水洗淨便座,9609,LinePay
2026-04-11 13:13,SA-927109,M00670,服飾配件,Nike Air Force 1,3300,LinePay
2026-04-23 01:25,SA-473739,M01302,生活居家,舒潔 抽取式衛生紙(箱),888,ATM轉帳
2026-04-13 04:24,SA-147687,M00315,美妝保養,SK-II 青春露,5842,LinePay
2026-04-09 05:47,SA-954584,M00912,3C家電,iPhone 15 Pro,33776,超商貨到付款
2026-04-22 15:12,SA-326133,M00829,生活居家,宜得利 N-COOL涼感床墊,1203,超商貨到付款
2026-04-17 20:15,SA-280711,M00143,生活居家,宜得利 N-COOL涼感床墊,1226,信用卡
2026-04-20 19:18,SA-508810,M01365,美妝保養,資生堂 百優精純乳霜,2627,信用卡
2026-04-21 20:31,SA-276522,M01397,3C家電,iPhone 15 Pro,34198,超商貨到付款
2026-04-12 15:26,SA-895982,M00806,美妝保養,理膚寶水 B5全面修復霜,816,ATM轉帳
2026-04-28 08:24,SA-383983,M01455,服飾配件,Levi's 501牛仔褲,3918,LinePay
2026-04-29 20:59,SA-223181,M00225,服飾配件,Levi's 501牛仔褲,3897,信用卡
2026-04-14 18:03,SA-242864,M01429,3C家電,Dyson 吹風機,13377,信用卡
2026-04-06 18:19,SA-717854,M00862,美妝保養,蘭蔻 極光水,3459,街口支付
2026-04-25 12:47,SA-537382,M01415,生活居家,宜得利 N-COOL涼感床墊,1184,街口支付
2026-04-23 01:00,SA-612251,M00565,母嬰用品,幫寶適 一級幫紙尿褲(箱),1557,LinePay
2026-04-24 14:10,SA-950356,M00096,母嬰用品,Combi 奶瓶消毒鍋,3112,信用卡
2026-04-15 14:12,SA-970563,M01217,美妝保養,SK-II 青春露,5726,LinePay
2026-04-04 20:17,SA-942048,M01307,3C家電,Dyson 吹風機,13798,街口支付
2026-04-26 14:41,SA-103491,M00470,3C家電,Apple Watch S9,13179,信用卡
2026-04-11 06:00,SA-277477,M00528,生活居家,TOTO 溫水洗淨便座,9321,信用卡
2026-04-24 10:20,SA-148110,M00081,保健食品,白蘭氏 雙認證雞精(盒),1262,信用卡
2026-04-08 10:18,SA-571573,M00201,母嬰用品,幫寶適 一級幫紙尿褲(箱),1483,LinePay
2026-04-08 11:07,SA-707881,M00540,3C家電,Dyson 吹風機,13974,信用卡
2026-04-07 16:41,SA-589726,M00424,母嬰用品,幫寶適 一級幫紙尿褲(箱),1541,信用卡
2026-04-05 17:54,SA-429808,M01490,3C家電,Sony 降噪耳機,10412,街口支付
2026-04-05 22:40,SA-986214,M00066,生活居家,3M 淨水器濾心,2318,LinePay
2026-04-02 02:24,SA-141876,M00805,3C家電,Nintendo Switch,9323,LinePay
2026-04-27 07:52,SA-646573,M00718,美妝保養,資生堂 百優精純乳霜,2655,信用卡
2026-04-28 20:37,SA-717940,M01206,3C家電,iPhone 15 Pro,34058,LinePay
2026-04-15 05:42,SA-908528,M00840,服飾配件,Levi's 501牛仔褲,3924,信用卡
2026-04-25 02:38,SA-944520,M00940,保健食品,白蘭氏 雙認證雞精(盒),1363,街口支付
2026-04-19 15:51,SA-251499,M00614,美妝保養,蘭蔻 極光水,3263,LinePay
2026-04-27 06:33,SA-322666,M00470,服飾配件,Ray-Ban 飛行員太陽眼鏡,5284,信用卡
2026-04-22 09:22,SA-290150,M01345,美妝保養,理膚寶水 B5全面修復霜,830,信用卡
2026-04-19 22:27,SA-991951,M00105,服飾配件,Uniqlo 極暖發熱衣,742,信用卡
2026-04-11 06:51,SA-755662,M00473,服飾配件,G-Shock 經典運動錶,3081,LinePay
2026-04-16 01:29,SA-912675,M00825,3C家電,Sony 降噪耳機,10255,超商貨到付款
2026-04-11 22:24,SA-128669,M01430,美妝保養,雅詩蘭黛 小棕瓶,3999,超商貨到付款
2026-04-08 13:16,SA-255165,M00460,服飾配件,G-Shock 經典運動錶,2970,信用卡
2026-04-21 11:21,SA-837579,M00835,3C家電,Apple Watch S9,12804,超商貨到付款
2026-04-17 06:25,SA-294552,M00651,母嬰用品,Joie 輕量雙向推車,6543,超商貨到付款
2026-04-06 05:40,SA-627647,M00615,3C家電,Dyson 吹風機,14352,信用卡
2026-04-23 23:25,SA-512182,M00499,3C家電,Sony 降噪耳機,10030,信用卡
2026-04-07 21:00,SA-692244,M00282,3C家電,Dyson 吹風機,13400,超商貨到付款
2026-04-24 14:33,SA-892095,M00924,保健食品,娘家 益生菌,1161,超商貨到付款
2026-04-08 11:39,SA-543152,M00712,美妝保養,理膚寶水 B5全面修復霜,876,信用卡
2026-04-05 10:04,SA-698000,M00154,生活居家,TOTO 溫水洗淨便座,9793,信用卡
2026-04-19 13:29,SA-749816,M00244,3C家電,Dyson 吹風機,13852,LinePay
2026-04-29 14:15,SA-719337,M01113,服飾配件,Uniqlo 極暖發熱衣,766,信用卡
2026-04-29 19:36,SA-882448,M00539,服飾配件,G-Shock 經典運動錶,3130,街口支付
2026-04-27 14:27,SA-148107,M00929,服飾配件,Levi's 501牛仔褲,3740,超商貨到付款
2026-04-12 22:35,SA-463864,M00971,服飾配件,Levi's 501牛仔褲,3976,信用卡
2026-04-30 00:43,SA-204419,M00920,母嬰用品,Joie 輕量雙向推車,6713,信用卡
2026-04-01 02:14,SA-604144,M01086,生活居家,無印良品 PP收納盒,447,信用卡
2026-04-02 01:23,SA-969517,M00641,3C家電,Sony 降噪耳機,10359,超商貨到付款
2026-04-27 09:59,SA-802718,M00134,母嬰用品,貝親 寬口玻璃奶瓶,540,信用卡
2026-04-20 00:57,SA-242778,M00931,3C家電,Dyson 吹風機,14240,超商貨到付款
2026-04-11 03:41,SA-615619,M01470,服飾配件,Uniqlo 極暖發熱衣,776,信用卡
2026-04-06 13:09,SA-376080,M00778,3C家電,LG 掃地機器人,14737,LinePay
2026-04-06 22:16,SA-697196,M00337,生活居家,3M 淨水器濾心,2359,信用卡
2026-04-14 12:36,SA-705478,M00136,生活居家,3M 淨水器濾心,2342,信用卡
2026-04-20 15:08,SA-506746,M01146,服飾配件,G-Shock 經典運動錶,2995,LinePay
2026-04-24 17:58,SA-642244,M00196,美妝保養,雅詩蘭黛 小棕瓶,3885,LinePay
2026-04-08 09:46,SA-273757,M00616,服飾配件,Nike Air Force 1,3144,LinePay
2026-04-15 10:25,SA-988631,M00625,美妝保養,理膚寶水 B5全面修復霜,846,信用卡
2026-04-26 18:55,SA-458267,M00534,生活居家,舒潔 抽取式衛生紙(箱),853,超商貨到付款
2026-04-02 08:25,SA-683101,M00891,3C家電,Apple Watch S9,12239,LinePay
2026-04-23 12:20,SA-533179,M00296,生活居家,無印良品 PP收納盒,427,信用卡
2026-04-30 18:57,SA-154372,M00310,生活居家,3M 淨水器濾心,2463,信用卡
2026-04-10 22:06,SA-421072,M00873,美妝保養,雅詩蘭黛 小棕瓶,3900,街口支付
2026-04-11 03:05,SA-602773,M00840,3C家電,Dyson 吹風機,13367,信用卡
2026-04-01 16:11,SA-266478,M00276,3C家電,Sony 降噪耳機,10802,信用卡
2026-04-01 06:36,SA-152041,M01426,美妝保養,蘭蔻 極光水,3508,街口支付
2026-04-21 03:20,SA-257870,M00384,服飾配件,Levi's 501牛仔褲,3666,信用卡
2026-04-13 09:28,SA-477634,M01229,母嬰用品,Combi 奶瓶消毒鍋,3065,LinePay
2026-04-05 08:34,SA-164489,M01320,生活居家,3M 淨水器濾心,2319,LinePay
2026-04-27 08:29,SA-870989,M00159,美妝保養,雅詩蘭黛 小棕瓶,3849,ATM轉帳
2026-04-18 13:51,SA-326557,M00751,美妝保養,蘭蔻 極光水,3366,信用卡
2026-04-19 09:36,SA-923332,M00840,服飾配件,G-Shock 經典運動錶,3123,信用卡
2026-04-26 01:44,SA-234262,M00067,生活居家,舒潔 抽取式衛生紙(箱),855,LinePay
2026-04-17 01:42,SA-115506,M00380,生活居家,舒潔 抽取式衛生紙(箱),894,街口支付
2026-04-23 21:39,SA-249422,M00625,美妝保養,理膚寶水 B5全面修復霜,835,LinePay
2026-04-05 17:16,SA-371499,M00278,美妝保養,蘭蔻 極光水,3300,LinePay
2026-04-09 22:57,SA-975609,M00857,服飾配件,Nike Air Force 1,3199,街口支付
2026-04-13 12:51,SA-611666,M01336,3C家電,iPhone 15 Pro,34730,信用卡
2026-04-23 07:05,SA-796987,M01270,保健食品,娘家 大紅麴,2397,信用卡
2026-04-08 12:16,SA-619275,M00192,3C家電,Apple Watch S9,12549,信用卡
2026-04-04 11:48,SA-901642,M00690,美妝保養,雅詩蘭黛 小棕瓶,3990,信用卡
2026-04-11 20:38,SA-243238,M01468,服飾配件,Nike Air Force 1,3079,超商貨到付款
2026-04-06 17:13,SA-564412,M00290,美妝保養,SK-II 青春露,6218,LinePay
2026-04-26 21:03,SA-237110,M00304,服飾配件,Uniqlo 極暖發熱衣,750,超商貨到付款
2026-04-15 06:46,SA-147103,M01409,服飾配件,Ray-Ban 飛行員太陽眼鏡,5043,超商貨到付款
2026-04-22 22:21,SA-825296,M00143,美妝保養,理膚寶水 B5全面修復霜,853,信用卡
2026-04-15 04:40,SA-500750,M00367,3C家電,LG 掃地機器人,14569,LinePay
2026-04-03 14:27,SA-358084,M00851,服飾配件,Nike Air Force 1,3242,LinePay
2026-04-11 17:46,SA-441596,M00418,美妝保養,SK-II 青春露,6185,街口支付
2026-04-25 21:09,SA-542463,M00674,母嬰用品,明治 金選奶粉,703,信用卡
2026-04-12 13:26,SA-393286,M00263,母嬰用品,貝親 寬口玻璃奶瓶,559,信用卡
2026-04-26 20:33,SA-869810,M00445,3C家電,Dyson 吹風機,14497,超商貨到付款
2026-04-23 09:36,SA-636567,M01121,美妝保養,SK-II 青春露,6122,超商貨到付款
2026-04-28 05:55,SA-507469,M00807,生活居家,無印良品 PP收納盒,423,信用卡
2026-04-28 22:30,SA-296898,M00921,服飾配件,Uniqlo 極暖發熱衣,730,信用卡
2026-04-01 12:38,SA-521908,M00069,生活居家,宜得利 N-COOL涼感床墊,1200,超商貨到付款
2026-04-05 04:19,SA-867853,M00887,生活居家,無印良品 PP收納盒,421,街口支付
2026-04-27 21:55,SA-577025,M00881,美妝保養,資生堂 百優精純乳霜,2574,信用卡
2026-04-02 05:46,SA-947708,M00448,3C家電,iPhone 15 Pro,35663,LinePay
2026-04-29 04:48,SA-281646,M00478,美妝保養,雅詩蘭黛 小棕瓶,4179,LinePay
2026-04-22 09:07,SA-706782,M00370,生活居家,舒潔 抽取式衛生紙(箱),874,超商貨到付款
2026-04-18 12:29,SA-384818,M01068,服飾配件,Ray-Ban 飛行員太陽眼鏡,5353,LinePay
2026-04-15 00:06,SA-739440,M00176,母嬰用品,Joie 輕量雙向推車,6584,信用卡
2026-04-10 09:15,SA-339834,M00656,生活居家,宜得利 N-COOL涼感床墊,1249,LinePay
2026-04-06 09:03,SA-700149,M00242,3C家電,LG 掃地機器人,14746,ATM轉帳
2026-04-16 12:30,SA-786605,M00019,生活居家,宜得利 N-COOL涼感床墊,1274,超商貨到付款
2026-04-18 22:05,SA-683715,M00321,服飾配件,Nike Air Force 1,3221,街口支付
2026-04-06 15:52,SA-948968,M01014,3C家電,LG 掃地機器人,14817,LinePay
2026-04-21 11:41,SA-974441,M00622,3C家電,Apple Watch S9,12343,ATM轉帳
2026-04-22 00:49,SA-737344,M00427,3C家電,Dyson 吹風機,14502,信用卡
2026-04-16 22:55,SA-753878,M01160,服飾配件,Uniqlo 極暖發熱衣,765,信用卡
2026-04-03 23:17,SA-597573,M00865,3C家電,LG 掃地機器人,14732,信用卡
2026-04-20 13:19,SA-981325,M01215,美妝保養,理膚寶水 B5全面修復霜,876,LinePay
2026-04-05 03:47,SA-277730,M01082,3C家電,LG 掃地機器人,14508,信用卡
2026-04-21 17:59,SA-764010,M00533,母嬰用品,明治 金選奶粉,688,LinePay
2026-04-12 06:15,SA-976900,M00806,母嬰用品,明治 金選奶粉,738,超商貨到付款
2026-04-19 00:54,SA-281019,M01489,服飾配件,G-Shock 經典運動錶,3116,超商貨到付款
2026-04-16 06:32,SA-928506,M00143,3C家電,Dyson 吹風機,13388,信用卡
2026-04-03 07:11,SA-645532,M01083,生活居家,無印良品 PP收納盒,420,信用卡
2026-04-03 04:56,SA-236089,M01415,美妝保養,雅詩蘭黛 小棕瓶,4013,信用卡
2026-04-27 19:42,SA-364463,M01165,服飾配件,Nike Air Force 1,3276,信用卡
2026-04-27 17:16,SA-369892,M00923,服飾配件,Levi's 501牛仔褲,3864,LinePay
2026-04-23 05:48,SA-386155,M00672,美妝保養,資生堂 百優精純乳霜,2764,超商貨到付款
2026-04-28 05:22,SA-781087,M00401,母嬰用品,幫寶適 一級幫紙尿褲(箱),1560,超商貨到付款
2026-04-28 10:08,SA-461431,M00486,3C家電,LG 掃地機器人,14527,超商貨到付款
2026-04-14 04:50,SA-455375,M00781,美妝保養,理膚寶水 B5全面修復霜,803,ATM轉帳
2026-04-12 23:01,SA-575358,M00876,3C家電,Sony 降噪耳機,10624,信用卡
2026-04-17 02:22,SA-559304,M01344,3C家電,Dyson 吹風機,13315,信用卡
2026-04-12 08:44,SA-376466,M00737,美妝保養,蘭蔻 極光水,3309,信用卡
2026-04-23 06:16,SA-877584,M00736,美妝保養,SK-II 青春露,6141,信用卡
2026-04-21 09:54,SA-935498,M00649,美妝保養,理膚寶水 B5全面修復霜,848,信用卡
2026-04-19 00:37,SA-110038,M01468,3C家電,LG 掃地機器人,15877,LinePay
2026-04-27 20:25,SA-570463,M00866,美妝保養,資生堂 百優精純乳霜,2780,超商貨到付款
2026-04-05 10:30,SA-700759,M00248,3C家電,Dyson 吹風機,14242,超商貨到付款
2026-04-01 15:03,SA-720833,M00095,服飾配件,G-Shock 經典運動錶,2925,街口支付
2026-04-20 04:55,SA-585745,M01251,3C家電,LG 掃地機器人,15327,LinePay
2026-04-25 10:58,SA-559364,M00309,服飾配件,G-Shock 經典運動錶,3088,信用卡
2026-04-20 11:23,SA-891142,M00279,美妝保養,SK-II 青春露,5891,ATM轉帳
2026-04-30 06:50,SA-576398,M00915,美妝保養,SK-II 青春露,5838,信用卡
2026-04-07 04:00,SA-500768,M00946,3C家電,LG 掃地機器人,14743,信用卡
2026-04-03 21:02,SA-826355,M01493,服飾配件,Uniqlo 極暖發熱衣,716,街口支付
2026-04-08 18:55,SA-182504,M00580,服飾配件,Levi's 501牛仔褲,3848,信用卡
2026-04-20 18:48,SA-399920,M00821,美妝保養,雅詩蘭黛 小棕瓶,3883,街口支付
2026-04-28 05:11,SA-667090,M00157,3C家電,iPhone 15 Pro,34055,LinePay
2026-04-26 22:53,SA-734221,M00349,美妝保養,雅詩蘭黛 小棕瓶,3838,信用卡
2026-04-18 02:41,SA-833047,M00733,3C家電,iPhone 15 Pro,33853,超商貨到付款
2026-04-10 10:30,SA-968897,M01446,母嬰用品,貝親 寬口玻璃奶瓶,543,LinePay
2026-04-30 20:34,SA-701292,M00068,3C家電,Nintendo Switch,9337,LinePay
2026-04-27 13:41,SA-862189,M00214,服飾配件,Ray-Ban 飛行員太陽眼鏡,5155,信用卡
2026-04-30 22:51,SA-304503,M00635,服飾配件,Ray-Ban 飛行員太陽眼鏡,5370,LinePay
2026-04-30 09:10,SA-903389,M01223,生活居家,TOTO 溫水洗淨便座,9366,信用卡
2026-04-04 04:18,SA-261927,M00156,美妝保養,資生堂 百優精純乳霜,2680,LinePay
2026-04-14 12:04,SA-745553,M00336,保健食品,娘家 大紅麴,2552,ATM轉帳
2026-04-15 05:53,SA-316103,M00309,美妝保養,理膚寶水 B5全面修復霜,828,信用卡
2026-04-27 18:29,SA-793581,M00311,服飾配件,G-Shock 經典運動錶,2883,ATM轉帳
2026-04-17 01:50,SA-764153,M00403,美妝保養,蘭蔻 極光水,3382,超商貨到付款
2026-04-16 16:43,SA-891276,M00800,美妝保養,SK-II 青春露,5824,信用卡
2026-04-24 21:29,SA-462195,M00749,美妝保養,SK-II 青春露,5794,超商貨到付款
2026-04-18 09:03,SA-827360,M00620,保健食品,桂格 大燕麥片,219,信用卡
2026-04-16 23:30,SA-269747,M00389,母嬰用品,Joie 輕量雙向推車,6124,信用卡
2026-04-15 19:27,SA-171854,M00720,3C家電,Nintendo Switch,9278,信用卡
2026-04-10 20:04,SA-802242,M00798,美妝保養,雅詩蘭黛 小棕瓶,4099,LinePay
2026-04-05 06:05,SA-314616,M01058,3C家電,LG 掃地機器人,15755,信用卡
2026-04-14 06:07,SA-196963,M01438,生活居家,宜得利 N-COOL涼感床墊,1225,信用卡
2026-04-29 19:16,SA-793678,M00452,美妝保養,資生堂 百優精純乳霜,2722,信用卡
2026-04-28 21:13,SA-520110,M01413,3C家電,Sony 降噪耳機,10845,LinePay
2026-04-07 16:21,SA-523361,M01386,美妝保養,SK-II 青春露,6008,LinePay
2026-04-13 06:18,SA-868603,M01351,服飾配件,Ray-Ban 飛行員太陽眼鏡,5558,LinePay
2026-04-06 08:26,SA-894828,M00949,保健食品,娘家 益生菌,1095,信用卡
2026-04-15 04:33,SA-784758,M00596,保健食品,娘家 大紅麴,2390,信用卡
2026-04-11 22:34,SA-647638,M01141,美妝保養,蘭蔻 極光水,3499,超商貨到付款
2026-04-30 00:36,SA-497526,M01409,生活居家,3M 淨水器濾心,2245,信用卡
2026-04-18 18:03,SA-741078,M00947,母嬰用品,明治 金選奶粉,708,信用卡
2026-04-05 04:06,SA-941796,M01313,美妝保養,資生堂 百優精純乳霜,2793,信用卡
2026-04-23 04:45,SA-493449,M00369,生活居家,3M 淨水器濾心,2348,信用卡
2026-04-07 23:19,SA-366702,M00018,生活居家,宜得利 N-COOL涼感床墊,1166,信用卡
2026-04-21 22:47,SA-494794,M01174,服飾配件,Uniqlo 極暖發熱衣,768,LinePay
2026-04-15 14:37,SA-770549,M00424,美妝保養,SK-II 青春露,5980,信用卡
2026-04-02 00:40,SA-513344,M01442,服飾配件,Levi's 501牛仔褲,3871,信用卡
2026-04-15 01:48,SA-904751,M00795,保健食品,桂格 大燕麥片,221,信用卡
2026-04-28 22:34,SA-992882,M00435,3C家電,iPhone 15 Pro,33345,超商貨到付款
2026-04-22 04:19,SA-147352,M00721,保健食品,桂格 大燕麥片,227,超商貨到付款
2026-04-18 13:31,SA-247241,M00529,美妝保養,雅詩蘭黛 小棕瓶,3969,信用卡
2026-04-27 02:20,SA-561968,M00012,母嬰用品,幫寶適 一級幫紙尿褲(箱),1501,信用卡
2026-04-17 12:00,SA-521243,M00765,生活居家,TOTO 溫水洗淨便座,9853,超商貨到付款
2026-04-01 11:41,SA-561666,M01388,服飾配件,G-Shock 經典運動錶,3129,信用卡
2026-04-04 01:51,SA-639334,M01400,生活居家,3M 淨水器濾心,2407,信用卡
2026-04-24 12:53,SA-501688,M00387,3C家電,Dyson 吹風機,14021,超商貨到付款
2026-04-27 12:41,SA-830656,M00924,美妝保養,蘭蔻 極光水,3573,超商貨到付款
2026-04-13 09:18,SA-507953,M01367,服飾配件,Levi's 501牛仔褲,3704,LinePay
2026-04-16 07:59,SA-179630,M00144,保健食品,白蘭氏 雙認證雞精(盒),1371,LinePay
2026-04-30 00:12,SA-828212,M01130,3C家電,Nintendo Switch,9174,LinePay
2026-04-10 21:19,SA-909820,M00290,美妝保養,SK-II 青春露,5758,超商貨到付款
2026-04-13 07:58,SA-118707,M01257,母嬰用品,明治 金選奶粉,725,街口支付
2026-04-24 22:25,SA-176362,M00001,服飾配件,G-Shock 經典運動錶,2999,信用卡
2026-04-23 18:35,SA-573981,M00554,3C家電,Sony 降噪耳機,10859,信用卡
2026-04-18 16:22,SA-260945,M00863,美妝保養,蘭蔻 極光水,3257,信用卡
2026-04-26 05:36,SA-450702,M01377,母嬰用品,貝親 寬口玻璃奶瓶,557,LinePay
2026-04-03 18:47,SA-667715,M00542,母嬰用品,Combi 奶瓶消毒鍋,3247,超商貨到付款
2026-04-28 14:29,SA-790722,M01266,美妝保養,SK-II 青春露,5678,信用卡
2026-04-08 18:47,SA-409792,M00061,服飾配件,Ray-Ban 飛行員太陽眼鏡,5361,信用卡
2026-04-07 00:44,SA-170051,M01467,美妝保養,蘭蔻 極光水,3563,ATM轉帳
2026-04-03 10:04,SA-120599,M01243,3C家電,iPhone 15 Pro,36837,信用卡
2026-04-02 14:27,SA-669935,M00775,母嬰用品,幫寶適 一級幫紙尿褲(箱),1505,信用卡
2026-04-09 19:41,SA-445344,M00081,3C家電,Sony 降噪耳機,10888,超商貨到付款
2026-04-06 08:16,SA-470914,M01170,美妝保養,理膚寶水 B5全面修復霜,850,ATM轉帳
2026-04-09 18:36,SA-929039,M00688,美妝保養,理膚寶水 B5全面修復霜,796,信用卡
2026-04-26 15:46,SA-585793,M01151,美妝保養,蘭蔻 極光水,3412,街口支付
2026-04-19 17:12,SA-563842,M01193,生活居家,宜得利 N-COOL涼感床墊,1212,信用卡
2026-04-19 15:43,SA-921322,M01360,3C家電,Sony 降噪耳機,10338,信用卡
2026-04-14 22:55,SA-948433,M01216,美妝保養,蘭蔻 極光水,3315,LinePay
2026-04-27 02:28,SA-578100,M00339,母嬰用品,Joie 輕量雙向推車,6640,信用卡
2026-04-19 14:56,SA-763390,M00341,美妝保養,資生堂 百優精純乳霜,2672,LinePay
2026-04-26 01:17,SA-447357,M00083,3C家電,Apple Watch S9,12204,信用卡
2026-04-25 18:35,SA-627998,M00523,美妝保養,理膚寶水 B5全面修復霜,802,超商貨到付款
2026-04-09 16:26,SA-202523,M00939,美妝保養,蘭蔻 極光水,3368,LinePay
2026-04-21 15:24,SA-996954,M01155,服飾配件,Ray-Ban 飛行員太陽眼鏡,5385,信用卡
2026-04-22 15:42,SA-606984,M01407,服飾配件,Levi's 501牛仔褲,3636,信用卡
2026-04-23 12:56,SA-833977,M00931,3C家電,Nintendo Switch,9326,超商貨到付款
2026-04-23 12:09,SA-812584,M00425,母嬰用品,Combi 奶瓶消毒鍋,3189,信用卡
2026-04-22 12:21,SA-438523,M01195,3C家電,Nintendo Switch,8932,信用卡
2026-04-09 11:36,SA-978332,M00278,服飾配件,Ray-Ban 飛行員太陽眼鏡,5533,LinePay
2026-04-29 16:04,SA-762450,M00341,3C家電,Sony 降噪耳機,10512,信用卡
2026-04-17 17:07,SA-453074,M00900,美妝保養,SK-II 青春露,6164,信用卡
2026-04-12 22:55,SA-478279,M00934,生活居家,無印良品 PP收納盒,407,信用卡
2026-04-28 16:31,SA-714114,M00914,美妝保養,蘭蔻 極光水,3438,超商貨到付款
2026-04-27 04:09,SA-507726,M01271,美妝保養,蘭蔻 極光水,3554,LinePay
2026-04-08 20:34,SA-860771,M01004,3C家電,Apple Watch S9,12852,信用卡
2026-04-15 08:45,SA-723470,M00478,生活居家,3M 淨水器濾心,2296,信用卡
2026-04-30 00:39,SA-472096,M00727,美妝保養,雅詩蘭黛 小棕瓶,4049,LinePay
2026-04-14 03:15,SA-518470,M00718,美妝保養,雅詩蘭黛 小棕瓶,4179,信用卡
2026-04-18 08:45,SA-621378,M01319,母嬰用品,貝親 寬口玻璃奶瓶,578,LinePay
2026-04-08 03:45,SA-741645,M01085,生活居家,無印良品 PP收納盒,410,信用卡
2026-04-24 08:31,SA-759564,M00597,美妝保養,資生堂 百優精純乳霜,2569,信用卡
2026-04-30 06:45,SA-157868,M00500,生活居家,3M 淨水器濾心,2271,信用卡
2026-04-07 17:59,SA-332045,M00527,保健食品,桂格 大燕麥片,225,LinePay
2026-04-09 09:37,SA-671752,M00423,服飾配件,Uniqlo 極暖發熱衣,731,LinePay
2026-04-29 01:48,SA-585126,M00088,3C家電,Nintendo Switch,9261,信用卡
2026-04-01 14:17,SA-859128,M00563,美妝保養,蘭蔻 極光水,3423,信用卡
2026-04-06 18:17,SA-452963,M00706,母嬰用品,Joie 輕量雙向推車,6534,LinePay
2026-04-02 14:11,SA-103624,M00127,服飾配件,Ray-Ban 飛行員太陽眼鏡,5470,超商貨到付款
2026-04-20 13:53,SA-453523,M00737,服飾配件,Ray-Ban 飛行員太陽眼鏡,5388,信用卡
2026-04-06 03:58,SA-255641,M00025,服飾配件,Uniqlo 極暖發熱衣,739,街口支付
2026-04-01 14:15,SA-586640,M01479,母嬰用品,貝親 寬口玻璃奶瓶,528,信用卡
2026-04-25 21:56,SA-482248,M01403,母嬰用品,貝親 寬口玻璃奶瓶,552,信用卡
2026-04-24 04:54,SA-401836,M00450,母嬰用品,貝親 寬口玻璃奶瓶,544,信用卡
2026-04-30 09:22,SA-597952,M01012,生活居家,無印良品 PP收納盒,418,信用卡
2026-04-26 12:27,SA-139390,M00372,3C家電,Apple Watch S9,12214,LinePay
2026-04-25 08:40,SA-625401,M00341,服飾配件,Ray-Ban 飛行員太陽眼鏡,5094,信用卡
2026-04-30 05:55,SA-314127,M01120,3C家電,Apple Watch S9,12927,信用卡
2026-04-09 15:49,SA-223785,M00548,美妝保養,理膚寶水 B5全面修復霜,857,信用卡
2026-04-05 05:04,SA-661198,M00649,美妝保養,蘭蔻 極光水,3307,信用卡
2026-04-15 02:46,SA-396290,M00066,美妝保養,資生堂 百優精純乳霜,2618,超商貨到付款
2026-04-26 21:40,SA-390593,M00282,母嬰用品,明治 金選奶粉,680,信用卡
2026-04-13 14:04,SA-516498,M01231,生活居家,無印良品 PP收納盒,444,LinePay
2026-04-01 20:18,SA-955398,M00822,服飾配件,Ray-Ban 飛行員太陽眼鏡,5162,信用卡
2026-04-06 22:31,SA-196668,M00316,美妝保養,SK-II 青春露,6129,ATM轉帳
2026-04-07 02:00,SA-254162,M00326,母嬰用品,Joie 輕量雙向推車,6651,LinePay
2026-04-06 03:15,SA-196144,M00845,3C家電,Sony 降噪耳機,10672,街口支付
2026-04-26 08:46,SA-382612,M01433,3C家電,Dyson 吹風機,13851,信用卡
2026-04-18 21:30,SA-267289,M00743,服飾配件,Ray-Ban 飛行員太陽眼鏡,5521,信用卡
2026-04-13 03:15,SA-112249,M01284,美妝保養,雅詩蘭黛 小棕瓶,4185,街口支付
2026-04-10 11:57,SA-697366,M01052,生活居家,宜得利 N-COOL涼感床墊,1238,信用卡
2026-04-06 06:12,SA-713245,M00656,3C家電,LG 掃地機器人,15481,街口支付
2026-04-08 18:58,SA-468121,M00259,服飾配件,Uniqlo 極暖發熱衣,786,信用卡
2026-04-01 19:53,SA-255827,M00427,母嬰用品,Combi 奶瓶消毒鍋,3047,信用卡
2026-04-08 20:34,SA-681279,M01166,服飾配件,Levi's 501牛仔褲,3980,LinePay
2026-04-24 14:11,SA-248924,M01132,服飾配件,G-Shock 經典運動錶,3092,LinePay
2026-04-26 02:27,SA-362137,M00898,服飾配件,G-Shock 經典運動錶,3141,信用卡
2026-04-19 16:15,SA-275874,M00951,3C家電,Sony 降噪耳機,10359,ATM轉帳
2026-04-30 15:05,SA-627398,M01171,生活居家,無印良品 PP收納盒,441,LinePay
2026-04-25 12:56,SA-735806,M01294,美妝保養,雅詩蘭黛 小棕瓶,3847,街口支付
2026-04-21 01:22,SA-309322,M00890,3C家電,LG 掃地機器人,14506,信用卡
2026-04-05 03:25,SA-457031,M01014,美妝保養,SK-II 青春露,6107,LinePay
2026-04-03 10:57,SA-904820,M01242,美妝保養,蘭蔻 極光水,3367,LinePay
2026-04-06 16:00,SA-630712,M00229,服飾配件,Uniqlo 極暖發熱衣,742,超商貨到付款
2026-04-11 09:41,SA-920628,M00606,服飾配件,Ray-Ban 飛行員太陽眼鏡,5120,信用卡
2026-04-03 20:31,SA-811547,M00767,3C家電,Apple Watch S9,12380,信用卡
2026-04-15 02:44,SA-666851,M00025,服飾配件,G-Shock 經典運動錶,3135,ATM轉帳
2026-04-27 21:55,SA-220812,M00699,美妝保養,理膚寶水 B5全面修復霜,806,超商貨到付款
2026-04-05 12:26,SA-403412,M01235,服飾配件,Nike Air Force 1,3374,信用卡
2026-04-23 18:01,SA-970400,M00864,美妝保養,蘭蔻 極光水,3447,信用卡
2026-04-15 13:36,SA-819724,M00380,美妝保養,理膚寶水 B5全面修復霜,864,信用卡
2026-04-19 22:31,SA-679857,M00493,服飾配件,Uniqlo 極暖發熱衣,746,信用卡
2026-04-14 21:11,SA-798134,M00538,3C家電,iPhone 15 Pro,36211,信用卡
2026-04-02 17:32,SA-825225,M01091,3C家電,Sony 降噪耳機,10283,信用卡
2026-04-28 01:42,SA-412693,M01086,美妝保養,雅詩蘭黛 小棕瓶,3841,超商貨到付款
2026-04-19 04:11,SA-394265,M01150,生活居家,3M 淨水器濾心,2248,信用卡
2026-04-15 08:51,SA-607789,M01385,美妝保養,蘭蔻 極光水,3472,LinePay
2026-04-07 18:30,SA-157639,M00375,3C家電,LG 掃地機器人,15123,信用卡
2026-04-19 21:51,SA-382861,M00656,美妝保養,理膚寶水 B5全面修復霜,879,街口支付
2026-04-26 23:35,SA-633737,M01420,美妝保養,資生堂 百優精純乳霜,2657,LinePay
2026-04-21 23:27,SA-982290,M00990,3C家電,Nintendo Switch,9724,信用卡
2026-04-10 12:41,SA-640152,M00042,美妝保養,SK-II 青春露,6177,街口支付
2026-04-01 21:19,SA-328634,M00686,3C家電,Sony 降噪耳機,10180,信用卡
2026-04-24 03:52,SA-287622,M01382,3C家電,Sony 降噪耳機,9982,信用卡
2026-04-30 23:47,SA-588818,M01187,母嬰用品,貝親 寬口玻璃奶瓶,564,信用卡
2026-04-29 21:50,SA-982703,M01431,美妝保養,SK-II 青春露,6148,信用卡
2026-04-04 14:58,SA-220580,M00338,母嬰用品,幫寶適 一級幫紙尿褲(箱),1554,LinePay
2026-04-15 18:06,SA-493885,M00163,美妝保養,雅詩蘭黛 小棕瓶,4015,LinePay
2026-04-18 05:04,SA-336027,M00003,美妝保養,蘭蔻 極光水,3432,信用卡
2026-04-03 00:48,SA-456189,M01446,生活居家,宜得利 N-COOL涼感床墊,1185,信用卡
2026-04-01 17:14,SA-357522,M01061,服飾配件,Nike Air Force 1,3088,信用卡
2026-04-13 22:47,SA-321090,M00477,服飾配件,Ray-Ban 飛行員太陽眼鏡,5475,信用卡
2026-04-12 10:46,SA-220192,M01486,服飾配件,Ray-Ban 飛行員太陽眼鏡,5411,超商貨到付款
2026-04-05 12:52,SA-964456,M01000,3C家電,iPhone 15 Pro,35471,LinePay
2026-04-03 13:53,SA-459651,M01457,服飾配件,Uniqlo 極暖發熱衣,747,信用卡
2026-04-27 22:06,SA-525119,M00748,3C家電,iPhone 15 Pro,35047,信用卡
2026-04-28 23:37,SA-522713,M00878,服飾配件,Uniqlo 極暖發熱衣,741,信用卡
2026-04-04 15:39,SA-258466,M01061,服飾配件,Levi's 501牛仔褲,3917,超商貨到付款
2026-04-16 09:41,SA-813847,M01232,生活居家,無印良品 PP收納盒,440,信用卡
2026-04-02 12:35,SA-178704,M01462,服飾配件,G-Shock 經典運動錶,3088,信用卡
2026-04-23 11:48,SA-444867,M00354,美妝保養,資生堂 百優精純乳霜,2559,LinePay
2026-04-07 16:26,SA-477088,M01377,服飾配件,Uniqlo 極暖發熱衣,742,LinePay
2026-04-30 19:27,SA-266314,M00771,母嬰用品,幫寶適 一級幫紙尿褲(箱),1506,超商貨到付款
2026-04-01 19:47,SA-136883,M00236,3C家電,Dyson 吹風機,14515,LinePay
2026-04-06 05:18,SA-791773,M01361,美妝保養,理膚寶水 B5全面修復霜,833,信用卡
2026-04-08 12:21,SA-379584,M00122,3C家電,Nintendo Switch,8848,ATM轉帳
2026-04-05 09:48,SA-405030,M01342,美妝保養,雅詩蘭黛 小棕瓶,3846,LinePay
2026-04-11 18:14,SA-353514,M01258,美妝保養,SK-II 青春露,5988,超商貨到付款
2026-04-17 07:20,SA-792649,M00637,3C家電,LG 掃地機器人,15661,超商貨到付款
2026-04-22 13:41,SA-533460,M01059,美妝保養,雅詩蘭黛 小棕瓶,4186,超商貨到付款
2026-04-20 21:56,SA-684606,M00879,生活居家,TOTO 溫水洗淨便座,9265,信用卡
2026-04-04 05:32,SA-419898,M00158,3C家電,LG 掃地機器人,15560,LinePay
2026-04-22 22:26,SA-612212,M00231,3C家電,iPhone 15 Pro,34275,超商貨到付款
2026-04-25 12:32,SA-410359,M00912,母嬰用品,Joie 輕量雙向推車,6147,超商貨到付款
2026-04-17 07:29,SA-534590,M01143,服飾配件,Uniqlo 極暖發熱衣,729,LinePay
2026-04-19 02:34,SA-927726,M01426,3C家電,Nintendo Switch,8891,LinePay
2026-04-20 10:49,SA-763605,M00569,3C家電,Apple Watch S9,12302,信用卡
2026-04-26 23:14,SA-804845,M00420,生活居家,宜得利 N-COOL涼感床墊,1228,街口支付
2026-04-09 09:43,SA-351687,M00256,母嬰用品,貝親 寬口玻璃奶瓶,552,LinePay
2026-04-13 21:39,SA-289100,M00841,美妝保養,蘭蔻 極光水,3361,LinePay
2026-04-06 12:58,SA-412883,M00009,3C家電,Apple Watch S9,13447,信用卡
2026-04-18 05:19,SA-911100,M00250,美妝保養,雅詩蘭黛 小棕瓶,4134,LinePay
2026-04-19 07:36,SA-395753,M00805,母嬰用品,Joie 輕量雙向推車,6288,LinePay
2026-04-12 16:41,SA-193520,M00502,母嬰用品,幫寶適 一級幫紙尿褲(箱),1520,LinePay
2026-04-15 19:24,SA-227444,M00097,服飾配件,Nike Air Force 1,3282,LinePay
2026-04-23 12:31,SA-762100,M00459,服飾配件,Levi's 501牛仔褲,3805,街口支付
2026-04-18 23:49,SA-144152,M01463,3C家電,Sony 降噪耳機,10859,超商貨到付款
2026-04-27 02:24,SA-120664,M00295,美妝保養,蘭蔻 極光水,3518,信用卡
2026-04-28 09:09,SA-724270,M01009,3C家電,Nintendo Switch,8885,信用卡
2026-04-01 13:56,SA-466730,M01210,生活居家,3M 淨水器濾心,2476,街口支付
2026-04-30 09:51,SA-695903,M01121,3C家電,LG 掃地機器人,15296,街口支付
2026-04-07 13:53,SA-510194,M00590,生活居家,3M 淨水器濾心,2335,信用卡
2026-04-08 00:53,SA-416838,M01404,3C家電,Nintendo Switch,9334,信用卡
2026-04-13 22:55,SA-915652,M01442,3C家電,Nintendo Switch,8990,信用卡
2026-04-11 07:41,SA-388024,M00771,美妝保養,雅詩蘭黛 小棕瓶,3860,信用卡
2026-04-19 15:23,SA-698504,M00178,服飾配件,Nike Air Force 1,3294,信用卡
2026-04-01 07:00,SA-359868,M00327,3C家電,Nintendo Switch,8894,信用卡
2026-04-26 14:44,SA-223901,M01458,母嬰用品,Combi 奶瓶消毒鍋,3142,超商貨到付款
2026-04-24 00:26,SA-903432,M00606,美妝保養,蘭蔻 極光水,3519,ATM轉帳
2026-04-12 01:31,SA-805706,M00870,服飾配件,Uniqlo 極暖發熱衣,724,超商貨到付款
2026-04-19 14:08,SA-440542,M00282,母嬰用品,幫寶適 一級幫紙尿褲(箱),1533,信用卡
2026-04-17 09:53,SA-548616,M01429,生活居家,宜得利 N-COOL涼感床墊,1230,信用卡
2026-04-11 10:45,SA-466749,M00727,服飾配件,Ray-Ban 飛行員太陽眼鏡,5217,信用卡
2026-04-11 23:22,SA-394478,M00013,保健食品,娘家 益生菌,1124,街口支付
2026-04-20 22:41,SA-502386,M00299,美妝保養,理膚寶水 B5全面修復霜,834,信用卡
2026-04-26 00:46,SA-447989,M00311,生活居家,無印良品 PP收納盒,441,LinePay
2026-04-12 12:21,SA-613064,M01266,生活居家,TOTO 溫水洗淨便座,9251,LinePay
2026-04-06 11:43,SA-878763,M01023,3C家電,Apple Watch S9,12480,ATM轉帳
2026-04-22 02:25,SA-342121,M01168,3C家電,Apple Watch S9,13415,信用卡
2026-04-22 04:22,SA-272430,M00341,服飾配件,Levi's 501牛仔褲,3749,信用卡
2026-04-01 09:47,SA-331702,M00312,3C家電,iPhone 15 Pro,35253,信用卡
2026-04-10 02:39,SA-961922,M01022,母嬰用品,貝親 寬口玻璃奶瓶,528,超商貨到付款
2026-04-30 17:20,SA-829005,M00608,服飾配件,Nike Air Force 1,3196,LinePay
2026-04-14 08:27,SA-640384,M00515,3C家電,iPhone 15 Pro,35457,LinePay
2026-04-29 03:13,SA-962374,M00764,生活居家,TOTO 溫水洗淨便座,9776,信用卡
2026-04-19 03:38,SA-187017,M00318,美妝保養,SK-II 青春露,6183,信用卡
2026-04-25 23:30,SA-534816,M01092,美妝保養,雅詩蘭黛 小棕瓶,3849,ATM轉帳
2026-04-09 16:58,SA-370976,M00791,美妝保養,理膚寶水 B5全面修復霜,857,LinePay
2026-04-22 21:21,SA-318167,M01284,3C家電,LG 掃地機器人,14403,超商貨到付款
2026-04-03 08:31,SA-156210,M00017,美妝保養,資生堂 百優精純乳霜,2766,信用卡
2026-04-14 14:52,SA-273104,M00608,生活居家,TOTO 溫水洗淨便座,9204,LinePay
2026-04-29 21:54,SA-491401,M00004,服飾配件,G-Shock 經典運動錶,3075,ATM轉帳
2026-04-18 17:35,SA-280499,M00764,生活居家,TOTO 溫水洗淨便座,9231,街口支付
2026-04-17 01:33,SA-236929,M01279,美妝保養,蘭蔻 極光水,3357,LinePay
2026-04-14 23:11,SA-901889,M00165,美妝保養,SK-II 青春露,5650,信用卡
2026-04-23 09:42,SA-407144,M01092,3C家電,LG 掃地機器人,14502,信用卡
2026-04-23 08:34,SA-937961,M01012,3C家電,LG 掃地機器人,14351,街口支付
2026-04-17 14:39,SA-275241,M00275,3C家電,LG 掃地機器人,15568,LinePay
2026-04-04 06:59,SA-320824,M01098,3C家電,Dyson 吹風機,13719,LinePay
2026-04-27 16:03,SA-503266,M01496,生活居家,宜得利 N-COOL涼感床墊,1255,信用卡
2026-04-04 04:17,SA-482772,M01262,3C家電,Nintendo Switch,9631,ATM轉帳
2026-04-22 21:43,SA-741935,M01123,3C家電,Apple Watch S9,12492,超商貨到付款
2026-04-11 00:35,SA-358054,M00043,3C家電,LG 掃地機器人,15396,信用卡
2026-04-03 10:43,SA-913523,M00855,母嬰用品,幫寶適 一級幫紙尿褲(箱),1532,信用卡
2026-04-25 16:20,SA-556381,M01049,美妝保養,雅詩蘭黛 小棕瓶,4098,信用卡
2026-04-22 16:19,SA-352614,M01351,服飾配件,Levi's 501牛仔褲,3816,LinePay
2026-04-01 14:31,SA-669140,M00907,生活居家,TOTO 溫水洗淨便座,9305,街口支付
2026-04-24 01:16,SA-699691,M01394,服飾配件,Ray-Ban 飛行員太陽眼鏡,5480,信用卡
2026-04-21 03:55,SA-141390,M00793,3C家電,Sony 降噪耳機,9899,信用卡
2026-04-23 23:25,SA-254616,M00508,服飾配件,Nike Air Force 1,3104,信用卡
2026-04-12 03:01,SA-461851,M00786,美妝保養,雅詩蘭黛 小棕瓶,3960,LinePay
2026-04-18 02:03,SA-817157,M01145,3C家電,iPhone 15 Pro,35163,LinePay
2026-04-25 23:04,SA-190566,M00842,服飾配件,Uniqlo 極暖發熱衣,773,信用卡
2026-04-05 23:16,SA-318402,M00968,母嬰用品,貝親 寬口玻璃奶瓶,572,超商貨到付款
2026-04-24 17:56,SA-249985,M00247,生活居家,TOTO 溫水洗淨便座,9233,信用卡
2026-04-12 23:07,SA-761497,M00359,服飾配件,Uniqlo 極暖發熱衣,742,超商貨到付款
2026-04-23 03:58,SA-907887,M00289,服飾配件,Nike Air Force 1,3358,信用卡
2026-04-17 22:48,SA-188700,M01205,服飾配件,Ray-Ban 飛行員太陽眼鏡,5356,信用卡
2026-04-08 23:24,SA-213259,M00395,服飾配件,Nike Air Force 1,3165,超商貨到付款
2026-04-07 22:25,SA-327894,M00342,美妝保養,雅詩蘭黛 小棕瓶,4070,信用卡
2026-04-12 10:30,SA-819473,M00862,生活居家,宜得利 N-COOL涼感床墊,1271,LinePay
2026-04-18 07:45,SA-643645,M00401,3C家電,LG 掃地機器人,15831,信用卡
2026-04-29 20:00,SA-642460,M01352,3C家電,Dyson 吹風機,13854,信用卡
2026-04-01 21:46,SA-565896,M01420,母嬰用品,Joie 輕量雙向推車,6129,信用卡
2026-04-05 19:30,SA-974881,M00028,服飾配件,Ray-Ban 飛行員太陽眼鏡,5107,LinePay
2026-04-06 13:52,SA-249289,M00097,生活居家,3M 淨水器濾心,2305,信用卡
2026-04-15 07:36,SA-978046,M00425,3C家電,iPhone 15 Pro,34319,超商貨到付款
2026-04-28 00:59,SA-601236,M00287,3C家電,Nintendo Switch,8930,信用卡
2026-04-09 10:16,SA-540804,M00605,美妝保養,雅詩蘭黛 小棕瓶,4057,信用卡
2026-04-09 16:28,SA-408688,M00498,服飾配件,G-Shock 經典運動錶,3175,信用卡
2026-04-11 15:43,SA-525608,M01442,美妝保養,雅詩蘭黛 小棕瓶,4166,信用卡
2026-04-02 00:00,SA-159648,M00620,3C家電,LG 掃地機器人,14711,信用卡
2026-04-28 14:32,SA-770031,M00878,生活居家,宜得利 N-COOL涼感床墊,1181,信用卡
2026-04-04 20:12,SA-687621,M00061,生活居家,無印良品 PP收納盒,439,LinePay
2026-04-04 18:47,SA-922908,M01084,美妝保養,蘭蔻 極光水,3408,LinePay
2026-04-18 09:19,SA-965180,M00420,3C家電,Apple Watch S9,13193,信用卡
2026-04-18 12:01,SA-873985,M00737,保健食品,善存 綜合維他命,905,ATM轉帳
2026-04-01 01:44,SA-763816,M00300,母嬰用品,Combi 奶瓶消毒鍋,3157,街口支付
2026-04-15 11:26,SA-833789,M01060,美妝保養,蘭蔻 極光水,3588,信用卡
2026-04-21 13:19,SA-114782,M00081,服飾配件,Nike Air Force 1,3255,超商貨到付款
2026-04-11 05:40,SA-250418,M01170,3C家電,LG 掃地機器人,15167,信用卡
2026-04-30 01:05,SA-695453,M00733,母嬰用品,幫寶適 一級幫紙尿褲(箱),1517,街口支付
2026-04-02 17:34,SA-932223,M00177,美妝保養,蘭蔻 極光水,3413,LinePay
2026-04-17 18:51,SA-768251,M00122,服飾配件,Levi's 501牛仔褲,3677,超商貨到付款
2026-04-25 19:13,SA-352467,M01150,保健食品,桂格 大燕麥片,234,信用卡
2026-04-25 21:12,SA-878841,M01351,服飾配件,G-Shock 經典運動錶,2909,超商貨到付款
2026-04-13 17:34,SA-623823,M01468,美妝保養,雅詩蘭黛 小棕瓶,3866,信用卡
2026-04-05 23:51,SA-415528,M00198,生活居家,宜得利 N-COOL涼感床墊,1205,街口支付
2026-04-07 13:52,SA-853881,M00979,美妝保養,理膚寶水 B5全面修復霜,802,超商貨到付款
2026-04-01 07:19,SA-594044,M00889,美妝保養,雅詩蘭黛 小棕瓶,4072,信用卡
2026-04-04 23:34,SA-492782,M00720,美妝保養,SK-II 青春露,6126,信用卡
2026-04-09 05:50,SA-975316,M00857,保健食品,善存 綜合維他命,919,信用卡
2026-04-06 15:18,SA-222420,M01246,美妝保養,理膚寶水 B5全面修復霜,798,LinePay
2026-04-13 18:59,SA-994686,M00764,服飾配件,Uniqlo 極暖發熱衣,758,超商貨到付款
2026-04-26 16:01,SA-372246,M00340,3C家電,Apple Watch S9,12343,LinePay
2026-04-23 15:43,SA-391453,M00615,美妝保養,理膚寶水 B5全面修復霜,844,信用卡
2026-04-03 21:00,SA-131724,M00121,保健食品,娘家 大紅麴,2329,街口支付
2026-04-11 01:50,SA-385659,M00410,3C家電,Nintendo Switch,9588,LinePay
2026-04-07 15:54,SA-552026,M01474,服飾配件,Uniqlo 極暖發熱衣,728,街口支付
2026-04-04 13:09,SA-912371,M01113,3C家電,iPhone 15 Pro,35236,信用卡
2026-04-23 17:29,SA-422120,M01057,生活居家,無印良品 PP收納盒,444,超商貨到付款
2026-04-15 13:40,SA-148122,M01476,保健食品,娘家 大紅麴,2474,LinePay
2026-04-20 12:13,SA-407913,M00468,母嬰用品,明治 金選奶粉,715,超商貨到付款
2026-04-26 15:39,SA-178396,M00869,母嬰用品,Combi 奶瓶消毒鍋,3087,街口支付
2026-04-13 06:44,SA-544526,M00915,3C家電,Apple Watch S9,12790,信用卡
2026-04-17 16:41,SA-298123,M00035,生活居家,舒潔 抽取式衛生紙(箱),881,LinePay
2026-04-04 09:53,SA-552088,M00969,3C家電,Dyson 吹風機,14201,街口支付
2026-04-07 13:29,SA-241576,M01196,母嬰用品,幫寶適 一級幫紙尿褲(箱),1457,LinePay
2026-04-18 09:53,SA-311709,M00186,3C家電,Nintendo Switch,9586,信用卡
2026-04-14 23:13,SA-685034,M00350,美妝保養,SK-II 青春露,6070,信用卡
2026-04-11 23:50,SA-662139,M00173,3C家電,iPhone 15 Pro,36030,超商貨到付款
2026-04-01 13:02,SA-299840,M00545,3C家電,Nintendo Switch,9335,街口支付
2026-04-01 10:36,SA-265273,M00318,生活居家,TOTO 溫水洗淨便座,8976,超商貨到付款
2026-04-26 15:59,SA-560601,M01182,美妝保養,資生堂 百優精純乳霜,2706,超商貨到付款
2026-04-19 16:11,SA-713602,M01168,美妝保養,資生堂 百優精純乳霜,2723,信用卡
2026-04-20 01:03,SA-450217,M00030,美妝保養,理膚寶水 B5全面修復霜,804,信用卡
2026-04-20 06:35,SA-730449,M00462,母嬰用品,幫寶適 一級幫紙尿褲(箱),1501,超商貨到付款
2026-04-03 14:20,SA-545460,M00336,美妝保養,雅詩蘭黛 小棕瓶,4146,信用卡
2026-04-28 06:05,SA-713475,M00686,3C家電,iPhone 15 Pro,34363,LinePay
2026-04-09 01:02,SA-444712,M01073,服飾配件,Nike Air Force 1,3064,ATM轉帳
2026-04-03 20:35,SA-397611,M00716,3C家電,Dyson 吹風機,13464,LinePay
2026-04-30 17:02,SA-285082,M01019,3C家電,LG 掃地機器人,14942,LinePay
2026-04-29 05:51,SA-838914,M00227,美妝保養,蘭蔻 極光水,3388,LinePay
2026-04-25 04:28,SA-219665,M00203,3C家電,Apple Watch S9,13016,LinePay
2026-04-19 00:34,SA-893531,M00651,生活居家,3M 淨水器濾心,2272,信用卡
2026-04-18 22:02,SA-354922,M00141,服飾配件,Nike Air Force 1,3160,超商貨到付款
2026-04-18 20:44,SA-949189,M00632,母嬰用品,Combi 奶瓶消毒鍋,3155,信用卡
2026-04-21 02:29,SA-941203,M01107,生活居家,3M 淨水器濾心,2314,信用卡
2026-04-18 11:12,SA-992266,M00612,3C家電,LG 掃地機器人,15384,信用卡
2026-04-25 02:01,SA-840780,M01020,母嬰用品,幫寶適 一級幫紙尿褲(箱),1566,信用卡
2026-04-23 18:43,SA-490077,M00458,服飾配件,Uniqlo 極暖發熱衣,776,信用卡
2026-04-17 08:07,SA-909710,M00501,3C家電,Dyson 吹風機,14521,超商貨到付款
2026-04-13 13:48,SA-949265,M01114,美妝保養,雅詩蘭黛 小棕瓶,4043,LinePay
2026-04-29 00:02,SA-584675,M01419,3C家電,Nintendo Switch,9035,LinePay
2026-04-30 08:40,SA-611171,M01079,3C家電,LG 掃地機器人,14743,信用卡
2026-04-24 16:16,SA-614031,M00769,3C家電,Sony 降噪耳機,10571,信用卡
2026-04-09 21:57,SA-208086,M00990,服飾配件,Nike Air Force 1,3387,LinePay
2026-04-29 14:07,SA-356277,M01351,生活居家,舒潔 抽取式衛生紙(箱),852,LinePay
2026-04-10 09:54,SA-798515,M00276,服飾配件,G-Shock 經典運動錶,2952,街口支付
2026-04-08 07:29,SA-201908,M00948,美妝保養,蘭蔻 極光水,3523,信用卡
2026-04-15 04:42,SA-894085,M00941,服飾配件,Uniqlo 極暖發熱衣,748,超商貨到付款
2026-04-18 08:36,SA-993224,M01084,美妝保養,蘭蔻 極光水,3429,信用卡
