日期,員工編號,所屬部門,使用功能模組,停留時間_秒
2026-02-05,U768,人資部,報表匯出,1604
2026-02-07,U627,人資部,報表匯出,1791
2026-04-12,U994,人資部,資料匯入,1667
2026-03-25,U516,行銷部,儀表板,971
2026-03-07,U797,資訊部,儀表板,618
2026-02-01,U409,行銷部,儀表板,804
2026-03-10,U652,業務部,資料匯入,953
2026-03-16,U510,業務部,系統設定,563
2026-04-27,U341,行銷部,儀表板,1102
2026-03-06,U557,人資部,資料匯入,1793
2026-04-22,U510,人資部,報表匯出,953
2026-02-10,U755,人資部,儀表板,867
2026-04-15,U161,業務部,資料匯入,1490
2026-03-26,U367,行銷部,儀表板,1475
2026-02-01,U976,業務部,報表匯出,1277
2026-03-31,U941,資訊部,資料匯入,18
2026-04-29,U628,業務部,資料匯入,1719
2026-03-08,U496,行銷部,報表匯出,1561
2026-02-15,U397,資訊部,儀表板,1739
2026-03-31,U960,業務部,報表匯出,1116
2026-04-21,U138,資訊部,報表匯出,1202
2026-02-04,U239,業務部,儀表板,964
2026-02-04,U538,資訊部,使用者管理,431
2026-03-28,U373,行銷部,資料匯入,812
2026-03-06,U133,行銷部,儀表板,1147
2026-04-20,U763,人資部,資料匯入,975
2026-04-01,U349,業務部,資料匯入,299
2026-02-19,U365,資訊部,儀表板,1263
2026-02-08,U841,人資部,儀表板,650
2026-02-04,U542,資訊部,報表匯出,458
2026-03-05,U817,行銷部,報表匯出,80
2026-03-15,U252,業務部,使用者管理,1087
2026-03-02,U733,資訊部,使用者管理,297
2026-04-24,U619,業務部,資料匯入,848
2026-02-07,U633,業務部,報表匯出,178
2026-03-07,U479,資訊部,報表匯出,1479
2026-04-17,U907,資訊部,儀表板,219
2026-04-04,U701,資訊部,儀表板,349
2026-04-10,U455,資訊部,儀表板,1730
2026-02-11,U773,資訊部,系統設定,1436
2026-04-01,U680,行銷部,資料匯入,320
2026-03-13,U140,人資部,儀表板,100
2026-02-27,U763,業務部,儀表板,1071
2026-04-13,U762,資訊部,儀表板,288
2026-03-31,U768,人資部,使用者管理,119
2026-04-08,U960,業務部,儀表板,1500
2026-05-01,U610,業務部,資料匯入,72
2026-04-24,U225,人資部,資料匯入,1363
2026-02-11,U865,業務部,資料匯入,1551
2026-04-13,U558,業務部,儀表板,394
2026-04-11,U412,人資部,報表匯出,367
2026-04-06,U743,行銷部,資料匯入,1523
2026-03-30,U300,資訊部,資料匯入,1652
2026-02-24,U291,人資部,資料匯入,321
2026-03-01,U719,資訊部,報表匯出,39
2026-03-16,U694,人資部,報表匯出,626
2026-03-18,U905,業務部,資料匯入,532
2026-03-08,U227,人資部,資料匯入,603
2026-03-23,U754,人資部,報表匯出,1035
2026-02-10,U289,人資部,儀表板,1087
2026-03-19,U346,資訊部,資料匯入,29
2026-02-04,U664,業務部,使用者管理,1299
2026-03-13,U335,業務部,儀表板,1425
2026-04-09,U195,業務部,儀表板,1005
2026-03-02,U848,人資部,報表匯出,816
2026-03-05,U949,行銷部,儀表板,1709
2026-03-08,U921,人資部,報表匯出,54
2026-03-19,U214,資訊部,系統設定,1621
2026-04-15,U228,行銷部,報表匯出,84
2026-04-20,U596,資訊部,報表匯出,522
2026-02-15,U396,行銷部,資料匯入,271
2026-02-16,U452,業務部,報表匯出,1164
2026-02-06,U667,資訊部,系統設定,328
2026-02-13,U229,資訊部,資料匯入,311
2026-04-06,U949,業務部,使用者管理,1118
2026-04-19,U527,行銷部,資料匯入,673
2026-04-13,U447,資訊部,儀表板,1644
2026-02-05,U890,行銷部,儀表板,680
2026-04-08,U580,行銷部,報表匯出,464
2026-03-25,U244,行銷部,資料匯入,742
2026-04-24,U193,行銷部,儀表板,385
2026-04-05,U261,資訊部,儀表板,366
2026-03-29,U653,資訊部,儀表板,153
2026-02-01,U592,業務部,儀表板,1080
2026-02-23,U953,業務部,儀表板,1078
2026-03-23,U115,行銷部,資料匯入,1588
2026-03-22,U693,行銷部,儀表板,614
2026-02-09,U552,行銷部,儀表板,1443
2026-02-12,U810,行銷部,資料匯入,1069
2026-03-15,U398,人資部,使用者管理,325
2026-02-13,U914,業務部,使用者管理,713
2026-03-11,U474,行銷部,使用者管理,475
2026-02-10,U182,人資部,儀表板,1533
2026-04-21,U294,人資部,報表匯出,159
2026-03-11,U635,人資部,資料匯入,945
2026-03-16,U987,人資部,資料匯入,969
2026-03-24,U240,資訊部,資料匯入,513
2026-02-01,U139,業務部,使用者管理,931
2026-03-15,U467,行銷部,系統設定,188
2026-03-04,U247,行銷部,儀表板,144
2026-03-28,U137,人資部,報表匯出,1110
2026-04-06,U436,人資部,報表匯出,816
2026-04-05,U494,資訊部,資料匯入,1770
2026-03-27,U792,業務部,資料匯入,963
2026-02-01,U641,人資部,資料匯入,690
2026-03-15,U826,業務部,儀表板,375
2026-02-22,U690,業務部,儀表板,1530
2026-04-30,U279,資訊部,儀表板,813
2026-02-22,U106,行銷部,儀表板,1754
2026-04-23,U570,資訊部,儀表板,11
2026-02-04,U357,行銷部,報表匯出,1362
2026-04-11,U843,業務部,報表匯出,1368
2026-03-10,U140,業務部,資料匯入,346
2026-04-13,U178,資訊部,儀表板,105
2026-04-23,U615,行銷部,儀表板,851
2026-03-24,U916,業務部,資料匯入,1532
2026-04-22,U116,資訊部,報表匯出,612
2026-03-26,U340,業務部,儀表板,178
2026-04-17,U946,業務部,系統設定,754
2026-02-05,U265,人資部,系統設定,962
2026-03-09,U859,行銷部,儀表板,870
2026-03-09,U986,人資部,儀表板,1473
2026-04-06,U442,人資部,儀表板,648
2026-02-08,U328,資訊部,資料匯入,1162
2026-02-18,U247,業務部,資料匯入,1360
2026-04-22,U574,行銷部,報表匯出,1172
2026-02-02,U562,行銷部,報表匯出,1203
2026-03-19,U443,行銷部,儀表板,1356
2026-04-22,U801,資訊部,儀表板,1317
2026-02-25,U707,行銷部,資料匯入,1134
2026-02-03,U470,資訊部,報表匯出,1715
2026-02-20,U945,業務部,儀表板,1721
2026-03-02,U338,人資部,儀表板,961
2026-04-27,U529,人資部,報表匯出,1708
2026-04-22,U331,行銷部,資料匯入,1113
2026-03-18,U610,人資部,報表匯出,1776
2026-02-04,U331,資訊部,資料匯入,1046
2026-02-13,U843,行銷部,報表匯出,605
2026-05-01,U221,業務部,資料匯入,1548
2026-03-01,U448,資訊部,資料匯入,311
2026-03-25,U583,行銷部,儀表板,186
2026-02-26,U917,資訊部,儀表板,1139
2026-04-29,U395,業務部,報表匯出,1574
2026-03-21,U523,業務部,儀表板,670
2026-03-13,U999,人資部,系統設定,1133
2026-04-28,U905,人資部,儀表板,913
2026-02-04,U129,業務部,儀表板,1511
2026-04-16,U407,人資部,儀表板,250
2026-02-07,U380,資訊部,資料匯入,1079
2026-02-23,U568,資訊部,報表匯出,461
2026-02-04,U323,資訊部,資料匯入,1219
2026-02-14,U909,人資部,報表匯出,589
2026-02-04,U815,業務部,系統設定,1214
2026-04-18,U321,業務部,報表匯出,1164
2026-04-16,U855,業務部,系統設定,1344
2026-03-02,U682,人資部,儀表板,1465
2026-03-08,U329,資訊部,報表匯出,1604
2026-04-20,U848,人資部,資料匯入,1265
2026-02-06,U683,業務部,儀表板,871
2026-04-06,U311,資訊部,儀表板,882
2026-03-07,U542,行銷部,儀表板,1383
2026-04-20,U776,業務部,報表匯出,1051
2026-04-25,U799,資訊部,儀表板,968
2026-04-13,U416,業務部,報表匯出,1646
2026-04-06,U395,行銷部,報表匯出,37
2026-03-18,U337,業務部,儀表板,954
2026-02-08,U526,資訊部,儀表板,286
2026-04-06,U227,資訊部,資料匯入,1588
2026-04-18,U170,人資部,報表匯出,612
2026-04-04,U693,行銷部,儀表板,1020
2026-02-22,U710,人資部,儀表板,983
2026-04-18,U625,行銷部,報表匯出,299
2026-02-20,U774,人資部,報表匯出,1765
2026-02-25,U193,人資部,儀表板,1529
2026-02-16,U704,資訊部,資料匯入,1198
2026-02-06,U651,資訊部,資料匯入,481
2026-03-15,U212,人資部,儀表板,1351
2026-04-16,U981,資訊部,儀表板,807
2026-02-10,U493,行銷部,儀表板,67
2026-03-06,U812,業務部,儀表板,1145
2026-02-28,U871,資訊部,使用者管理,1766
2026-02-22,U696,業務部,儀表板,528
2026-02-10,U840,資訊部,儀表板,651
2026-02-25,U489,行銷部,儀表板,1004
2026-03-27,U896,業務部,儀表板,316
2026-04-06,U369,業務部,儀表板,45
2026-04-30,U954,人資部,使用者管理,1767
2026-03-04,U288,業務部,資料匯入,607
2026-03-25,U338,行銷部,儀表板,230
2026-04-27,U964,人資部,使用者管理,1509
2026-03-24,U911,行銷部,儀表板,1182
2026-04-10,U232,業務部,報表匯出,1258
2026-03-31,U484,資訊部,儀表板,1727
2026-02-20,U858,業務部,儀表板,126
2026-02-21,U322,行銷部,儀表板,346
2026-03-08,U546,資訊部,資料匯入,1800
2026-03-15,U466,人資部,資料匯入,74
2026-04-27,U339,業務部,報表匯出,1775
2026-03-27,U989,資訊部,資料匯入,900
2026-04-28,U458,人資部,報表匯出,1135
2026-03-14,U522,業務部,報表匯出,1582
2026-02-05,U989,人資部,資料匯入,1014
2026-02-07,U820,資訊部,資料匯入,1504
2026-03-28,U816,業務部,系統設定,715
2026-04-01,U798,業務部,資料匯入,60
2026-03-19,U749,人資部,使用者管理,855
2026-02-16,U451,行銷部,儀表板,1478
2026-04-06,U879,行銷部,儀表板,1472
2026-04-01,U254,業務部,報表匯出,525
2026-04-03,U810,行銷部,儀表板,1702
2026-04-11,U326,資訊部,儀表板,320
2026-03-22,U918,行銷部,使用者管理,1704
2026-03-08,U723,業務部,報表匯出,1468
2026-04-25,U135,行銷部,儀表板,1483
2026-02-18,U393,行銷部,系統設定,1457
2026-04-25,U305,業務部,儀表板,1493
2026-03-10,U886,人資部,報表匯出,1308
2026-03-01,U125,人資部,儀表板,956
2026-04-16,U737,行銷部,系統設定,969
2026-03-11,U176,行銷部,資料匯入,1055
2026-03-10,U141,資訊部,儀表板,1081
2026-02-02,U667,業務部,報表匯出,1274
2026-02-04,U972,人資部,報表匯出,106
2026-03-16,U391,人資部,系統設定,1208
2026-02-15,U441,行銷部,儀表板,1570
2026-02-03,U969,資訊部,資料匯入,1330
2026-04-10,U296,業務部,報表匯出,908
2026-05-01,U500,行銷部,資料匯入,1440
2026-03-23,U921,業務部,儀表板,141
2026-03-06,U918,業務部,報表匯出,1357
2026-04-18,U457,業務部,資料匯入,1159
2026-04-05,U744,人資部,資料匯入,817
2026-03-26,U955,行銷部,報表匯出,628
2026-02-02,U823,行銷部,報表匯出,1238
2026-04-11,U471,行銷部,報表匯出,457
2026-03-07,U600,資訊部,報表匯出,1371
2026-02-03,U979,行銷部,儀表板,1309
2026-03-31,U406,業務部,儀表板,1524
2026-04-01,U486,資訊部,儀表板,1115
2026-03-08,U808,業務部,資料匯入,207
2026-04-19,U738,業務部,資料匯入,39
2026-02-17,U482,業務部,儀表板,124
2026-02-19,U780,人資部,報表匯出,403
2026-04-20,U672,人資部,儀表板,958
2026-03-09,U766,行銷部,儀表板,1483
2026-03-24,U634,業務部,儀表板,1511
2026-02-09,U194,行銷部,報表匯出,1445
2026-04-18,U580,業務部,資料匯入,129
2026-04-02,U257,人資部,儀表板,1203
2026-03-15,U557,業務部,使用者管理,1248
2026-02-25,U915,行銷部,報表匯出,128
2026-02-15,U850,人資部,儀表板,494
2026-02-21,U373,人資部,報表匯出,860
2026-04-14,U407,業務部,報表匯出,438
2026-02-02,U261,業務部,儀表板,616
2026-03-02,U749,資訊部,資料匯入,561
2026-02-03,U321,人資部,資料匯入,1290
2026-04-26,U583,資訊部,報表匯出,766
2026-04-22,U682,人資部,儀表板,1673
2026-03-30,U302,人資部,資料匯入,1020
2026-04-21,U440,業務部,使用者管理,765
2026-04-12,U221,人資部,報表匯出,1594
2026-03-21,U814,人資部,儀表板,856
2026-03-29,U442,業務部,儀表板,717
2026-03-25,U567,行銷部,報表匯出,61
2026-02-28,U498,人資部,資料匯入,131
2026-02-05,U895,業務部,資料匯入,666
2026-02-04,U901,行銷部,報表匯出,1240
2026-03-23,U174,人資部,使用者管理,369
2026-02-05,U325,行銷部,報表匯出,1477
2026-04-20,U121,業務部,資料匯入,637
2026-04-25,U277,行銷部,儀表板,1657
2026-02-12,U536,行銷部,儀表板,1041
2026-02-23,U881,業務部,報表匯出,1096
2026-02-05,U536,人資部,使用者管理,1465
2026-02-25,U806,業務部,報表匯出,1489
2026-04-29,U127,人資部,報表匯出,83
2026-04-23,U614,資訊部,報表匯出,1774
2026-04-01,U419,業務部,儀表板,1749
2026-04-10,U771,人資部,儀表板,251
2026-03-29,U188,人資部,儀表板,1070
2026-04-24,U747,資訊部,儀表板,55
2026-04-29,U555,人資部,資料匯入,257
2026-03-26,U564,資訊部,儀表板,661
2026-03-14,U200,資訊部,資料匯入,344
2026-02-02,U982,資訊部,報表匯出,1335
2026-03-06,U116,資訊部,儀表板,1754
2026-02-26,U255,人資部,資料匯入,719
2026-03-01,U288,人資部,報表匯出,636
2026-02-15,U392,資訊部,儀表板,1518
2026-04-05,U338,人資部,使用者管理,1758
2026-03-31,U238,行銷部,報表匯出,1338
2026-04-09,U539,資訊部,報表匯出,729
2026-03-05,U206,行銷部,系統設定,946
2026-02-14,U912,業務部,報表匯出,1365
2026-02-09,U908,行銷部,儀表板,1182
2026-04-05,U197,行銷部,儀表板,1053
2026-02-14,U193,業務部,報表匯出,1382
2026-02-11,U477,業務部,儀表板,1072
2026-02-17,U972,資訊部,系統設定,1228
2026-02-06,U928,人資部,儀表板,992
2026-04-04,U358,業務部,報表匯出,396
2026-02-27,U189,人資部,報表匯出,766
2026-02-18,U794,資訊部,儀表板,1717
2026-04-17,U848,資訊部,報表匯出,1752
2026-02-02,U381,資訊部,儀表板,895
2026-02-02,U122,業務部,儀表板,242
2026-02-19,U543,資訊部,報表匯出,713
2026-02-01,U971,行銷部,儀表板,707
2026-02-06,U415,行銷部,資料匯入,1389
2026-03-23,U557,人資部,系統設定,888
2026-04-18,U246,人資部,報表匯出,1681
2026-04-16,U378,人資部,報表匯出,1490
2026-02-06,U994,行銷部,報表匯出,510
2026-04-16,U592,人資部,報表匯出,86
2026-03-14,U885,人資部,儀表板,218
2026-04-13,U990,資訊部,資料匯入,1178
2026-04-14,U183,行銷部,儀表板,261
2026-04-03,U176,業務部,報表匯出,15
2026-02-21,U837,行銷部,報表匯出,120
2026-02-12,U249,人資部,儀表板,644
2026-03-02,U799,資訊部,報表匯出,292
2026-02-09,U516,行銷部,儀表板,422
2026-03-20,U171,人資部,報表匯出,793
2026-03-28,U251,資訊部,資料匯入,1544
2026-03-20,U679,資訊部,儀表板,1638
2026-03-16,U710,行銷部,資料匯入,749
2026-02-28,U111,行銷部,報表匯出,923
2026-02-05,U573,資訊部,資料匯入,88
2026-04-06,U120,業務部,儀表板,1413
2026-03-09,U300,行銷部,報表匯出,1329
2026-04-14,U125,業務部,儀表板,657
2026-02-18,U368,行銷部,報表匯出,742
2026-04-25,U698,行銷部,報表匯出,18
2026-04-13,U365,業務部,儀表板,508
2026-03-14,U932,行銷部,報表匯出,74
2026-04-27,U298,業務部,資料匯入,1158
2026-04-03,U467,資訊部,資料匯入,1355
2026-03-21,U751,行銷部,系統設定,478
2026-04-25,U421,業務部,報表匯出,1268
2026-04-23,U271,人資部,報表匯出,41
2026-05-01,U583,人資部,報表匯出,540
2026-04-15,U606,業務部,儀表板,1678
2026-04-17,U364,資訊部,儀表板,1316
2026-04-03,U324,人資部,儀表板,269
2026-03-05,U257,行銷部,報表匯出,204
2026-04-01,U220,資訊部,儀表板,823
2026-02-18,U798,行銷部,儀表板,381
2026-02-06,U354,人資部,報表匯出,944
2026-02-04,U337,人資部,儀表板,274
2026-03-13,U909,人資部,儀表板,810
2026-03-24,U725,行銷部,系統設定,903
2026-02-03,U571,資訊部,報表匯出,144
2026-04-17,U398,資訊部,資料匯入,1786
2026-02-24,U806,人資部,儀表板,475
2026-03-28,U100,資訊部,使用者管理,561
2026-04-25,U390,人資部,資料匯入,668
2026-02-28,U319,資訊部,報表匯出,1428
2026-04-26,U764,業務部,儀表板,700
2026-02-13,U285,人資部,資料匯入,1675
2026-02-22,U247,行銷部,儀表板,1490
2026-04-14,U247,業務部,報表匯出,525
2026-02-08,U604,資訊部,報表匯出,913
2026-04-14,U666,人資部,報表匯出,393
2026-04-10,U545,人資部,儀表板,1147
2026-03-09,U440,人資部,儀表板,549
2026-02-05,U554,資訊部,資料匯入,1226
2026-02-07,U570,資訊部,報表匯出,914
2026-04-30,U652,業務部,報表匯出,985
2026-03-09,U749,資訊部,儀表板,608
2026-04-18,U517,業務部,資料匯入,952
2026-02-04,U204,業務部,報表匯出,1462
2026-02-19,U816,行銷部,儀表板,448
2026-03-20,U656,資訊部,報表匯出,110
2026-03-05,U360,資訊部,資料匯入,896
2026-03-13,U172,人資部,儀表板,1566
2026-03-10,U752,行銷部,儀表板,375
2026-04-08,U174,業務部,資料匯入,1673
2026-03-08,U805,資訊部,儀表板,579
2026-02-24,U722,人資部,報表匯出,315
2026-04-16,U859,行銷部,儀表板,258
2026-04-04,U255,資訊部,使用者管理,223
2026-04-24,U303,行銷部,資料匯入,77
2026-04-17,U905,行銷部,儀表板,353
2026-03-09,U407,行銷部,資料匯入,1172
2026-02-10,U871,資訊部,使用者管理,737
2026-03-26,U747,業務部,儀表板,957
2026-03-04,U969,人資部,報表匯出,1513
2026-04-10,U536,人資部,儀表板,49
2026-04-06,U965,行銷部,資料匯入,959
2026-03-10,U228,行銷部,報表匯出,1327
2026-04-27,U823,業務部,儀表板,574
2026-04-25,U938,資訊部,報表匯出,1281
2026-03-26,U304,人資部,儀表板,537
2026-02-24,U130,資訊部,儀表板,1089
2026-03-27,U371,資訊部,儀表板,325
2026-04-21,U654,人資部,系統設定,537
2026-03-11,U777,行銷部,資料匯入,1751
2026-03-16,U775,人資部,儀表板,516
2026-03-05,U267,人資部,儀表板,180
2026-02-09,U711,業務部,儀表板,694
2026-02-14,U471,行銷部,資料匯入,910
2026-02-08,U779,業務部,儀表板,856
2026-04-29,U705,資訊部,報表匯出,398
2026-04-08,U158,業務部,報表匯出,1773
2026-02-21,U920,資訊部,儀表板,1075
2026-02-11,U579,資訊部,報表匯出,934
2026-02-28,U549,資訊部,資料匯入,710
2026-02-23,U473,人資部,報表匯出,253
2026-03-31,U566,資訊部,資料匯入,1107
2026-03-07,U615,人資部,系統設定,1265
2026-02-23,U642,行銷部,報表匯出,171
2026-02-12,U858,行銷部,儀表板,1474
2026-03-11,U789,業務部,報表匯出,988
2026-02-26,U390,行銷部,儀表板,831
2026-02-19,U810,行銷部,報表匯出,880
2026-02-23,U105,業務部,報表匯出,1422
2026-03-21,U238,資訊部,資料匯入,1378
2026-04-29,U542,行銷部,使用者管理,861
2026-02-18,U466,業務部,系統設定,1221
2026-03-28,U981,行銷部,報表匯出,982
2026-04-09,U158,業務部,系統設定,1757
2026-03-29,U280,人資部,資料匯入,1347
2026-02-11,U399,業務部,資料匯入,1681
2026-03-20,U774,行銷部,資料匯入,961
2026-04-23,U899,人資部,儀表板,859
2026-04-23,U411,業務部,資料匯入,1651
2026-02-25,U684,業務部,報表匯出,1146
2026-02-05,U654,資訊部,資料匯入,1087
2026-03-17,U182,資訊部,儀表板,24
2026-03-21,U693,行銷部,資料匯入,935
2026-03-15,U813,人資部,報表匯出,1728
2026-03-28,U397,行銷部,系統設定,1279
2026-03-01,U700,資訊部,報表匯出,15
2026-03-05,U977,人資部,資料匯入,1441
2026-04-09,U266,行銷部,資料匯入,498
2026-04-23,U107,業務部,資料匯入,797
2026-02-04,U293,業務部,儀表板,418
2026-03-10,U785,資訊部,報表匯出,1406
2026-03-17,U443,資訊部,儀表板,584
2026-02-06,U495,行銷部,系統設定,1324
2026-04-27,U148,行銷部,儀表板,1154
2026-04-26,U316,資訊部,報表匯出,1050
2026-04-10,U697,行銷部,資料匯入,1696
2026-02-28,U121,行銷部,資料匯入,1377
2026-03-04,U256,業務部,儀表板,595
2026-02-07,U368,行銷部,系統設定,1736
2026-04-08,U822,業務部,系統設定,363
2026-03-19,U172,行銷部,資料匯入,1140
2026-05-01,U612,業務部,儀表板,184
2026-03-01,U346,資訊部,報表匯出,438
2026-03-13,U179,業務部,儀表板,1266
2026-04-10,U257,業務部,報表匯出,666
2026-04-09,U616,業務部,儀表板,1433
2026-03-22,U234,業務部,儀表板,1320
2026-04-08,U644,行銷部,報表匯出,1083
2026-04-08,U667,行銷部,資料匯入,654
2026-02-01,U740,業務部,報表匯出,187
2026-03-09,U263,行銷部,報表匯出,202
2026-03-17,U357,行銷部,報表匯出,1775
2026-03-28,U886,人資部,儀表板,593
2026-03-29,U984,資訊部,報表匯出,842
2026-04-19,U146,人資部,資料匯入,580
2026-04-03,U704,業務部,報表匯出,677
2026-03-03,U540,行銷部,儀表板,685
2026-02-21,U902,業務部,儀表板,1785
2026-04-29,U515,資訊部,報表匯出,804
2026-03-14,U424,行銷部,報表匯出,1440
2026-02-12,U636,業務部,儀表板,1450
2026-03-23,U388,人資部,儀表板,534
2026-03-05,U815,行銷部,報表匯出,1088
2026-03-08,U362,人資部,報表匯出,84
2026-03-20,U477,行銷部,資料匯入,35
2026-03-17,U592,資訊部,報表匯出,1459
2026-03-08,U705,人資部,資料匯入,164
2026-04-18,U756,業務部,報表匯出,1563
2026-02-19,U507,行銷部,資料匯入,1567
2026-04-22,U667,人資部,儀表板,1543
2026-03-08,U979,行銷部,儀表板,1703
2026-02-22,U362,資訊部,儀表板,957
2026-04-24,U583,業務部,儀表板,1105
2026-02-23,U198,資訊部,報表匯出,1773
2026-03-23,U555,行銷部,報表匯出,1460
2026-04-29,U548,資訊部,報表匯出,710
2026-04-25,U258,業務部,資料匯入,1379
2026-04-16,U129,資訊部,儀表板,1658
2026-02-19,U366,人資部,報表匯出,1795
2026-04-26,U335,業務部,儀表板,961
2026-02-09,U416,業務部,使用者管理,1055
2026-03-19,U724,業務部,儀表板,1399
2026-02-25,U423,行銷部,資料匯入,1778
2026-04-12,U207,行銷部,報表匯出,1297
2026-02-14,U194,業務部,儀表板,892
2026-04-09,U490,業務部,儀表板,916
2026-02-22,U246,業務部,儀表板,1686
2026-02-19,U154,人資部,資料匯入,1259
2026-03-21,U583,行銷部,資料匯入,1636
2026-02-12,U362,人資部,儀表板,1593
2026-04-01,U174,行銷部,儀表板,1281
2026-04-14,U752,人資部,資料匯入,1559
2026-04-26,U269,業務部,儀表板,130
2026-04-05,U503,業務部,報表匯出,1204
2026-03-22,U878,資訊部,報表匯出,214
2026-03-01,U182,行銷部,報表匯出,1577
2026-04-03,U898,人資部,儀表板,888
2026-02-28,U726,業務部,報表匯出,1005
2026-04-16,U295,人資部,儀表板,1788
2026-02-15,U511,業務部,儀表板,222
2026-04-02,U137,人資部,資料匯入,1475
2026-04-27,U590,業務部,資料匯入,1370
2026-04-05,U611,業務部,資料匯入,216
2026-02-12,U120,業務部,儀表板,1353
2026-04-09,U687,行銷部,資料匯入,448
2026-03-14,U723,業務部,資料匯入,132
2026-02-04,U786,行銷部,系統設定,511
2026-03-25,U731,資訊部,儀表板,491
2026-04-11,U398,業務部,儀表板,1192
2026-02-09,U355,人資部,資料匯入,1611
2026-02-27,U600,業務部,資料匯入,49
2026-02-28,U384,行銷部,報表匯出,1587
2026-03-27,U918,資訊部,儀表板,497
2026-02-24,U699,資訊部,儀表板,100
2026-04-28,U437,業務部,系統設定,177
2026-04-17,U847,人資部,報表匯出,1761
2026-03-12,U408,資訊部,資料匯入,699
2026-02-14,U529,人資部,儀表板,697
2026-02-13,U804,行銷部,儀表板,344
2026-04-17,U468,行銷部,儀表板,560
2026-04-09,U703,資訊部,報表匯出,147
2026-03-17,U473,資訊部,資料匯入,1736
2026-02-16,U821,資訊部,資料匯入,445
2026-03-19,U484,資訊部,報表匯出,217
2026-03-27,U195,業務部,資料匯入,1385
2026-03-30,U894,人資部,儀表板,1530
2026-04-07,U602,人資部,儀表板,893
2026-04-06,U824,業務部,資料匯入,906
2026-04-07,U701,資訊部,儀表板,1472
2026-04-10,U222,人資部,資料匯入,1792
2026-04-16,U741,業務部,報表匯出,1340
2026-04-07,U191,人資部,儀表板,1791
2026-02-13,U514,業務部,儀表板,1747
2026-04-01,U952,業務部,報表匯出,59
2026-02-20,U866,行銷部,儀表板,540
2026-03-20,U293,業務部,儀表板,72
2026-02-11,U500,資訊部,資料匯入,670
2026-04-17,U626,人資部,資料匯入,1549
2026-02-17,U592,資訊部,儀表板,1030
2026-02-11,U725,行銷部,儀表板,318
2026-02-22,U991,行銷部,儀表板,798
2026-03-31,U675,行銷部,儀表板,927
2026-03-12,U122,人資部,儀表板,721
2026-02-25,U300,行銷部,資料匯入,1482
2026-04-27,U621,人資部,報表匯出,1186
2026-03-06,U223,業務部,資料匯入,1276
2026-04-09,U166,業務部,報表匯出,1723
2026-02-05,U545,業務部,儀表板,293
2026-02-02,U847,人資部,使用者管理,819
2026-04-08,U613,行銷部,報表匯出,221
2026-02-06,U591,人資部,報表匯出,1701
2026-02-17,U244,資訊部,系統設定,33
2026-02-21,U527,資訊部,儀表板,152
2026-04-29,U640,人資部,資料匯入,48
2026-04-12,U979,資訊部,資料匯入,187
2026-04-25,U872,人資部,儀表板,362
2026-03-01,U882,人資部,儀表板,1493
2026-04-02,U386,業務部,儀表板,265
2026-04-26,U469,資訊部,資料匯入,969
2026-04-09,U457,人資部,儀表板,1625
2026-02-16,U673,資訊部,儀表板,925
2026-02-05,U396,人資部,儀表板,1779
2026-04-07,U437,人資部,系統設定,1252
2026-02-07,U759,人資部,系統設定,113
2026-04-04,U589,行銷部,儀表板,1535
2026-04-22,U425,資訊部,資料匯入,1684
2026-02-07,U245,資訊部,資料匯入,720
2026-03-23,U632,業務部,儀表板,1692
2026-03-08,U294,業務部,儀表板,828
2026-03-22,U175,行銷部,儀表板,579
2026-02-08,U355,資訊部,系統設定,773
2026-02-12,U729,人資部,儀表板,1531
2026-02-06,U827,行銷部,報表匯出,1232
2026-04-03,U310,資訊部,儀表板,159
2026-03-08,U833,行銷部,儀表板,435
2026-03-21,U420,資訊部,資料匯入,275
2026-04-30,U463,人資部,報表匯出,693
2026-02-16,U277,人資部,資料匯入,1447
2026-02-27,U934,業務部,系統設定,508
2026-04-29,U954,行銷部,儀表板,1296
2026-03-08,U573,人資部,儀表板,998
2026-02-28,U824,業務部,報表匯出,151
2026-03-25,U977,業務部,儀表板,1118
2026-02-08,U534,行銷部,儀表板,827
2026-03-03,U839,業務部,儀表板,944
2026-04-08,U831,業務部,報表匯出,1180
2026-03-21,U988,行銷部,儀表板,1754
2026-03-30,U567,業務部,資料匯入,1377
2026-04-20,U279,資訊部,資料匯入,328
2026-02-28,U799,業務部,報表匯出,581
2026-04-07,U192,資訊部,報表匯出,915
2026-02-26,U243,人資部,系統設定,178
2026-04-03,U522,資訊部,資料匯入,1625
2026-03-04,U694,資訊部,報表匯出,1658
2026-04-21,U198,人資部,系統設定,1576
2026-04-23,U403,資訊部,資料匯入,624
2026-02-03,U508,資訊部,儀表板,1243
2026-02-25,U622,行銷部,儀表板,1565
2026-03-20,U168,人資部,資料匯入,414
2026-02-27,U638,資訊部,資料匯入,1142
2026-04-30,U135,人資部,儀表板,709
2026-04-16,U337,人資部,報表匯出,595
2026-04-12,U304,行銷部,儀表板,122
2026-03-27,U869,業務部,儀表板,1718
2026-04-08,U509,資訊部,儀表板,209
2026-02-12,U743,業務部,儀表板,1036
2026-02-27,U407,資訊部,資料匯入,807
2026-04-27,U192,行銷部,儀表板,562
2026-02-11,U230,資訊部,儀表板,294
2026-03-21,U818,業務部,報表匯出,1220
2026-04-10,U410,人資部,報表匯出,225
2026-02-20,U314,資訊部,報表匯出,730
2026-03-03,U428,業務部,報表匯出,952
2026-04-15,U111,行銷部,系統設定,140
2026-03-06,U594,人資部,報表匯出,1483
2026-03-09,U232,行銷部,系統設定,364
2026-02-03,U271,資訊部,儀表板,127
2026-03-10,U130,資訊部,儀表板,830
2026-02-09,U655,人資部,報表匯出,404
2026-03-05,U728,行銷部,儀表板,280
2026-02-01,U311,行銷部,報表匯出,1321
2026-04-22,U936,行銷部,儀表板,569
2026-04-15,U490,人資部,資料匯入,810
2026-02-09,U145,人資部,報表匯出,995
2026-02-24,U135,資訊部,資料匯入,875
2026-03-24,U697,業務部,使用者管理,1388
2026-03-22,U305,行銷部,系統設定,765
2026-03-11,U634,資訊部,系統設定,576
2026-02-09,U110,資訊部,報表匯出,265
2026-02-11,U304,業務部,報表匯出,233
2026-02-19,U656,人資部,儀表板,555
2026-04-19,U716,行銷部,儀表板,1068
2026-02-20,U136,人資部,資料匯入,1734
2026-02-24,U822,行銷部,系統設定,1598
2026-03-24,U891,人資部,報表匯出,443
2026-04-30,U935,人資部,儀表板,923
2026-02-21,U930,行銷部,儀表板,1614
2026-02-01,U933,人資部,報表匯出,1712
2026-03-01,U722,業務部,報表匯出,489
2026-02-10,U211,資訊部,報表匯出,808
2026-03-20,U716,資訊部,儀表板,1359
2026-03-28,U665,人資部,報表匯出,390
2026-04-02,U251,行銷部,報表匯出,680
2026-03-25,U168,業務部,報表匯出,1310
2026-02-22,U585,資訊部,報表匯出,290
2026-03-04,U267,行銷部,報表匯出,538
2026-03-15,U965,資訊部,報表匯出,1287
2026-04-12,U335,業務部,儀表板,363
2026-02-15,U439,資訊部,使用者管理,1722
2026-04-22,U921,行銷部,儀表板,564
2026-02-12,U299,行銷部,資料匯入,67
2026-04-06,U585,行銷部,儀表板,1281
2026-04-02,U828,行銷部,儀表板,866
2026-04-03,U600,業務部,報表匯出,156
2026-02-14,U770,業務部,報表匯出,260
2026-02-24,U792,行銷部,儀表板,1182
2026-03-13,U247,資訊部,報表匯出,808
2026-03-06,U176,行銷部,資料匯入,1041
2026-04-08,U814,行銷部,資料匯入,792
2026-05-01,U755,行銷部,儀表板,886
2026-02-05,U152,資訊部,儀表板,779
2026-02-14,U175,人資部,儀表板,197
2026-04-05,U653,業務部,報表匯出,234
2026-02-20,U570,業務部,儀表板,1214
2026-03-09,U138,行銷部,資料匯入,799
2026-04-23,U770,資訊部,儀表板,658
2026-03-12,U542,資訊部,資料匯入,228
2026-04-02,U699,業務部,報表匯出,162
2026-03-12,U275,人資部,儀表板,1309
2026-03-06,U897,業務部,報表匯出,151
2026-02-19,U581,業務部,資料匯入,448
2026-03-24,U377,資訊部,資料匯入,1748
2026-02-03,U643,業務部,報表匯出,203
2026-03-19,U364,資訊部,資料匯入,1696
2026-02-17,U183,人資部,報表匯出,839
2026-03-25,U694,業務部,儀表板,1381
2026-04-11,U671,行銷部,報表匯出,871
2026-02-25,U402,人資部,儀表板,1739
2026-03-03,U269,人資部,資料匯入,105
2026-04-06,U346,行銷部,使用者管理,796
2026-02-04,U357,行銷部,儀表板,1074
2026-04-26,U330,行銷部,儀表板,1253
2026-02-15,U805,資訊部,報表匯出,1206
2026-02-23,U269,業務部,報表匯出,257
2026-02-19,U875,行銷部,報表匯出,1541
2026-04-26,U274,人資部,報表匯出,1244
2026-04-16,U175,業務部,報表匯出,1203
2026-04-07,U847,人資部,儀表板,443
2026-04-13,U569,行銷部,資料匯入,342
2026-03-21,U365,業務部,系統設定,1393
2026-03-12,U629,人資部,資料匯入,446
2026-04-25,U493,人資部,報表匯出,1381
2026-04-17,U955,行銷部,使用者管理,1215
2026-03-16,U103,人資部,報表匯出,1167
2026-02-17,U821,資訊部,儀表板,1468
2026-03-26,U224,行銷部,報表匯出,26
2026-02-15,U483,行銷部,報表匯出,846
2026-04-24,U738,行銷部,資料匯入,784
2026-03-21,U647,人資部,儀表板,527
2026-04-10,U576,業務部,儀表板,958
2026-02-19,U362,業務部,報表匯出,604
2026-03-10,U561,人資部,儀表板,325
2026-04-17,U420,行銷部,系統設定,1624
2026-04-03,U785,業務部,報表匯出,1678
2026-04-25,U207,行銷部,儀表板,1773
2026-04-19,U711,業務部,報表匯出,315
2026-04-29,U110,業務部,報表匯出,1249
2026-03-21,U787,資訊部,儀表板,1745
2026-02-23,U211,資訊部,儀表板,1789
2026-02-24,U853,行銷部,報表匯出,778
2026-05-01,U317,行銷部,使用者管理,57
2026-03-25,U575,業務部,報表匯出,174
2026-03-14,U639,業務部,儀表板,1295
2026-04-12,U121,資訊部,儀表板,1301
2026-02-06,U134,人資部,報表匯出,639
2026-03-07,U163,資訊部,資料匯入,1707
2026-04-19,U998,資訊部,儀表板,306
2026-04-13,U878,行銷部,儀表板,1775
2026-02-13,U415,人資部,儀表板,1232
2026-03-28,U924,人資部,儀表板,151
2026-02-17,U527,資訊部,資料匯入,1070
2026-02-24,U908,人資部,報表匯出,1485
2026-03-13,U856,人資部,報表匯出,695
2026-02-02,U291,行銷部,儀表板,40
2026-03-02,U976,行銷部,使用者管理,218
2026-02-27,U374,業務部,報表匯出,1053
2026-04-08,U804,資訊部,儀表板,855
2026-04-26,U366,人資部,儀表板,230
2026-03-26,U877,人資部,報表匯出,1646
2026-02-26,U275,人資部,資料匯入,1480
2026-02-06,U839,行銷部,報表匯出,581
2026-04-29,U491,業務部,報表匯出,1034
2026-03-26,U782,資訊部,系統設定,1795
2026-04-12,U403,業務部,資料匯入,805
2026-04-18,U138,行銷部,儀表板,1296
2026-04-03,U974,業務部,資料匯入,551
2026-02-27,U312,行銷部,資料匯入,83
2026-04-10,U635,資訊部,系統設定,695
2026-02-11,U623,業務部,報表匯出,192
2026-02-13,U207,資訊部,資料匯入,1681
2026-02-17,U950,行銷部,報表匯出,1772
2026-03-27,U107,行銷部,儀表板,1124
2026-04-11,U803,資訊部,儀表板,1223
2026-04-22,U294,業務部,儀表板,542
2026-04-10,U944,人資部,儀表板,463
2026-03-04,U377,人資部,報表匯出,1455
2026-03-22,U716,行銷部,儀表板,1691
2026-04-16,U994,行銷部,儀表板,1294
2026-02-12,U788,行銷部,資料匯入,260
2026-02-13,U725,業務部,儀表板,673
2026-02-01,U171,資訊部,儀表板,1047
2026-04-19,U291,業務部,報表匯出,1279
2026-02-04,U372,人資部,儀表板,1780
2026-04-26,U134,行銷部,資料匯入,105
2026-02-05,U840,資訊部,資料匯入,385
2026-04-07,U906,資訊部,使用者管理,1717
2026-03-17,U492,業務部,儀表板,292
2026-02-18,U209,人資部,報表匯出,1564
2026-03-19,U377,行銷部,報表匯出,1311
2026-03-16,U682,行銷部,儀表板,359
2026-02-19,U238,行銷部,報表匯出,1495
2026-04-19,U878,業務部,資料匯入,46
2026-03-08,U260,資訊部,使用者管理,202
2026-02-10,U352,行銷部,使用者管理,894
2026-04-10,U959,行銷部,儀表板,938
2026-04-15,U512,業務部,報表匯出,1316
2026-04-02,U306,行銷部,報表匯出,872
2026-02-21,U501,行銷部,報表匯出,261
2026-03-13,U569,資訊部,報表匯出,919
2026-04-30,U405,業務部,儀表板,278
2026-04-27,U261,資訊部,儀表板,412
2026-03-12,U546,業務部,報表匯出,931
2026-02-26,U420,行銷部,儀表板,1694
2026-04-02,U783,資訊部,系統設定,92
2026-02-04,U477,人資部,儀表板,249
2026-03-13,U834,資訊部,資料匯入,1431
2026-03-28,U317,業務部,儀表板,471
2026-02-28,U439,人資部,資料匯入,1304
2026-04-11,U384,業務部,儀表板,230
2026-04-09,U565,資訊部,資料匯入,1637
2026-04-07,U797,業務部,報表匯出,394
2026-04-15,U641,資訊部,儀表板,944
2026-03-18,U581,行銷部,報表匯出,933
2026-02-20,U833,人資部,報表匯出,1020
2026-02-17,U750,行銷部,使用者管理,842
2026-04-04,U520,資訊部,報表匯出,306
2026-02-24,U226,業務部,儀表板,803
2026-04-01,U389,人資部,儀表板,99
2026-04-09,U684,資訊部,報表匯出,71
2026-04-26,U156,資訊部,報表匯出,1190
2026-02-17,U273,資訊部,系統設定,717
2026-04-28,U431,人資部,儀表板,825
2026-04-04,U771,資訊部,資料匯入,994
2026-04-22,U730,業務部,儀表板,414
2026-03-26,U524,行銷部,資料匯入,137
2026-02-22,U572,資訊部,報表匯出,1092
2026-02-21,U664,人資部,資料匯入,1281
2026-03-26,U918,行銷部,報表匯出,665
2026-04-30,U329,業務部,報表匯出,1152
2026-03-16,U147,行銷部,儀表板,1775
2026-04-28,U269,資訊部,儀表板,635
2026-02-03,U966,行銷部,儀表板,1469
2026-02-11,U890,行銷部,報表匯出,1368
2026-03-18,U687,資訊部,使用者管理,1708
2026-02-09,U981,資訊部,使用者管理,768
2026-04-03,U339,行銷部,資料匯入,99
2026-02-13,U186,人資部,儀表板,471
2026-02-04,U350,資訊部,儀表板,483
2026-03-12,U296,行銷部,報表匯出,1475
2026-02-10,U403,資訊部,報表匯出,1290
2026-03-07,U696,資訊部,報表匯出,1040
2026-02-05,U940,資訊部,報表匯出,807
2026-04-22,U979,行銷部,資料匯入,168
2026-02-18,U213,人資部,報表匯出,1074
2026-02-19,U662,行銷部,資料匯入,1771
2026-02-20,U508,資訊部,儀表板,1681
2026-02-24,U618,人資部,儀表板,277
2026-02-04,U180,人資部,報表匯出,818
2026-03-09,U517,業務部,儀表板,1463
2026-04-15,U501,資訊部,使用者管理,901
2026-04-03,U615,業務部,儀表板,1662
2026-03-24,U489,資訊部,儀表板,772
2026-03-31,U570,業務部,報表匯出,1760
2026-04-24,U922,行銷部,資料匯入,946
2026-02-19,U103,業務部,儀表板,989
2026-03-12,U642,資訊部,報表匯出,729
2026-02-21,U266,人資部,使用者管理,555
2026-04-12,U994,業務部,儀表板,1683
2026-02-24,U991,資訊部,資料匯入,757
2026-03-13,U882,業務部,儀表板,414
2026-02-19,U332,業務部,使用者管理,326
2026-02-25,U242,資訊部,系統設定,507
2026-03-15,U944,業務部,儀表板,614
2026-02-01,U554,行銷部,儀表板,1192
2026-03-15,U192,人資部,儀表板,1589
2026-02-12,U225,人資部,儀表板,23
2026-02-13,U437,資訊部,使用者管理,994
2026-03-04,U909,資訊部,報表匯出,1040
2026-02-17,U401,業務部,儀表板,1056
2026-02-09,U149,人資部,報表匯出,811
2026-04-20,U481,資訊部,儀表板,388
2026-04-12,U969,資訊部,資料匯入,1410
2026-02-13,U797,人資部,報表匯出,1041
2026-02-02,U636,人資部,儀表板,15
2026-02-17,U273,資訊部,報表匯出,75
2026-04-06,U851,人資部,使用者管理,43
2026-03-13,U918,業務部,資料匯入,853
2026-02-16,U915,行銷部,報表匯出,1004
2026-03-02,U920,業務部,儀表板,186
2026-02-05,U738,行銷部,儀表板,688
2026-03-06,U401,行銷部,報表匯出,633
2026-04-24,U899,業務部,資料匯入,588
2026-02-20,U815,人資部,報表匯出,1733
2026-03-23,U768,業務部,儀表板,1784
2026-03-29,U332,行銷部,報表匯出,877
2026-02-15,U209,業務部,儀表板,1670
2026-02-09,U435,行銷部,資料匯入,1023
2026-04-21,U565,人資部,資料匯入,1219
2026-02-27,U631,資訊部,儀表板,1649
2026-03-05,U904,資訊部,儀表板,1304
2026-03-10,U492,行銷部,儀表板,1693
2026-03-28,U891,資訊部,報表匯出,205
2026-04-30,U460,業務部,報表匯出,464
2026-04-02,U943,人資部,使用者管理,522
2026-04-10,U232,人資部,儀表板,705
2026-02-15,U163,人資部,儀表板,500
2026-03-06,U976,業務部,儀表板,520
2026-03-26,U474,人資部,儀表板,1584
2026-04-24,U972,行銷部,報表匯出,1093
2026-02-12,U281,業務部,儀表板,1547
2026-03-14,U876,業務部,使用者管理,1209
2026-02-28,U641,業務部,儀表板,559
2026-02-25,U162,資訊部,儀表板,1783
2026-05-01,U412,業務部,系統設定,1325
2026-04-04,U351,人資部,儀表板,1508
2026-03-10,U994,行銷部,儀表板,825
2026-03-13,U322,資訊部,資料匯入,167
2026-02-14,U303,行銷部,資料匯入,541
2026-02-10,U890,人資部,報表匯出,1401
2026-04-14,U905,行銷部,報表匯出,290
2026-04-21,U771,人資部,資料匯入,40
2026-02-10,U419,資訊部,報表匯出,1710
2026-04-25,U225,業務部,儀表板,560
2026-04-02,U489,業務部,報表匯出,1669
2026-04-05,U966,業務部,報表匯出,1037
2026-02-02,U920,資訊部,資料匯入,1348
2026-02-07,U156,人資部,資料匯入,1667
2026-03-09,U406,人資部,儀表板,954
2026-02-13,U809,人資部,儀表板,1393
2026-04-21,U470,人資部,儀表板,1093
2026-04-23,U832,人資部,報表匯出,1672
2026-02-13,U549,資訊部,報表匯出,1093
2026-02-27,U614,資訊部,報表匯出,1191
2026-03-28,U466,業務部,報表匯出,952
2026-04-05,U602,業務部,報表匯出,675
2026-02-03,U948,業務部,資料匯入,451
2026-02-15,U996,業務部,報表匯出,1463
2026-02-15,U801,業務部,資料匯入,978
2026-04-09,U561,行銷部,儀表板,1432
2026-04-17,U446,行銷部,儀表板,1171
2026-03-30,U495,人資部,儀表板,23
2026-02-25,U825,行銷部,報表匯出,1478
2026-02-21,U502,行銷部,報表匯出,491
2026-03-18,U890,行銷部,儀表板,1781
2026-02-13,U960,資訊部,報表匯出,336
2026-02-25,U522,行銷部,儀表板,61
2026-03-21,U588,人資部,儀表板,663
2026-03-05,U965,業務部,報表匯出,1218
2026-04-16,U304,資訊部,資料匯入,1601
2026-02-28,U641,行銷部,儀表板,1508
2026-02-18,U392,資訊部,使用者管理,1354
2026-02-13,U613,資訊部,資料匯入,577
2026-04-06,U436,業務部,資料匯入,779
2026-04-17,U195,資訊部,報表匯出,1509
2026-02-18,U328,人資部,報表匯出,931
2026-02-12,U584,資訊部,儀表板,238
2026-03-06,U275,人資部,儀表板,1068
2026-02-06,U167,人資部,使用者管理,1659
2026-02-09,U589,行銷部,資料匯入,422
2026-04-25,U336,業務部,儀表板,1076
2026-02-27,U957,人資部,資料匯入,1192
2026-02-20,U374,業務部,儀表板,773
2026-03-01,U613,人資部,系統設定,1210
2026-03-09,U649,資訊部,系統設定,1520
2026-02-14,U780,人資部,資料匯入,1520
2026-03-08,U111,資訊部,報表匯出,1577
2026-04-27,U283,業務部,儀表板,754
2026-04-04,U435,行銷部,報表匯出,1658
2026-03-20,U748,人資部,報表匯出,316
2026-02-25,U616,行銷部,報表匯出,1742
2026-03-23,U587,人資部,儀表板,39
2026-04-02,U393,業務部,儀表板,1777
2026-04-17,U898,業務部,資料匯入,403
2026-03-11,U995,資訊部,報表匯出,1620
2026-03-14,U273,資訊部,報表匯出,987
2026-02-16,U675,行銷部,資料匯入,769
2026-02-04,U496,人資部,資料匯入,288
2026-04-16,U469,人資部,資料匯入,1353
2026-04-02,U174,業務部,資料匯入,40
2026-02-26,U222,行銷部,報表匯出,1581
2026-02-18,U415,業務部,儀表板,868
2026-04-06,U670,人資部,報表匯出,554
2026-03-21,U785,業務部,資料匯入,238
2026-04-16,U585,人資部,儀表板,1707
2026-02-23,U829,資訊部,報表匯出,1083
2026-04-22,U677,人資部,儀表板,813
2026-02-25,U958,行銷部,儀表板,936
2026-03-01,U354,人資部,報表匯出,909
2026-04-28,U199,資訊部,報表匯出,1049
2026-03-04,U761,行銷部,資料匯入,1230
2026-02-05,U108,業務部,報表匯出,1640
2026-03-20,U862,行銷部,報表匯出,1465
2026-03-20,U628,業務部,資料匯入,11
2026-04-17,U152,行銷部,儀表板,1090
2026-04-24,U334,人資部,儀表板,1487
2026-04-13,U910,人資部,報表匯出,1427
2026-04-08,U274,行銷部,報表匯出,1504
2026-03-18,U300,資訊部,系統設定,366
2026-04-30,U978,業務部,儀表板,1491
2026-03-01,U608,業務部,儀表板,504
2026-03-23,U212,資訊部,報表匯出,649
2026-03-12,U573,人資部,儀表板,546
2026-02-04,U625,資訊部,資料匯入,1642
2026-02-15,U750,行銷部,資料匯入,521
2026-03-25,U526,資訊部,儀表板,442
2026-03-28,U117,人資部,儀表板,1172
2026-03-07,U946,人資部,報表匯出,1083
2026-02-12,U917,人資部,報表匯出,609
2026-04-26,U822,人資部,儀表板,160
2026-02-25,U762,行銷部,儀表板,659
2026-02-02,U689,業務部,儀表板,390
2026-04-11,U763,業務部,儀表板,1131
2026-03-22,U815,人資部,儀表板,330
2026-02-09,U973,業務部,資料匯入,1494
2026-02-23,U961,資訊部,使用者管理,80
2026-03-20,U182,行銷部,儀表板,521
2026-03-07,U369,人資部,儀表板,398
2026-02-18,U958,資訊部,報表匯出,303
2026-02-24,U773,資訊部,報表匯出,167
2026-04-25,U799,行銷部,資料匯入,1273
2026-02-03,U884,人資部,資料匯入,987
2026-03-11,U701,業務部,系統設定,1414
2026-03-01,U818,業務部,儀表板,171
2026-03-20,U940,行銷部,資料匯入,17
2026-02-14,U131,業務部,資料匯入,131
2026-02-08,U489,行銷部,儀表板,632
2026-04-06,U162,人資部,資料匯入,108
2026-03-15,U583,人資部,報表匯出,1353
2026-04-10,U330,資訊部,資料匯入,10
2026-04-11,U157,人資部,儀表板,562
2026-02-16,U868,資訊部,資料匯入,666
2026-04-21,U521,行銷部,儀表板,1727
2026-04-29,U240,人資部,儀表板,589
2026-03-16,U593,業務部,報表匯出,1111
2026-02-27,U400,行銷部,報表匯出,17
2026-04-13,U490,資訊部,資料匯入,112
2026-03-04,U994,行銷部,儀表板,1542
2026-04-11,U345,資訊部,報表匯出,1359
2026-03-17,U622,行銷部,儀表板,659
2026-02-07,U828,人資部,儀表板,1129
2026-03-25,U523,資訊部,資料匯入,613
2026-04-22,U504,業務部,報表匯出,345
2026-02-08,U727,行銷部,資料匯入,195
2026-03-20,U670,行銷部,儀表板,503
2026-04-16,U284,資訊部,資料匯入,422
2026-03-11,U354,行銷部,儀表板,1207
2026-03-12,U169,行銷部,資料匯入,734
2026-03-18,U148,行銷部,資料匯入,716
2026-02-22,U394,行銷部,儀表板,398
2026-04-14,U192,人資部,儀表板,1568
2026-03-04,U894,行銷部,儀表板,666
2026-03-20,U776,人資部,報表匯出,1060
2026-02-20,U497,行銷部,報表匯出,1367
2026-04-04,U569,業務部,報表匯出,519
2026-04-25,U406,行銷部,報表匯出,1088
2026-02-04,U203,資訊部,儀表板,1064
2026-03-20,U322,資訊部,儀表板,1024
2026-02-25,U128,行銷部,系統設定,1077
2026-04-30,U628,業務部,儀表板,676
2026-04-01,U535,資訊部,使用者管理,25
2026-03-31,U829,業務部,資料匯入,1218
2026-03-23,U138,業務部,資料匯入,724
2026-02-04,U739,人資部,儀表板,670
2026-04-25,U932,人資部,儀表板,31
2026-04-28,U682,業務部,資料匯入,363
2026-02-01,U253,資訊部,報表匯出,18
2026-03-12,U816,資訊部,儀表板,744
2026-03-30,U508,業務部,報表匯出,216
2026-03-10,U297,業務部,資料匯入,1211
2026-02-25,U945,人資部,資料匯入,64
2026-03-13,U146,業務部,儀表板,1774
2026-03-12,U556,業務部,報表匯出,77
2026-04-06,U329,業務部,資料匯入,717
2026-04-10,U663,資訊部,報表匯出,1174
2026-03-31,U103,資訊部,資料匯入,1217
2026-02-01,U668,業務部,使用者管理,525
2026-02-26,U798,人資部,儀表板,1094
2026-03-04,U431,人資部,儀表板,470
2026-03-31,U276,人資部,報表匯出,1424
2026-04-08,U743,資訊部,儀表板,330
2026-03-04,U866,人資部,儀表板,660
2026-03-10,U348,業務部,資料匯入,105
2026-02-26,U258,業務部,系統設定,307
2026-02-22,U580,人資部,報表匯出,1040
2026-04-16,U301,行銷部,報表匯出,1357
2026-03-03,U883,人資部,報表匯出,1381
2026-04-13,U671,業務部,資料匯入,116
2026-04-04,U805,業務部,儀表板,1652
2026-03-29,U781,業務部,儀表板,557
2026-03-30,U102,人資部,報表匯出,518
2026-04-18,U312,資訊部,資料匯入,1203
2026-02-02,U179,業務部,報表匯出,662
2026-02-20,U766,行銷部,儀表板,1761
2026-04-22,U279,資訊部,使用者管理,1723
2026-04-24,U582,行銷部,報表匯出,1681
2026-03-20,U782,人資部,資料匯入,108
2026-02-18,U493,業務部,使用者管理,239
2026-03-01,U567,資訊部,報表匯出,630
2026-04-13,U669,行銷部,儀表板,735
2026-02-27,U120,行銷部,報表匯出,1506
2026-02-02,U383,業務部,資料匯入,432
2026-03-28,U497,人資部,儀表板,677
2026-02-27,U617,業務部,報表匯出,98
2026-03-02,U336,業務部,使用者管理,1133
2026-02-09,U338,業務部,報表匯出,1134
2026-03-24,U159,資訊部,報表匯出,131
2026-02-04,U444,人資部,儀表板,1177
2026-02-05,U659,人資部,儀表板,1342
2026-02-21,U762,人資部,報表匯出,1657
2026-04-14,U141,業務部,儀表板,221
2026-03-20,U952,業務部,儀表板,222
2026-04-19,U661,業務部,資料匯入,1755
2026-02-19,U921,行銷部,儀表板,1134
2026-02-07,U668,資訊部,儀表板,350
2026-02-09,U661,資訊部,儀表板,988
2026-02-04,U214,人資部,報表匯出,580
2026-04-11,U665,人資部,資料匯入,640
2026-04-02,U503,人資部,儀表板,957
2026-02-03,U155,人資部,資料匯入,1173
2026-03-04,U258,資訊部,報表匯出,1035
2026-04-20,U728,人資部,報表匯出,1230
2026-02-13,U598,資訊部,儀表板,263
2026-03-05,U110,資訊部,報表匯出,1609
2026-02-01,U407,資訊部,資料匯入,1349
2026-02-20,U231,人資部,資料匯入,453
2026-02-06,U365,行銷部,使用者管理,438
2026-03-19,U628,資訊部,儀表板,802
2026-03-07,U394,行銷部,報表匯出,275
2026-04-06,U440,資訊部,儀表板,1391
2026-02-22,U796,行銷部,儀表板,1707
2026-04-03,U438,資訊部,儀表板,1158
2026-02-27,U367,業務部,報表匯出,823
2026-02-15,U759,業務部,儀表板,1135
2026-03-09,U238,行銷部,報表匯出,558
2026-02-20,U462,資訊部,報表匯出,1593
2026-02-15,U912,行銷部,儀表板,1796
2026-03-18,U160,行銷部,報表匯出,1772
2026-03-01,U316,業務部,報表匯出,1253
2026-03-19,U633,行銷部,資料匯入,281
2026-03-03,U308,業務部,儀表板,432
2026-04-14,U129,人資部,報表匯出,18
2026-03-12,U632,業務部,報表匯出,538
2026-02-20,U776,業務部,報表匯出,1481
2026-03-16,U539,行銷部,儀表板,375
2026-02-25,U958,行銷部,使用者管理,229
2026-03-06,U169,資訊部,使用者管理,1420
2026-03-05,U322,資訊部,使用者管理,1313
2026-04-29,U752,資訊部,系統設定,272
2026-03-26,U278,資訊部,資料匯入,612
2026-04-03,U655,人資部,儀表板,1626
2026-03-07,U751,人資部,使用者管理,518
2026-03-09,U297,資訊部,報表匯出,303
2026-02-23,U202,行銷部,儀表板,468
2026-04-02,U973,行銷部,報表匯出,468
2026-03-12,U593,資訊部,系統設定,88
2026-04-19,U394,行銷部,資料匯入,1732
2026-03-01,U641,行銷部,資料匯入,1348
2026-02-12,U703,資訊部,系統設定,1693
2026-04-06,U851,資訊部,報表匯出,258
2026-04-07,U750,業務部,資料匯入,1003
2026-03-19,U788,人資部,資料匯入,1657
2026-02-23,U166,人資部,儀表板,1245
2026-02-21,U833,行銷部,儀表板,1047
2026-04-01,U587,資訊部,使用者管理,1496
2026-03-09,U714,業務部,資料匯入,790
2026-03-07,U414,人資部,資料匯入,1452
2026-02-09,U440,業務部,報表匯出,1634
2026-03-26,U458,人資部,報表匯出,767
2026-02-07,U978,行銷部,儀表板,996
2026-03-13,U725,行銷部,資料匯入,587
2026-03-07,U808,人資部,報表匯出,1733
2026-03-10,U879,行銷部,資料匯入,637
2026-02-05,U204,行銷部,儀表板,1655
2026-02-19,U354,資訊部,儀表板,1701
2026-04-08,U763,業務部,資料匯入,221
2026-03-18,U691,人資部,使用者管理,1266
2026-04-21,U838,行銷部,儀表板,954
2026-02-19,U559,行銷部,報表匯出,576
2026-04-10,U496,業務部,系統設定,311
2026-04-27,U195,業務部,報表匯出,163
2026-03-05,U393,人資部,儀表板,1718
2026-02-02,U651,資訊部,資料匯入,265
2026-02-09,U952,資訊部,報表匯出,1612
2026-04-14,U225,行銷部,儀表板,217
2026-04-23,U400,業務部,使用者管理,571
2026-04-15,U149,行銷部,資料匯入,1107
2026-02-19,U691,業務部,報表匯出,1328
2026-03-23,U352,行銷部,報表匯出,889
2026-04-04,U147,資訊部,資料匯入,140
2026-03-25,U468,行銷部,報表匯出,1418
2026-02-03,U142,業務部,儀表板,454
2026-03-02,U920,業務部,系統設定,428
2026-04-27,U548,業務部,儀表板,87
2026-03-11,U347,人資部,資料匯入,211
2026-02-19,U403,業務部,儀表板,1124
2026-02-25,U619,資訊部,儀表板,711
2026-02-14,U839,人資部,報表匯出,1581
2026-03-17,U746,行銷部,報表匯出,1642
2026-03-31,U559,資訊部,儀表板,935
2026-04-19,U377,業務部,儀表板,24
2026-03-31,U517,行銷部,儀表板,1731
2026-02-23,U911,行銷部,報表匯出,1037
2026-02-01,U722,人資部,儀表板,1110
2026-03-04,U423,資訊部,使用者管理,1424
2026-03-22,U758,行銷部,報表匯出,602
2026-02-25,U344,人資部,報表匯出,769
2026-04-08,U956,業務部,儀表板,1431
2026-02-04,U202,人資部,資料匯入,1126
2026-04-15,U255,人資部,報表匯出,1519
2026-03-08,U689,資訊部,資料匯入,75
2026-02-19,U217,資訊部,系統設定,1731
2026-03-12,U772,人資部,儀表板,1276
2026-04-18,U369,人資部,儀表板,20
2026-04-12,U369,人資部,儀表板,36
2026-04-21,U772,業務部,報表匯出,1475
2026-03-11,U999,人資部,儀表板,164
2026-02-11,U821,資訊部,儀表板,440
2026-02-05,U650,資訊部,儀表板,547
2026-02-06,U366,業務部,使用者管理,1303
2026-03-30,U273,業務部,儀表板,302
2026-04-30,U927,資訊部,儀表板,1052
2026-02-10,U573,資訊部,儀表板,1702
2026-04-03,U855,人資部,報表匯出,756
2026-03-14,U930,業務部,系統設定,1457
2026-04-05,U937,資訊部,資料匯入,500
2026-04-14,U620,行銷部,資料匯入,90
2026-05-01,U221,人資部,儀表板,115
2026-02-15,U325,業務部,儀表板,827
2026-04-07,U552,行銷部,儀表板,1200
2026-03-28,U376,人資部,資料匯入,238
2026-02-05,U278,人資部,儀表板,350
2026-03-04,U375,資訊部,系統設定,169
2026-02-16,U347,資訊部,報表匯出,437
2026-02-12,U497,資訊部,儀表板,989
2026-02-27,U951,人資部,報表匯出,175
2026-04-14,U320,人資部,儀表板,1341
2026-04-24,U698,資訊部,報表匯出,765
2026-03-29,U721,資訊部,資料匯入,1239
2026-04-25,U191,人資部,報表匯出,23
2026-02-19,U922,行銷部,報表匯出,1081
2026-03-09,U724,人資部,儀表板,642
2026-03-03,U202,業務部,報表匯出,647
2026-03-26,U975,行銷部,報表匯出,902
2026-03-31,U168,人資部,報表匯出,1229
2026-03-15,U894,人資部,儀表板,508
2026-02-28,U932,行銷部,報表匯出,787
2026-03-24,U324,人資部,資料匯入,1558
2026-03-11,U214,行銷部,儀表板,445
2026-04-08,U109,業務部,報表匯出,1039
2026-03-31,U645,人資部,報表匯出,1270
2026-04-23,U465,業務部,資料匯入,1461
2026-03-19,U363,人資部,儀表板,1072
2026-04-25,U746,資訊部,儀表板,746
2026-03-13,U607,資訊部,報表匯出,757
2026-02-24,U988,人資部,報表匯出,1719
2026-02-01,U921,人資部,儀表板,582
2026-04-28,U309,人資部,報表匯出,504
2026-02-02,U480,行銷部,報表匯出,758
2026-03-19,U200,行銷部,儀表板,1200
2026-02-24,U277,人資部,使用者管理,359
2026-04-14,U278,業務部,報表匯出,615
2026-03-01,U202,行銷部,資料匯入,1766
2026-04-25,U639,人資部,儀表板,118
2026-03-29,U620,行銷部,報表匯出,649
2026-02-24,U220,人資部,使用者管理,720
2026-03-16,U313,人資部,資料匯入,1675
2026-04-05,U462,人資部,儀表板,788
2026-03-31,U366,業務部,報表匯出,940
2026-03-31,U206,業務部,儀表板,408
2026-03-23,U377,資訊部,報表匯出,181
2026-03-24,U353,業務部,儀表板,1566
2026-02-19,U286,業務部,系統設定,407
2026-03-09,U911,行銷部,報表匯出,294
2026-02-02,U251,人資部,報表匯出,277
2026-04-23,U642,人資部,使用者管理,1703
2026-03-19,U360,行銷部,儀表板,780
2026-03-28,U481,人資部,報表匯出,101
2026-03-14,U365,業務部,報表匯出,585
2026-04-03,U875,人資部,報表匯出,1505
2026-03-30,U519,行銷部,儀表板,1579
2026-04-07,U647,業務部,儀表板,1249
2026-04-01,U926,行銷部,儀表板,427
2026-03-08,U446,行銷部,報表匯出,454
2026-03-07,U839,業務部,報表匯出,1250
2026-02-11,U842,人資部,報表匯出,128
2026-02-05,U236,資訊部,儀表板,269
2026-03-23,U236,行銷部,儀表板,568
2026-04-22,U343,業務部,資料匯入,805
2026-03-23,U246,行銷部,資料匯入,1378
2026-03-11,U238,行銷部,資料匯入,446
2026-04-28,U111,資訊部,儀表板,839
2026-02-23,U374,行銷部,儀表板,43
2026-02-23,U531,人資部,儀表板,163
2026-03-08,U750,人資部,報表匯出,1066
2026-03-20,U199,業務部,儀表板,1686
2026-04-20,U333,人資部,儀表板,1201
2026-04-29,U870,業務部,儀表板,1508
2026-02-20,U899,行銷部,儀表板,731
2026-03-10,U581,資訊部,儀表板,1473
2026-02-19,U558,業務部,報表匯出,1769
2026-03-16,U619,資訊部,儀表板,1759
2026-02-14,U865,資訊部,儀表板,232
2026-02-13,U269,資訊部,系統設定,186
2026-02-20,U393,行銷部,使用者管理,165
2026-03-14,U709,業務部,儀表板,926
2026-05-01,U796,人資部,報表匯出,695
2026-04-09,U104,人資部,使用者管理,1016
2026-03-22,U998,資訊部,報表匯出,1068
2026-02-06,U468,業務部,報表匯出,1569
2026-02-20,U466,行銷部,資料匯入,198
2026-04-18,U833,業務部,儀表板,505
2026-04-02,U339,人資部,資料匯入,309
2026-04-25,U432,人資部,資料匯入,1529
2026-02-05,U386,業務部,報表匯出,263
2026-04-21,U729,資訊部,系統設定,296
2026-03-23,U323,資訊部,儀表板,1231
2026-02-02,U949,業務部,報表匯出,1172
2026-04-29,U197,業務部,儀表板,495
2026-03-22,U814,資訊部,資料匯入,661
2026-02-21,U893,人資部,儀表板,685
2026-02-20,U923,行銷部,使用者管理,407
2026-03-01,U866,資訊部,資料匯入,537
2026-04-14,U974,行銷部,報表匯出,20
2026-02-04,U789,行銷部,儀表板,984
2026-04-21,U823,行銷部,資料匯入,504
2026-02-27,U783,行銷部,儀表板,304
2026-04-21,U143,人資部,儀表板,402
2026-03-16,U131,資訊部,資料匯入,1794
2026-02-15,U973,人資部,儀表板,1561
2026-02-11,U858,業務部,報表匯出,1060
2026-02-23,U100,資訊部,報表匯出,886
2026-02-24,U768,人資部,資料匯入,1276
2026-04-23,U431,人資部,儀表板,937
2026-03-13,U868,業務部,儀表板,1320
2026-04-15,U921,資訊部,報表匯出,1082
2026-04-29,U887,業務部,報表匯出,1075
2026-04-29,U574,行銷部,儀表板,51
2026-03-05,U755,資訊部,儀表板,1573
2026-02-04,U418,業務部,資料匯入,1213
2026-03-30,U228,業務部,儀表板,83
2026-03-24,U672,行銷部,報表匯出,976
2026-03-16,U193,人資部,資料匯入,1057
2026-02-11,U620,資訊部,儀表板,1686
2026-03-07,U231,行銷部,儀表板,769
2026-04-09,U934,行銷部,報表匯出,1751
2026-02-03,U744,行銷部,報表匯出,1639
2026-04-29,U566,人資部,儀表板,1238
2026-03-17,U213,行銷部,儀表板,1647
2026-03-05,U549,資訊部,儀表板,1166
2026-04-30,U378,人資部,報表匯出,1425
2026-04-28,U336,資訊部,報表匯出,686
2026-04-11,U484,人資部,儀表板,482
2026-02-12,U289,業務部,資料匯入,394
2026-03-11,U314,人資部,報表匯出,635
2026-03-11,U462,資訊部,資料匯入,1176
2026-04-22,U678,業務部,報表匯出,426
2026-03-06,U768,資訊部,報表匯出,1210
2026-03-10,U819,業務部,儀表板,964
2026-03-16,U255,業務部,資料匯入,1102
2026-04-29,U276,人資部,儀表板,1330
2026-02-09,U579,業務部,報表匯出,1606
2026-03-31,U655,資訊部,資料匯入,485
2026-02-06,U601,資訊部,資料匯入,549
2026-03-23,U110,人資部,報表匯出,1206
2026-04-18,U700,業務部,資料匯入,505
2026-03-26,U234,行銷部,報表匯出,846
2026-04-16,U551,行銷部,報表匯出,1254
2026-02-19,U690,業務部,報表匯出,715
2026-03-27,U753,人資部,儀表板,435
2026-03-31,U893,人資部,資料匯入,1319
2026-04-17,U917,資訊部,儀表板,851
2026-03-11,U748,行銷部,儀表板,1241
2026-03-15,U481,行銷部,儀表板,938
2026-03-20,U690,人資部,資料匯入,296
2026-04-22,U881,人資部,報表匯出,1689
2026-04-08,U553,業務部,報表匯出,669
2026-02-09,U692,業務部,資料匯入,1540
2026-03-09,U886,行銷部,報表匯出,1458
2026-04-15,U392,資訊部,儀表板,1131
2026-02-01,U383,業務部,資料匯入,893
2026-02-18,U363,資訊部,報表匯出,1238
2026-04-05,U583,業務部,儀表板,177
2026-03-23,U302,資訊部,儀表板,785
2026-04-23,U573,業務部,報表匯出,119
2026-03-07,U197,資訊部,儀表板,789
2026-04-08,U860,人資部,儀表板,1495
2026-04-04,U705,業務部,報表匯出,143
2026-03-05,U141,資訊部,報表匯出,1766
2026-02-15,U528,業務部,報表匯出,881
2026-03-08,U424,資訊部,使用者管理,423
2026-03-21,U646,資訊部,儀表板,921
2026-03-19,U444,行銷部,報表匯出,769
2026-04-09,U613,資訊部,儀表板,310
2026-04-19,U976,資訊部,使用者管理,1622
2026-04-04,U441,業務部,使用者管理,915
2026-02-28,U863,資訊部,報表匯出,101
2026-02-24,U698,行銷部,儀表板,1441
2026-02-15,U247,資訊部,報表匯出,46
2026-02-21,U415,業務部,報表匯出,705
2026-04-12,U329,人資部,資料匯入,919
2026-04-11,U841,行銷部,資料匯入,267
2026-02-11,U109,業務部,資料匯入,864
2026-02-12,U611,人資部,儀表板,359
2026-02-23,U675,資訊部,使用者管理,516
2026-02-24,U803,業務部,報表匯出,1390
2026-03-18,U476,人資部,儀表板,98
2026-02-04,U882,行銷部,資料匯入,622
2026-03-19,U805,資訊部,儀表板,1626
2026-03-13,U646,業務部,儀表板,1246
2026-03-14,U962,行銷部,報表匯出,337
2026-02-04,U410,資訊部,報表匯出,138
2026-03-25,U501,人資部,資料匯入,511
2026-03-12,U546,資訊部,儀表板,235
2026-02-03,U953,資訊部,使用者管理,105
2026-03-15,U827,業務部,報表匯出,353
2026-04-08,U229,行銷部,使用者管理,1433
2026-03-15,U750,行銷部,儀表板,832
2026-04-08,U133,資訊部,儀表板,1111
2026-03-16,U424,資訊部,儀表板,907
2026-02-23,U340,行銷部,資料匯入,1017
2026-02-24,U940,行銷部,儀表板,1224
2026-02-13,U790,資訊部,報表匯出,517
2026-03-25,U468,行銷部,儀表板,36
2026-04-29,U865,業務部,儀表板,1473
2026-02-07,U758,資訊部,儀表板,1771
2026-04-25,U621,業務部,儀表板,967
2026-03-30,U718,業務部,報表匯出,1115
2026-04-01,U413,業務部,報表匯出,804
2026-03-09,U156,行銷部,報表匯出,832
2026-02-13,U610,業務部,報表匯出,780
2026-04-18,U273,業務部,儀表板,1022
2026-03-15,U717,行銷部,儀表板,1789
2026-04-29,U277,人資部,儀表板,418
2026-02-27,U886,行銷部,儀表板,390
2026-03-09,U622,資訊部,資料匯入,1336
2026-04-08,U627,資訊部,系統設定,958
2026-02-22,U510,人資部,儀表板,1408
2026-04-07,U252,業務部,報表匯出,332
2026-02-25,U471,資訊部,儀表板,1124
2026-03-05,U518,業務部,儀表板,1183
2026-03-02,U966,人資部,儀表板,1368
2026-02-15,U139,業務部,資料匯入,1427
2026-04-22,U492,行銷部,報表匯出,1455
2026-03-06,U184,行銷部,系統設定,616
2026-04-18,U332,人資部,儀表板,1433
2026-03-31,U907,資訊部,儀表板,457
2026-04-30,U751,資訊部,系統設定,314
2026-02-21,U955,行銷部,報表匯出,1288
2026-03-26,U177,人資部,資料匯入,1251
2026-03-27,U213,資訊部,儀表板,1245
2026-04-04,U926,人資部,報表匯出,256
2026-02-27,U536,資訊部,系統設定,173
2026-02-06,U479,業務部,儀表板,970
2026-04-07,U312,資訊部,儀表板,1391
2026-03-12,U520,資訊部,報表匯出,1149
2026-04-12,U490,行銷部,儀表板,1639
2026-02-20,U896,行銷部,儀表板,1630
2026-02-08,U336,人資部,儀表板,1757
2026-05-01,U200,人資部,資料匯入,557
2026-03-12,U875,行銷部,儀表板,1317
2026-03-30,U401,行銷部,報表匯出,1565
2026-04-22,U767,業務部,儀表板,387
2026-02-15,U903,人資部,資料匯入,409
2026-03-08,U981,人資部,報表匯出,1533
2026-04-14,U455,行銷部,儀表板,281
2026-02-17,U677,資訊部,報表匯出,408
2026-03-26,U402,業務部,報表匯出,904
2026-03-27,U125,資訊部,報表匯出,979
2026-02-24,U377,行銷部,系統設定,122
2026-05-01,U403,行銷部,使用者管理,204
2026-04-23,U515,行銷部,儀表板,1647
2026-02-27,U774,行銷部,儀表板,1188
2026-03-26,U337,行銷部,儀表板,1477
2026-04-29,U775,行銷部,儀表板,318
2026-02-02,U990,業務部,儀表板,420
2026-02-02,U200,業務部,儀表板,1221
2026-04-07,U108,資訊部,儀表板,1178
2026-04-18,U803,資訊部,報表匯出,1074
2026-04-19,U545,行銷部,儀表板,539
2026-02-06,U600,行銷部,報表匯出,1138
2026-02-16,U336,人資部,儀表板,95
2026-04-26,U765,行銷部,儀表板,101
2026-02-06,U685,人資部,儀表板,1404
2026-04-01,U858,行銷部,報表匯出,575
2026-04-09,U102,人資部,報表匯出,743
2026-04-21,U302,資訊部,資料匯入,1744
2026-04-13,U209,資訊部,報表匯出,1796
2026-04-15,U544,行銷部,儀表板,1495
2026-03-22,U422,業務部,報表匯出,1240
2026-02-02,U361,業務部,報表匯出,580
2026-03-24,U118,業務部,使用者管理,858
2026-04-27,U521,資訊部,儀表板,590
2026-02-22,U219,行銷部,報表匯出,390
2026-02-18,U658,業務部,報表匯出,1226
2026-04-22,U427,業務部,系統設定,1151
2026-04-06,U901,業務部,儀表板,302
2026-02-02,U610,行銷部,儀表板,799
2026-03-02,U940,人資部,儀表板,289
2026-02-24,U205,資訊部,儀表板,30
2026-03-23,U302,行銷部,儀表板,1705
2026-03-02,U777,人資部,報表匯出,1353
2026-04-23,U671,業務部,系統設定,1482
2026-03-03,U402,資訊部,儀表板,1339
2026-02-03,U171,資訊部,報表匯出,15
2026-02-24,U329,業務部,報表匯出,1060
2026-02-12,U727,人資部,報表匯出,1065
2026-04-06,U484,業務部,儀表板,1440
2026-03-08,U693,業務部,系統設定,110
2026-03-29,U999,資訊部,報表匯出,233
2026-02-16,U941,人資部,儀表板,1521
2026-03-20,U211,人資部,儀表板,766
2026-03-28,U334,資訊部,資料匯入,1744
2026-02-03,U501,業務部,儀表板,257
2026-02-05,U964,資訊部,資料匯入,578
2026-04-20,U431,行銷部,使用者管理,1018
2026-02-11,U716,行銷部,儀表板,652
2026-03-03,U114,資訊部,儀表板,791
2026-04-01,U803,人資部,儀表板,233
2026-02-22,U319,行銷部,儀表板,1558
2026-04-24,U271,業務部,報表匯出,736
2026-04-06,U220,業務部,報表匯出,149
2026-04-10,U403,行銷部,使用者管理,1163
2026-03-10,U691,資訊部,資料匯入,738
2026-03-22,U696,業務部,報表匯出,1720
2026-03-04,U799,人資部,報表匯出,757
2026-03-13,U125,業務部,儀表板,78
2026-02-23,U116,人資部,系統設定,901
2026-03-02,U821,業務部,報表匯出,982
2026-04-26,U382,資訊部,使用者管理,1054
2026-02-18,U949,資訊部,報表匯出,355
2026-03-22,U194,業務部,使用者管理,225
2026-02-10,U542,行銷部,儀表板,391
2026-03-21,U679,資訊部,報表匯出,1579
2026-02-14,U936,人資部,報表匯出,882
2026-03-08,U867,行銷部,儀表板,1005
2026-04-21,U988,資訊部,儀表板,57
2026-02-22,U274,業務部,資料匯入,1235
2026-04-12,U529,資訊部,系統設定,1585
2026-02-21,U215,資訊部,儀表板,1362
2026-04-01,U265,人資部,報表匯出,786
2026-04-23,U229,人資部,系統設定,341
2026-04-24,U682,業務部,儀表板,1746
2026-04-15,U961,行銷部,資料匯入,1787
2026-04-02,U569,資訊部,儀表板,1155
2026-04-22,U959,人資部,儀表板,955
2026-03-20,U284,行銷部,儀表板,354
2026-02-07,U440,資訊部,資料匯入,362
2026-03-30,U901,人資部,系統設定,1228
2026-02-01,U434,行銷部,儀表板,417
2026-04-09,U979,行銷部,儀表板,161
2026-04-22,U671,人資部,系統設定,610
2026-03-04,U443,業務部,儀表板,899
2026-02-04,U347,業務部,儀表板,984
2026-03-19,U492,業務部,儀表板,476
2026-03-08,U501,人資部,報表匯出,1309
2026-02-12,U755,資訊部,報表匯出,1439
2026-02-09,U547,資訊部,系統設定,1071
2026-04-25,U221,人資部,儀表板,628
2026-03-02,U815,行銷部,系統設定,1340
2026-02-20,U163,行銷部,報表匯出,198
2026-02-19,U343,行銷部,儀表板,1127
2026-04-30,U463,資訊部,資料匯入,66
2026-02-08,U163,業務部,使用者管理,1677
2026-04-28,U149,資訊部,資料匯入,352
2026-02-16,U751,業務部,報表匯出,1403
2026-04-13,U645,行銷部,資料匯入,405
2026-04-15,U942,行銷部,資料匯入,1170
2026-03-11,U841,資訊部,使用者管理,11
2026-02-08,U845,行銷部,報表匯出,1674
2026-02-14,U139,業務部,資料匯入,1749
2026-04-22,U774,人資部,報表匯出,816
2026-02-16,U818,資訊部,資料匯入,1481
2026-02-03,U992,人資部,報表匯出,669
2026-02-06,U810,行銷部,使用者管理,897
2026-03-17,U752,人資部,儀表板,1770
2026-03-17,U465,行銷部,儀表板,1748
2026-04-19,U536,人資部,報表匯出,1456
2026-03-20,U266,行銷部,儀表板,673
2026-02-22,U750,行銷部,儀表板,1073
2026-03-15,U781,人資部,儀表板,1769
2026-03-27,U757,行銷部,儀表板,1347
2026-03-03,U231,業務部,儀表板,465
2026-04-29,U716,行銷部,資料匯入,1175
2026-04-04,U641,業務部,儀表板,1754
2026-04-04,U595,人資部,儀表板,39
2026-03-02,U944,人資部,資料匯入,95
2026-03-18,U216,行銷部,儀表板,1566
2026-03-16,U982,資訊部,儀表板,1787
2026-03-11,U891,人資部,系統設定,136
2026-03-12,U594,行銷部,資料匯入,1660
2026-03-10,U557,資訊部,儀表板,1056
2026-02-05,U843,資訊部,報表匯出,1688
2026-03-06,U801,人資部,儀表板,445
2026-04-09,U857,行銷部,資料匯入,1676
2026-03-10,U105,人資部,報表匯出,1631
2026-04-20,U738,資訊部,資料匯入,1438
2026-04-22,U510,人資部,儀表板,1662
2026-02-28,U565,業務部,儀表板,1482
2026-03-28,U666,行銷部,報表匯出,516
2026-03-26,U738,行銷部,報表匯出,1396
2026-03-09,U382,人資部,儀表板,346
2026-03-29,U416,行銷部,儀表板,197
2026-02-22,U608,人資部,儀表板,1150
2026-02-17,U386,資訊部,儀表板,1235
2026-03-16,U818,行銷部,報表匯出,680
2026-04-18,U818,行銷部,資料匯入,490
2026-02-12,U297,人資部,儀表板,1477
2026-03-06,U176,資訊部,儀表板,102
2026-03-20,U121,人資部,資料匯入,680
2026-02-03,U768,行銷部,使用者管理,1198
2026-03-28,U526,人資部,資料匯入,779
2026-03-04,U832,業務部,儀表板,800
2026-03-11,U623,人資部,儀表板,320
2026-02-19,U912,業務部,資料匯入,1053
2026-02-26,U465,業務部,報表匯出,713
2026-02-28,U848,人資部,資料匯入,804
2026-02-02,U729,業務部,報表匯出,605
2026-02-09,U662,業務部,報表匯出,380
2026-02-02,U765,行銷部,儀表板,561
2026-03-20,U672,資訊部,資料匯入,1721
2026-03-16,U843,業務部,儀表板,452
2026-02-12,U735,業務部,報表匯出,637
2026-02-18,U827,人資部,報表匯出,964
2026-04-14,U908,業務部,儀表板,1560
2026-02-27,U756,業務部,資料匯入,274
2026-02-17,U622,業務部,報表匯出,875
2026-04-30,U185,業務部,儀表板,119
2026-02-06,U931,資訊部,資料匯入,1493
2026-03-11,U102,行銷部,儀表板,1041
2026-04-28,U208,資訊部,儀表板,1599
2026-02-15,U370,資訊部,報表匯出,1088
2026-03-21,U473,行銷部,儀表板,429
2026-02-06,U867,業務部,報表匯出,797
2026-03-15,U973,業務部,報表匯出,156
2026-03-07,U279,人資部,資料匯入,1604
2026-04-13,U928,行銷部,儀表板,1039
2026-04-27,U117,人資部,儀表板,1522
2026-02-27,U753,資訊部,儀表板,201
2026-04-02,U138,人資部,報表匯出,571
2026-02-14,U516,行銷部,儀表板,1231
2026-03-14,U867,業務部,儀表板,792
2026-03-22,U319,業務部,儀表板,1165
2026-03-09,U733,業務部,報表匯出,637
2026-02-17,U828,業務部,儀表板,566
2026-03-30,U543,業務部,資料匯入,732
2026-04-01,U552,資訊部,儀表板,1529
2026-03-25,U311,人資部,報表匯出,1152
2026-03-29,U234,行銷部,儀表板,1221
2026-04-27,U329,業務部,資料匯入,1038
2026-02-12,U635,人資部,資料匯入,1293
2026-02-05,U960,業務部,報表匯出,864
2026-04-07,U172,資訊部,儀表板,42
2026-05-01,U717,業務部,資料匯入,1399
2026-02-02,U984,資訊部,報表匯出,799
2026-04-09,U243,人資部,儀表板,1285
2026-02-21,U471,行銷部,報表匯出,238
2026-04-01,U799,行銷部,報表匯出,1528
2026-04-30,U686,行銷部,報表匯出,1394
2026-04-01,U185,行銷部,儀表板,632
2026-05-01,U629,人資部,報表匯出,592
2026-04-05,U521,人資部,報表匯出,1317
2026-04-05,U360,人資部,使用者管理,510
2026-04-17,U284,資訊部,儀表板,659
2026-02-27,U564,資訊部,報表匯出,1359
2026-04-05,U936,業務部,儀表板,774
2026-02-28,U485,人資部,儀表板,1386
2026-02-02,U894,資訊部,儀表板,1240
2026-04-18,U406,行銷部,儀表板,638
2026-03-19,U224,業務部,儀表板,688
2026-04-03,U517,業務部,儀表板,1799
2026-02-17,U733,資訊部,報表匯出,51
2026-03-30,U826,人資部,儀表板,1644
2026-04-24,U629,資訊部,儀表板,1424
2026-03-16,U820,業務部,系統設定,435
2026-03-17,U512,人資部,報表匯出,120
2026-02-21,U351,業務部,儀表板,1518
2026-03-16,U491,資訊部,儀表板,787
2026-04-29,U992,業務部,使用者管理,76
2026-03-21,U677,資訊部,報表匯出,674
2026-03-31,U870,人資部,儀表板,1490
2026-02-26,U905,資訊部,資料匯入,263
2026-03-07,U340,人資部,儀表板,464
2026-03-01,U392,資訊部,報表匯出,1458
2026-03-06,U788,資訊部,使用者管理,892
2026-03-30,U613,資訊部,儀表板,834
2026-03-17,U969,資訊部,儀表板,257
2026-04-20,U232,資訊部,儀表板,417
2026-04-01,U551,業務部,儀表板,422
2026-04-07,U812,資訊部,報表匯出,1487
2026-02-04,U211,資訊部,儀表板,1569
2026-02-28,U128,人資部,報表匯出,608
2026-04-01,U539,人資部,資料匯入,42
2026-03-29,U623,業務部,資料匯入,1252
2026-03-27,U223,業務部,資料匯入,1166
2026-04-18,U747,行銷部,儀表板,197
2026-02-03,U653,資訊部,儀表板,1749
2026-02-19,U324,行銷部,資料匯入,1199
2026-02-18,U962,資訊部,儀表板,845
2026-02-20,U699,人資部,使用者管理,469
2026-03-02,U906,業務部,儀表板,1058
2026-04-23,U612,業務部,儀表板,333
2026-02-22,U574,業務部,資料匯入,318
2026-03-04,U803,業務部,儀表板,143
2026-02-28,U564,資訊部,報表匯出,705
2026-03-04,U733,資訊部,報表匯出,801
2026-04-30,U547,資訊部,報表匯出,584
2026-04-14,U952,行銷部,資料匯入,1538
2026-02-17,U482,人資部,報表匯出,429
2026-02-10,U222,人資部,儀表板,1274
2026-04-20,U804,資訊部,資料匯入,1438
2026-03-11,U875,行銷部,資料匯入,977
2026-02-25,U422,人資部,儀表板,1706
2026-02-20,U744,人資部,報表匯出,230
2026-04-20,U579,行銷部,報表匯出,1716
2026-03-22,U127,行銷部,報表匯出,1325
2026-02-12,U265,業務部,報表匯出,710
2026-03-25,U724,資訊部,報表匯出,688
2026-02-14,U869,業務部,資料匯入,54
2026-02-14,U289,資訊部,資料匯入,944
2026-02-16,U222,人資部,儀表板,1609
2026-03-18,U262,人資部,資料匯入,1336
2026-03-10,U745,資訊部,資料匯入,1753
2026-02-09,U516,資訊部,報表匯出,558
2026-02-04,U565,業務部,儀表板,1354
2026-04-04,U662,行銷部,儀表板,1569
2026-04-26,U536,資訊部,資料匯入,1780
2026-03-20,U914,業務部,報表匯出,141
2026-03-04,U917,資訊部,儀表板,568
2026-03-06,U230,人資部,儀表板,869
2026-02-10,U234,業務部,使用者管理,79
2026-04-18,U544,人資部,儀表板,1155
2026-03-26,U817,資訊部,報表匯出,86
2026-03-11,U961,行銷部,儀表板,1094
2026-02-08,U578,資訊部,儀表板,689
2026-03-27,U114,行銷部,儀表板,596
2026-04-04,U765,業務部,報表匯出,1226
2026-03-24,U696,人資部,系統設定,760
2026-03-11,U647,人資部,儀表板,933
2026-03-05,U194,業務部,儀表板,1081
2026-02-04,U811,業務部,資料匯入,1151
2026-04-26,U135,人資部,資料匯入,1120
2026-03-24,U231,行銷部,儀表板,427
2026-03-17,U973,資訊部,報表匯出,816
2026-04-11,U852,人資部,資料匯入,100
2026-03-20,U569,人資部,儀表板,686
2026-03-31,U257,行銷部,儀表板,357
2026-04-25,U332,人資部,儀表板,1045
2026-03-19,U394,行銷部,儀表板,1735
2026-03-30,U766,資訊部,儀表板,642
2026-04-30,U977,行銷部,資料匯入,42
2026-04-10,U715,資訊部,儀表板,522
2026-03-22,U973,業務部,使用者管理,285
2026-02-12,U146,業務部,系統設定,1674
2026-04-30,U660,行銷部,儀表板,621
2026-02-27,U722,行銷部,系統設定,1633
2026-02-16,U458,行銷部,報表匯出,530
2026-03-22,U203,業務部,資料匯入,58
2026-02-03,U925,行銷部,資料匯入,1648
2026-03-23,U385,人資部,資料匯入,651
2026-04-06,U887,人資部,資料匯入,966
2026-03-07,U905,行銷部,報表匯出,1680
2026-02-20,U876,行銷部,報表匯出,1487
2026-04-18,U540,資訊部,資料匯入,147
2026-04-18,U856,行銷部,儀表板,606
2026-03-16,U892,資訊部,資料匯入,1171
2026-03-04,U283,人資部,資料匯入,1343
2026-03-29,U782,人資部,資料匯入,1398
2026-04-11,U239,業務部,系統設定,1114
2026-03-24,U169,業務部,使用者管理,147
2026-02-22,U470,資訊部,使用者管理,361
2026-03-17,U460,人資部,報表匯出,1389
2026-05-01,U144,業務部,報表匯出,1332
2026-02-04,U541,人資部,儀表板,1533
2026-02-25,U263,人資部,報表匯出,396
2026-04-26,U703,人資部,報表匯出,957
2026-03-16,U496,行銷部,資料匯入,265
2026-03-16,U978,行銷部,儀表板,1671
2026-04-20,U981,業務部,報表匯出,1092
2026-03-11,U470,行銷部,報表匯出,871
2026-04-28,U970,人資部,使用者管理,1743
2026-04-23,U385,行銷部,儀表板,1221
2026-04-03,U588,人資部,儀表板,712
2026-02-24,U966,業務部,儀表板,1486
2026-02-18,U684,行銷部,資料匯入,717
2026-04-20,U488,業務部,資料匯入,243
2026-03-16,U161,資訊部,儀表板,42
2026-02-14,U857,資訊部,報表匯出,289
2026-04-24,U278,人資部,報表匯出,1409
2026-03-05,U808,行銷部,儀表板,261
2026-02-07,U551,行銷部,儀表板,1049
2026-04-17,U881,行銷部,儀表板,975
2026-04-09,U514,人資部,儀表板,919
2026-04-04,U631,資訊部,報表匯出,120
2026-04-17,U657,業務部,資料匯入,518
2026-04-10,U272,資訊部,報表匯出,1487
2026-02-07,U951,業務部,儀表板,691
2026-03-28,U417,資訊部,報表匯出,1722
2026-02-26,U838,業務部,報表匯出,1618
2026-04-27,U996,人資部,儀表板,1144
2026-04-09,U394,業務部,儀表板,1030
2026-02-06,U138,業務部,報表匯出,1513
2026-03-09,U660,行銷部,資料匯入,1221
2026-02-12,U145,資訊部,系統設定,1674
2026-02-07,U431,人資部,報表匯出,1129
2026-04-11,U665,人資部,資料匯入,776
2026-02-17,U509,行銷部,儀表板,710
2026-03-05,U848,資訊部,儀表板,1369
2026-03-13,U958,行銷部,儀表板,1681
2026-02-11,U370,業務部,儀表板,837
2026-03-11,U526,行銷部,報表匯出,584
2026-04-09,U838,資訊部,儀表板,916
2026-02-07,U627,行銷部,資料匯入,100
2026-04-29,U513,資訊部,儀表板,1400
2026-02-01,U666,資訊部,資料匯入,332
2026-03-29,U224,行銷部,儀表板,1095
2026-04-28,U947,人資部,報表匯出,1136
2026-02-28,U976,業務部,資料匯入,681
2026-02-17,U220,人資部,儀表板,11
2026-04-24,U770,資訊部,儀表板,804
2026-02-22,U617,人資部,報表匯出,1725
2026-02-19,U594,人資部,儀表板,1522
2026-04-18,U790,人資部,儀表板,165
2026-03-17,U857,業務部,報表匯出,1674
2026-02-11,U977,資訊部,報表匯出,784
2026-02-27,U455,人資部,儀表板,799
2026-02-05,U772,資訊部,儀表板,274
2026-03-25,U985,人資部,儀表板,485
2026-03-19,U381,行銷部,儀表板,696
2026-04-25,U240,業務部,報表匯出,1259
2026-04-15,U276,業務部,報表匯出,1570
2026-04-19,U667,業務部,儀表板,1444
2026-04-07,U760,業務部,報表匯出,942
2026-03-29,U561,行銷部,儀表板,172
2026-04-01,U826,資訊部,儀表板,23
2026-04-09,U932,行銷部,儀表板,195
2026-03-26,U400,人資部,報表匯出,435
2026-04-04,U634,行銷部,儀表板,440
2026-04-16,U286,業務部,儀表板,826
2026-03-26,U481,行銷部,資料匯入,413
2026-03-04,U482,人資部,報表匯出,350
2026-03-21,U776,人資部,使用者管理,78
2026-02-11,U266,人資部,報表匯出,1747
2026-02-05,U141,業務部,報表匯出,351
2026-02-04,U900,業務部,資料匯入,1246
2026-02-09,U734,資訊部,儀表板,501
2026-03-15,U479,業務部,報表匯出,181
2026-03-19,U713,資訊部,資料匯入,1191
2026-03-15,U219,人資部,儀表板,1649
2026-04-03,U202,人資部,報表匯出,333
2026-03-25,U626,行銷部,系統設定,268
2026-04-12,U721,行銷部,報表匯出,1174
2026-04-28,U636,業務部,儀表板,1492
2026-03-01,U131,人資部,儀表板,858
2026-03-11,U452,資訊部,儀表板,1313
2026-02-28,U283,行銷部,報表匯出,1558
2026-02-25,U661,業務部,資料匯入,185
2026-02-18,U784,行銷部,資料匯入,258
2026-03-04,U972,行銷部,資料匯入,1006
2026-03-11,U372,業務部,使用者管理,867
2026-04-26,U662,資訊部,使用者管理,1223
2026-03-13,U498,人資部,報表匯出,1467
2026-02-19,U564,行銷部,報表匯出,1654
2026-03-05,U714,資訊部,報表匯出,1682
2026-03-23,U876,資訊部,報表匯出,1681
2026-02-28,U335,行銷部,報表匯出,1239
2026-02-11,U939,資訊部,報表匯出,243
2026-04-05,U371,業務部,報表匯出,628
2026-02-12,U479,資訊部,報表匯出,1367
2026-02-27,U450,行銷部,資料匯入,1607
2026-03-14,U323,業務部,儀表板,125
2026-04-05,U580,資訊部,使用者管理,1170
2026-02-10,U444,業務部,資料匯入,1621
2026-02-20,U118,資訊部,報表匯出,137
2026-02-19,U685,業務部,儀表板,1197
2026-03-22,U452,行銷部,系統設定,1671
2026-03-08,U347,業務部,儀表板,977
2026-02-03,U332,資訊部,報表匯出,1058
2026-03-16,U191,行銷部,報表匯出,740
2026-02-28,U320,資訊部,報表匯出,1086
2026-04-17,U710,人資部,報表匯出,1389
2026-02-25,U284,人資部,儀表板,1535
2026-04-18,U709,業務部,報表匯出,1652
2026-02-14,U942,業務部,報表匯出,1717
2026-04-04,U234,資訊部,資料匯入,1378
2026-04-28,U467,人資部,使用者管理,1800
2026-04-03,U485,資訊部,系統設定,361
2026-03-22,U974,人資部,儀表板,578
2026-03-26,U636,行銷部,報表匯出,1746
2026-03-13,U641,行銷部,報表匯出,1149
2026-04-28,U146,資訊部,系統設定,1027
2026-04-25,U871,人資部,儀表板,795
2026-03-18,U488,行銷部,資料匯入,1709
2026-03-17,U518,行銷部,報表匯出,155
2026-04-05,U469,資訊部,儀表板,1535
2026-04-10,U248,業務部,儀表板,1645
2026-03-17,U463,業務部,資料匯入,287
2026-04-16,U808,業務部,儀表板,1753
2026-02-19,U517,資訊部,系統設定,694
2026-04-01,U522,業務部,儀表板,1340
2026-03-02,U271,人資部,儀表板,563
2026-04-22,U147,資訊部,儀表板,552
2026-04-26,U169,行銷部,儀表板,963
2026-04-08,U855,人資部,儀表板,972
2026-04-07,U368,資訊部,儀表板,1047
2026-03-09,U326,資訊部,報表匯出,1232
2026-02-23,U976,資訊部,儀表板,117
2026-04-22,U688,資訊部,儀表板,139
2026-02-07,U406,資訊部,報表匯出,1476
2026-02-17,U309,資訊部,資料匯入,1114
2026-03-23,U496,業務部,儀表板,1289
2026-04-30,U379,行銷部,儀表板,180
2026-04-12,U665,業務部,儀表板,1029
2026-03-12,U599,人資部,資料匯入,1414
2026-04-25,U541,行銷部,儀表板,1754
2026-03-20,U148,人資部,資料匯入,56
2026-04-18,U599,業務部,報表匯出,1202
2026-02-07,U784,人資部,資料匯入,1014
2026-03-05,U476,業務部,系統設定,117
2026-03-09,U926,人資部,儀表板,583
2026-03-05,U485,資訊部,使用者管理,269
2026-03-10,U754,資訊部,資料匯入,615
2026-04-28,U878,人資部,使用者管理,1752
2026-04-22,U908,行銷部,儀表板,1083
2026-02-28,U765,資訊部,儀表板,1434
2026-03-12,U383,人資部,報表匯出,1609
2026-03-19,U985,行銷部,資料匯入,1694
2026-03-14,U304,人資部,資料匯入,508
2026-02-16,U813,行銷部,系統設定,1305
2026-03-22,U234,資訊部,報表匯出,288
2026-02-27,U121,資訊部,儀表板,370
2026-02-03,U777,業務部,報表匯出,1796
2026-03-09,U826,人資部,儀表板,144
2026-02-23,U379,業務部,儀表板,720
2026-04-22,U325,業務部,系統設定,568
2026-03-22,U484,人資部,報表匯出,1067
2026-02-16,U946,人資部,資料匯入,117
2026-03-24,U514,資訊部,儀表板,1624
2026-04-05,U939,業務部,報表匯出,1662
2026-03-27,U514,人資部,報表匯出,1212
2026-04-20,U346,業務部,儀表板,127
2026-03-01,U128,人資部,資料匯入,636
2026-02-09,U935,行銷部,報表匯出,1739
2026-04-21,U128,業務部,儀表板,1250
2026-03-31,U153,業務部,儀表板,345
2026-04-10,U636,行銷部,資料匯入,197
2026-03-05,U595,人資部,資料匯入,1021
2026-02-18,U993,資訊部,報表匯出,1586
2026-02-02,U499,行銷部,儀表板,1208
2026-03-25,U415,人資部,儀表板,1183
2026-02-02,U455,資訊部,儀表板,851
2026-04-10,U931,業務部,儀表板,1488
2026-03-12,U581,行銷部,儀表板,495
2026-04-08,U598,資訊部,資料匯入,368
2026-04-09,U634,資訊部,儀表板,17
2026-03-05,U678,資訊部,儀表板,1185
2026-03-10,U969,行銷部,報表匯出,284
2026-03-19,U999,資訊部,儀表板,1473
2026-02-10,U917,業務部,儀表板,121
2026-02-26,U194,人資部,報表匯出,11
2026-04-20,U945,業務部,報表匯出,1593
2026-03-07,U581,行銷部,資料匯入,1659
2026-04-01,U851,行銷部,資料匯入,1122
2026-02-18,U740,業務部,報表匯出,1640
2026-03-07,U419,業務部,儀表板,1415
2026-02-18,U895,行銷部,儀表板,283
2026-03-31,U438,行銷部,儀表板,34
2026-02-23,U843,業務部,報表匯出,281
2026-04-25,U498,業務部,報表匯出,643
2026-04-28,U788,行銷部,儀表板,469
2026-04-20,U890,資訊部,資料匯入,1051
2026-04-29,U360,資訊部,資料匯入,1253
2026-04-26,U839,業務部,儀表板,203
2026-03-06,U531,人資部,使用者管理,830
2026-03-09,U668,人資部,報表匯出,309
2026-03-15,U979,人資部,儀表板,1741
2026-03-19,U680,行銷部,儀表板,82
2026-03-27,U162,業務部,系統設定,1112
2026-03-05,U210,行銷部,使用者管理,776
2026-02-04,U146,人資部,使用者管理,802
2026-03-26,U346,行銷部,報表匯出,1195
2026-04-12,U507,行銷部,報表匯出,336
2026-04-06,U481,人資部,資料匯入,240
2026-02-20,U486,資訊部,報表匯出,1388
2026-04-22,U469,行銷部,儀表板,1787
2026-02-13,U920,業務部,儀表板,653
2026-04-28,U710,資訊部,儀表板,227
2026-03-06,U691,行銷部,儀表板,1402
2026-02-20,U645,人資部,儀表板,1074
2026-04-27,U184,資訊部,資料匯入,1130
2026-03-05,U548,人資部,報表匯出,1627
2026-03-02,U787,資訊部,資料匯入,656
2026-03-12,U403,行銷部,儀表板,803
2026-03-03,U496,業務部,儀表板,1277
2026-04-03,U915,資訊部,資料匯入,303
2026-04-04,U823,資訊部,儀表板,1686
2026-03-14,U717,業務部,儀表板,623
2026-02-19,U653,業務部,儀表板,300
2026-02-04,U718,人資部,儀表板,1756
2026-02-08,U622,業務部,儀表板,1296
2026-03-09,U167,人資部,報表匯出,15
2026-04-27,U234,業務部,儀表板,1416
2026-02-01,U760,資訊部,報表匯出,287
2026-03-26,U317,人資部,資料匯入,1309
2026-04-19,U558,業務部,儀表板,176
2026-03-22,U750,資訊部,報表匯出,864
2026-03-14,U609,業務部,報表匯出,415
2026-03-22,U476,業務部,儀表板,713
2026-04-21,U553,業務部,資料匯入,1237
2026-04-19,U407,業務部,儀表板,597
2026-02-23,U581,行銷部,報表匯出,310
2026-04-04,U433,人資部,儀表板,1537
2026-03-27,U923,行銷部,儀表板,986
2026-02-11,U621,資訊部,儀表板,341
2026-04-08,U944,人資部,儀表板,1395
2026-02-17,U714,人資部,儀表板,1020
2026-04-07,U564,人資部,儀表板,1082
2026-04-16,U573,業務部,報表匯出,742
2026-03-08,U122,業務部,儀表板,321
2026-03-15,U657,資訊部,報表匯出,815
2026-02-13,U520,資訊部,儀表板,648
2026-03-03,U719,資訊部,報表匯出,1072
2026-02-08,U639,人資部,報表匯出,501
2026-04-15,U738,行銷部,資料匯入,127
2026-04-20,U973,業務部,儀表板,1392
2026-04-25,U941,人資部,報表匯出,1571
2026-02-24,U514,資訊部,儀表板,1352
2026-04-19,U769,業務部,儀表板,1679
2026-02-12,U990,行銷部,資料匯入,283
2026-02-02,U752,人資部,報表匯出,311
2026-03-25,U683,業務部,報表匯出,454
2026-02-06,U606,資訊部,資料匯入,1160
2026-03-31,U526,資訊部,資料匯入,1050
2026-02-24,U792,資訊部,儀表板,615
2026-02-21,U597,資訊部,報表匯出,1260
2026-02-26,U234,資訊部,儀表板,1196
2026-04-29,U550,人資部,儀表板,1438
2026-03-18,U522,人資部,報表匯出,615
2026-03-17,U790,業務部,報表匯出,1379
2026-02-02,U785,人資部,報表匯出,655
2026-02-03,U302,人資部,儀表板,301
2026-04-29,U296,人資部,報表匯出,666
2026-02-06,U916,業務部,報表匯出,275
2026-02-12,U777,人資部,儀表板,1490
2026-04-29,U866,業務部,報表匯出,208
2026-04-27,U948,人資部,儀表板,590
2026-02-24,U347,人資部,報表匯出,930
2026-02-17,U567,資訊部,儀表板,91
2026-04-24,U625,業務部,儀表板,1337
2026-04-18,U179,人資部,儀表板,133
2026-02-07,U539,人資部,報表匯出,511
2026-04-08,U711,人資部,儀表板,595
2026-04-23,U132,業務部,報表匯出,685
2026-03-22,U858,業務部,資料匯入,1174
2026-04-28,U411,行銷部,報表匯出,30
2026-03-26,U384,人資部,儀表板,569
2026-03-14,U551,行銷部,儀表板,930
2026-04-27,U639,人資部,報表匯出,919
2026-03-02,U116,業務部,儀表板,1182
2026-02-07,U411,業務部,儀表板,272
2026-04-16,U242,行銷部,資料匯入,621
2026-02-25,U292,人資部,報表匯出,1738
2026-03-27,U289,業務部,資料匯入,222
2026-03-26,U564,行銷部,儀表板,945
2026-04-20,U186,業務部,儀表板,980
2026-03-06,U851,業務部,儀表板,811
2026-02-24,U868,人資部,報表匯出,1558
2026-03-30,U231,行銷部,儀表板,250
2026-02-11,U252,人資部,儀表板,416
2026-03-31,U420,業務部,系統設定,1756
2026-02-26,U296,資訊部,儀表板,101
2026-04-12,U166,行銷部,儀表板,130
2026-04-30,U643,行銷部,儀表板,368
2026-04-01,U160,人資部,儀表板,1634
2026-04-26,U524,人資部,儀表板,220
2026-04-18,U775,業務部,儀表板,1048
2026-03-18,U866,人資部,儀表板,1282
2026-02-17,U584,行銷部,儀表板,379
2026-03-18,U191,行銷部,儀表板,809
2026-02-13,U335,資訊部,報表匯出,1654
2026-02-24,U648,業務部,報表匯出,1113
2026-02-11,U645,人資部,儀表板,437
2026-02-25,U910,人資部,儀表板,1510
2026-03-09,U858,行銷部,資料匯入,587
2026-04-24,U322,業務部,資料匯入,216
2026-03-12,U792,人資部,使用者管理,1555
2026-02-16,U655,人資部,報表匯出,1625
2026-03-03,U146,業務部,系統設定,959
2026-04-25,U666,行銷部,報表匯出,1460
2026-03-05,U195,資訊部,資料匯入,663
2026-04-20,U372,業務部,使用者管理,1489
2026-04-12,U580,資訊部,資料匯入,1582
2026-03-16,U572,人資部,資料匯入,1356
2026-04-16,U230,資訊部,報表匯出,789
2026-03-24,U989,資訊部,儀表板,1295
2026-03-06,U708,業務部,儀表板,466
2026-04-07,U609,業務部,報表匯出,749
2026-03-30,U957,資訊部,報表匯出,412
2026-04-19,U905,資訊部,資料匯入,729
2026-03-24,U126,業務部,資料匯入,1735
2026-03-15,U282,人資部,儀表板,312
2026-02-04,U920,人資部,儀表板,1035
2026-03-18,U359,業務部,資料匯入,1044
2026-04-13,U351,業務部,報表匯出,1619
2026-02-22,U848,業務部,報表匯出,669
2026-03-21,U701,業務部,資料匯入,1632
2026-04-16,U763,業務部,儀表板,1320
2026-03-27,U731,行銷部,報表匯出,786
2026-03-05,U908,行銷部,使用者管理,1705
2026-02-07,U880,行銷部,儀表板,1055
2026-04-24,U348,資訊部,資料匯入,351
2026-04-20,U661,行銷部,系統設定,1574
2026-04-15,U187,行銷部,報表匯出,550
2026-02-25,U468,人資部,儀表板,1242
2026-03-30,U386,資訊部,資料匯入,1458
2026-04-12,U830,人資部,儀表板,413
2026-04-16,U658,人資部,資料匯入,187
2026-03-22,U177,人資部,使用者管理,1336
2026-02-13,U486,人資部,資料匯入,89
2026-03-10,U770,人資部,報表匯出,279
2026-04-28,U531,行銷部,儀表板,679
2026-04-21,U109,業務部,報表匯出,954
2026-03-31,U110,行銷部,報表匯出,595
2026-04-30,U392,業務部,報表匯出,1606
2026-02-17,U141,人資部,報表匯出,174
2026-04-28,U425,資訊部,報表匯出,10
2026-02-11,U997,資訊部,儀表板,1066
2026-03-20,U762,資訊部,報表匯出,892
2026-04-23,U437,業務部,資料匯入,377
2026-02-02,U247,人資部,儀表板,1150
2026-03-27,U260,人資部,報表匯出,1184
2026-03-29,U635,行銷部,儀表板,771
2026-04-02,U482,資訊部,報表匯出,1506
2026-02-15,U695,業務部,資料匯入,841
2026-02-03,U554,業務部,資料匯入,1507
2026-04-08,U337,人資部,資料匯入,1624
2026-04-22,U770,資訊部,資料匯入,551
2026-04-11,U801,業務部,資料匯入,1469
2026-03-19,U360,人資部,儀表板,1529
2026-02-23,U631,業務部,資料匯入,154
2026-03-25,U326,行銷部,報表匯出,1146
2026-03-29,U726,資訊部,資料匯入,1548
2026-04-27,U982,資訊部,儀表板,438
2026-04-10,U170,資訊部,儀表板,1797
2026-02-24,U796,業務部,報表匯出,1384
2026-02-01,U396,業務部,報表匯出,1239
2026-02-23,U534,業務部,儀表板,67
2026-04-14,U648,人資部,報表匯出,934
2026-02-15,U740,人資部,儀表板,745
2026-04-21,U840,行銷部,報表匯出,798
2026-03-22,U875,資訊部,儀表板,85
2026-04-10,U373,行銷部,資料匯入,1293
2026-03-19,U699,業務部,報表匯出,448
2026-02-07,U879,行銷部,儀表板,1790
2026-04-07,U653,人資部,資料匯入,797
2026-03-10,U216,行銷部,儀表板,1056
2026-03-02,U214,行銷部,儀表板,1020
2026-03-24,U543,業務部,使用者管理,745
2026-02-21,U954,業務部,報表匯出,703
2026-04-20,U961,資訊部,儀表板,1214
2026-03-23,U921,業務部,儀表板,429
2026-03-24,U649,行銷部,儀表板,1057
2026-02-07,U528,資訊部,儀表板,554
2026-02-24,U527,行銷部,資料匯入,167
2026-03-08,U510,資訊部,報表匯出,1023
2026-04-12,U418,人資部,儀表板,682
2026-02-06,U894,業務部,報表匯出,1417
2026-04-24,U856,資訊部,報表匯出,865
2026-03-31,U704,業務部,儀表板,1500
2026-03-14,U939,資訊部,儀表板,338
2026-02-21,U924,人資部,報表匯出,403
2026-03-17,U642,業務部,報表匯出,1611
2026-03-28,U301,人資部,報表匯出,1515
2026-03-12,U689,業務部,儀表板,403
2026-04-16,U785,資訊部,儀表板,281
2026-03-19,U790,資訊部,資料匯入,1029
2026-02-03,U693,人資部,系統設定,999
2026-02-15,U368,行銷部,報表匯出,384
2026-04-30,U826,人資部,報表匯出,1229
2026-04-17,U224,業務部,儀表板,1317
2026-03-26,U597,業務部,儀表板,661
2026-03-18,U190,人資部,系統設定,442
2026-04-30,U270,人資部,資料匯入,1044
2026-04-09,U343,業務部,儀表板,1561
2026-03-14,U315,行銷部,資料匯入,1039
2026-03-29,U802,人資部,儀表板,998
2026-03-29,U910,人資部,儀表板,1121
2026-03-30,U360,資訊部,報表匯出,393
2026-03-21,U780,資訊部,儀表板,1132
2026-02-02,U506,行銷部,報表匯出,579
2026-04-21,U847,人資部,儀表板,1293
2026-04-23,U450,業務部,儀表板,1679
2026-03-28,U577,人資部,儀表板,454
2026-03-02,U642,行銷部,報表匯出,1648
2026-03-31,U528,資訊部,報表匯出,1320
2026-03-28,U679,資訊部,儀表板,511
2026-03-16,U405,行銷部,儀表板,1745
2026-03-23,U966,行銷部,資料匯入,540
2026-04-04,U475,業務部,資料匯入,1612
2026-04-02,U445,行銷部,系統設定,876
2026-03-27,U175,行銷部,報表匯出,907
2026-02-28,U631,行銷部,報表匯出,490
2026-03-30,U670,業務部,儀表板,1605
2026-04-27,U933,資訊部,資料匯入,1727
2026-03-26,U467,資訊部,資料匯入,1353
2026-04-28,U918,人資部,資料匯入,1674
2026-02-19,U437,行銷部,報表匯出,1544
2026-04-13,U806,人資部,報表匯出,651
2026-04-12,U902,業務部,報表匯出,1066
2026-03-29,U333,業務部,系統設定,776
2026-03-14,U977,人資部,資料匯入,1741
2026-04-25,U505,業務部,報表匯出,587
2026-02-09,U935,資訊部,使用者管理,732
2026-02-06,U144,業務部,儀表板,1759
2026-04-12,U454,行銷部,儀表板,1610
2026-04-22,U515,行銷部,報表匯出,626
2026-03-31,U945,行銷部,系統設定,103
2026-03-01,U206,資訊部,資料匯入,964
2026-04-26,U451,人資部,儀表板,145
2026-02-07,U809,人資部,儀表板,1548
2026-03-13,U917,行銷部,報表匯出,829
2026-04-09,U113,人資部,報表匯出,756
2026-04-18,U376,人資部,儀表板,1671
2026-02-16,U291,資訊部,資料匯入,1320
2026-03-19,U945,資訊部,儀表板,311
2026-04-18,U122,行銷部,資料匯入,1057
2026-02-17,U949,行銷部,儀表板,340
2026-04-27,U425,人資部,儀表板,843
2026-02-08,U383,行銷部,系統設定,642
2026-04-30,U173,行銷部,儀表板,589
2026-02-01,U632,資訊部,資料匯入,73
2026-03-15,U676,人資部,資料匯入,814
2026-05-01,U525,業務部,儀表板,1731
2026-04-26,U646,業務部,資料匯入,1604
2026-02-12,U270,人資部,使用者管理,925
2026-02-13,U157,業務部,儀表板,1738
2026-02-16,U691,人資部,儀表板,21
2026-03-07,U241,行銷部,儀表板,1456
2026-02-18,U134,人資部,資料匯入,1796
2026-02-01,U842,資訊部,使用者管理,1087
2026-04-13,U566,資訊部,使用者管理,833
2026-04-30,U628,人資部,資料匯入,14
2026-04-18,U973,人資部,資料匯入,1420
2026-02-22,U506,行銷部,儀表板,1069
2026-04-25,U290,行銷部,儀表板,1204
2026-04-07,U506,人資部,儀表板,1313
2026-03-01,U466,行銷部,儀表板,174
2026-04-11,U402,人資部,儀表板,1497
2026-02-04,U895,資訊部,儀表板,668
2026-03-16,U754,人資部,系統設定,903
2026-04-30,U833,行銷部,儀表板,1456
2026-03-15,U525,業務部,儀表板,1313
2026-03-02,U243,資訊部,儀表板,265
2026-03-02,U287,業務部,儀表板,1772
2026-05-01,U923,人資部,儀表板,262
2026-03-03,U942,人資部,儀表板,629
2026-04-06,U748,業務部,報表匯出,129
2026-03-30,U882,人資部,儀表板,1776
2026-04-29,U481,業務部,使用者管理,1292
2026-04-30,U781,資訊部,報表匯出,1026
2026-02-03,U921,行銷部,儀表板,435
2026-04-20,U311,行銷部,報表匯出,1365
2026-04-06,U705,資訊部,資料匯入,1493
2026-02-19,U852,人資部,報表匯出,1093
2026-04-27,U837,資訊部,資料匯入,1285
2026-04-18,U243,資訊部,使用者管理,1651
2026-04-10,U825,行銷部,儀表板,1083
2026-04-27,U942,業務部,儀表板,1046
2026-04-06,U170,業務部,資料匯入,1437
2026-02-19,U839,業務部,資料匯入,1722
2026-04-13,U100,人資部,報表匯出,987
2026-04-01,U626,行銷部,資料匯入,556
2026-03-08,U761,人資部,儀表板,1238
2026-03-31,U384,人資部,使用者管理,522
2026-02-25,U231,業務部,報表匯出,1461
2026-03-28,U534,行銷部,儀表板,81
2026-03-06,U385,資訊部,儀表板,571
2026-03-28,U530,資訊部,使用者管理,120
2026-03-26,U864,資訊部,資料匯入,647
2026-04-28,U948,資訊部,儀表板,871
2026-04-14,U890,人資部,資料匯入,906
2026-04-11,U886,資訊部,儀表板,862
2026-03-16,U121,資訊部,儀表板,1283
2026-04-26,U389,資訊部,資料匯入,569
2026-04-19,U402,資訊部,報表匯出,1128
2026-03-13,U365,資訊部,儀表板,1453
2026-04-22,U657,資訊部,資料匯入,1199
2026-02-20,U118,業務部,報表匯出,1463
2026-02-11,U526,業務部,儀表板,845
2026-02-18,U734,行銷部,報表匯出,1265
2026-02-02,U808,資訊部,使用者管理,1267
2026-05-01,U756,人資部,儀表板,340
2026-04-22,U452,行銷部,報表匯出,1066
2026-02-05,U143,行銷部,儀表板,1514
2026-03-23,U548,行銷部,系統設定,282
2026-04-02,U740,業務部,儀表板,1745
2026-02-15,U385,人資部,儀表板,452
2026-03-16,U201,資訊部,報表匯出,818
2026-03-28,U880,人資部,儀表板,302
2026-03-15,U823,資訊部,報表匯出,1274
2026-03-04,U733,人資部,儀表板,1294
2026-03-02,U754,行銷部,儀表板,1594
2026-02-15,U786,資訊部,儀表板,1492
2026-02-10,U932,資訊部,報表匯出,357
2026-03-23,U644,行銷部,儀表板,299
2026-04-28,U557,業務部,資料匯入,110
2026-02-28,U555,資訊部,報表匯出,429
2026-03-24,U498,資訊部,報表匯出,1022
2026-03-21,U608,業務部,資料匯入,779
2026-04-11,U376,行銷部,儀表板,170
2026-02-15,U637,行銷部,儀表板,680
2026-03-20,U437,資訊部,儀表板,1242
2026-02-07,U419,資訊部,儀表板,1368
2026-03-29,U510,人資部,儀表板,403
2026-04-01,U923,人資部,報表匯出,481
2026-03-27,U892,行銷部,資料匯入,989
2026-02-03,U692,資訊部,報表匯出,408
2026-04-27,U673,人資部,儀表板,113
2026-02-07,U488,人資部,儀表板,1406
2026-02-17,U426,業務部,資料匯入,1700
2026-02-11,U740,業務部,報表匯出,824
2026-05-01,U609,人資部,儀表板,738
2026-02-09,U322,人資部,儀表板,76
2026-03-27,U611,業務部,儀表板,1411
2026-03-15,U654,業務部,儀表板,1077
2026-03-03,U169,業務部,儀表板,1138
2026-02-07,U377,資訊部,資料匯入,444
2026-04-15,U867,人資部,儀表板,1414
2026-04-22,U641,業務部,報表匯出,1623
2026-04-12,U818,資訊部,儀表板,591
2026-02-25,U777,資訊部,儀表板,429
2026-04-06,U859,業務部,儀表板,1401
2026-04-17,U123,業務部,報表匯出,356
2026-02-18,U455,人資部,報表匯出,203
2026-04-12,U248,行銷部,儀表板,1239
2026-04-14,U589,人資部,儀表板,330
2026-03-18,U918,業務部,儀表板,657
2026-04-20,U517,資訊部,資料匯入,1414
2026-02-12,U966,業務部,儀表板,1039
2026-02-06,U278,行銷部,資料匯入,937
2026-04-05,U751,人資部,報表匯出,1275
2026-02-04,U616,行銷部,報表匯出,855
2026-04-21,U173,資訊部,報表匯出,486
2026-02-10,U421,行銷部,資料匯入,561
2026-03-09,U994,人資部,資料匯入,238
2026-02-09,U325,業務部,儀表板,710
2026-04-08,U354,業務部,資料匯入,385
2026-04-19,U820,人資部,儀表板,1157
2026-02-04,U227,資訊部,儀表板,371
2026-04-29,U729,業務部,資料匯入,343
2026-02-12,U593,人資部,儀表板,1545
2026-03-04,U402,人資部,報表匯出,1079
2026-02-03,U453,人資部,儀表板,622
2026-04-05,U498,資訊部,儀表板,330
2026-02-27,U772,人資部,儀表板,234
2026-02-07,U952,行銷部,資料匯入,823
2026-04-05,U465,人資部,儀表板,1231
2026-02-17,U431,業務部,報表匯出,789
2026-03-17,U134,業務部,資料匯入,1017
2026-04-19,U485,人資部,報表匯出,1374
2026-04-09,U466,業務部,報表匯出,345
2026-03-14,U295,業務部,儀表板,256
2026-04-24,U795,行銷部,資料匯入,1064
2026-04-16,U811,資訊部,使用者管理,398
2026-04-13,U545,資訊部,儀表板,322
2026-03-04,U236,行銷部,儀表板,612
2026-03-12,U316,行銷部,儀表板,1287
2026-04-05,U975,人資部,報表匯出,778
2026-04-27,U365,資訊部,儀表板,535
2026-03-06,U205,資訊部,資料匯入,245
2026-03-13,U553,資訊部,使用者管理,1178
2026-03-25,U483,業務部,報表匯出,362
2026-02-24,U614,人資部,儀表板,731
2026-04-04,U133,業務部,資料匯入,1020
2026-04-29,U577,資訊部,儀表板,1188
2026-04-29,U735,資訊部,使用者管理,657
2026-04-09,U975,業務部,儀表板,135
2026-02-17,U735,人資部,儀表板,1142
2026-05-01,U862,人資部,儀表板,811
2026-02-17,U121,資訊部,資料匯入,1537
2026-04-09,U273,業務部,報表匯出,20
2026-02-26,U452,人資部,儀表板,1255
2026-02-25,U302,業務部,報表匯出,1537
2026-02-14,U976,資訊部,儀表板,1378
2026-03-28,U746,人資部,報表匯出,741
2026-04-28,U921,業務部,報表匯出,1175
2026-04-03,U618,業務部,儀表板,414
2026-04-08,U335,人資部,報表匯出,486
2026-02-06,U442,人資部,儀表板,762
2026-03-20,U843,資訊部,儀表板,1292
2026-04-12,U281,人資部,資料匯入,139
2026-02-05,U621,行銷部,儀表板,311
2026-04-29,U855,行銷部,儀表板,377
2026-02-04,U812,業務部,儀表板,1573
2026-02-26,U838,資訊部,系統設定,47
2026-02-17,U934,業務部,儀表板,1309
2026-04-03,U899,人資部,報表匯出,1724
2026-03-02,U532,資訊部,報表匯出,451
2026-03-26,U225,業務部,使用者管理,873
2026-03-17,U562,人資部,使用者管理,127
2026-02-27,U117,行銷部,報表匯出,1739
2026-02-22,U615,行銷部,資料匯入,576
2026-04-18,U359,業務部,報表匯出,1767
2026-04-16,U752,資訊部,儀表板,446
2026-02-03,U286,人資部,資料匯入,1777
2026-04-07,U695,資訊部,系統設定,237
2026-04-08,U475,業務部,儀表板,1771
2026-03-23,U890,行銷部,報表匯出,752
2026-04-12,U602,行銷部,報表匯出,1008
2026-04-23,U272,行銷部,儀表板,1578
2026-02-14,U593,資訊部,儀表板,125
2026-03-05,U925,資訊部,報表匯出,1319
2026-02-22,U699,資訊部,報表匯出,1066
2026-02-23,U894,資訊部,資料匯入,786
2026-04-16,U491,人資部,報表匯出,429
2026-02-21,U188,資訊部,系統設定,1112
2026-03-09,U170,業務部,報表匯出,528
2026-04-20,U488,業務部,儀表板,192
2026-03-16,U968,行銷部,報表匯出,757
2026-02-02,U900,人資部,使用者管理,444
2026-02-16,U487,行銷部,報表匯出,1710
2026-03-31,U499,資訊部,資料匯入,1411
2026-02-26,U601,人資部,儀表板,1324
2026-04-02,U131,行銷部,資料匯入,1284
2026-03-17,U517,人資部,資料匯入,1448
2026-02-27,U717,人資部,系統設定,1455
2026-03-31,U131,業務部,儀表板,854
2026-03-17,U864,人資部,儀表板,1763
2026-02-26,U303,業務部,儀表板,144
2026-02-27,U902,人資部,儀表板,549
2026-04-14,U753,行銷部,資料匯入,1315
2026-02-10,U965,業務部,資料匯入,554
2026-03-05,U734,人資部,報表匯出,1761
2026-04-14,U110,行銷部,報表匯出,1720
2026-03-25,U654,人資部,報表匯出,253
2026-04-28,U355,業務部,資料匯入,56
2026-04-05,U986,人資部,儀表板,773
2026-03-04,U507,資訊部,報表匯出,1351
2026-04-09,U169,資訊部,儀表板,917
2026-02-08,U302,行銷部,儀表板,377
2026-04-07,U482,人資部,儀表板,88
2026-02-26,U425,業務部,儀表板,1244
2026-03-07,U210,行銷部,儀表板,804
2026-03-29,U142,資訊部,儀表板,1688
2026-03-25,U469,業務部,儀表板,296
2026-03-16,U177,人資部,儀表板,1352
2026-03-18,U379,業務部,報表匯出,432
2026-02-07,U632,資訊部,報表匯出,1425
2026-03-07,U450,行銷部,資料匯入,1711
2026-03-17,U135,業務部,儀表板,1532
2026-04-19,U550,業務部,系統設定,1181
2026-02-14,U109,資訊部,報表匯出,385
2026-04-30,U384,資訊部,資料匯入,1563
2026-02-25,U948,行銷部,報表匯出,1712
2026-04-05,U355,行銷部,儀表板,590
2026-03-13,U272,業務部,資料匯入,312
2026-02-24,U153,業務部,資料匯入,1179
2026-03-29,U775,人資部,報表匯出,1149
2026-04-03,U453,資訊部,儀表板,900
2026-04-12,U127,資訊部,儀表板,746
2026-03-29,U482,行銷部,儀表板,848
2026-02-18,U643,行銷部,儀表板,1259
2026-03-01,U356,業務部,儀表板,1491
2026-04-14,U555,行銷部,報表匯出,1706
2026-02-07,U715,資訊部,系統設定,177
2026-04-14,U439,資訊部,報表匯出,819
2026-02-26,U711,資訊部,資料匯入,1248
2026-03-10,U469,行銷部,儀表板,1406
2026-02-10,U787,業務部,儀表板,782
2026-04-12,U898,人資部,系統設定,552
2026-04-19,U309,資訊部,儀表板,853
2026-03-30,U814,資訊部,使用者管理,896
2026-03-20,U900,資訊部,儀表板,1651
2026-03-02,U397,資訊部,儀表板,1028
2026-03-28,U905,資訊部,儀表板,392
2026-02-15,U689,人資部,儀表板,671
2026-03-02,U137,行銷部,儀表板,1048
2026-04-06,U623,人資部,儀表板,1604
2026-04-27,U487,資訊部,報表匯出,194
2026-04-19,U465,人資部,報表匯出,363
2026-03-28,U320,行銷部,報表匯出,1156
2026-03-27,U804,資訊部,報表匯出,527
2026-03-11,U102,行銷部,報表匯出,992
2026-04-01,U758,資訊部,資料匯入,1550
2026-04-28,U352,人資部,資料匯入,1108
2026-02-01,U188,行銷部,系統設定,734
2026-03-01,U209,業務部,報表匯出,680
2026-04-25,U929,業務部,報表匯出,819
2026-03-15,U413,人資部,系統設定,1551
2026-03-16,U787,業務部,儀表板,530
2026-02-12,U462,人資部,系統設定,1641
2026-02-08,U386,業務部,儀表板,1713
2026-04-22,U619,行銷部,資料匯入,439
2026-03-26,U872,業務部,儀表板,1553
2026-03-26,U515,業務部,報表匯出,1645
2026-02-19,U315,業務部,資料匯入,784
2026-02-19,U357,人資部,儀表板,222
2026-02-03,U333,人資部,儀表板,457
2026-03-06,U937,行銷部,報表匯出,563
2026-04-24,U551,人資部,報表匯出,1034
2026-04-05,U213,行銷部,儀表板,1733
2026-03-07,U438,業務部,報表匯出,717
2026-04-19,U394,人資部,資料匯入,62
2026-03-28,U561,資訊部,儀表板,1763
2026-04-01,U920,資訊部,儀表板,810
2026-02-14,U334,業務部,資料匯入,1267
2026-02-07,U488,資訊部,資料匯入,724
2026-04-28,U429,行銷部,報表匯出,1232
2026-02-18,U333,資訊部,儀表板,692
2026-03-22,U875,業務部,資料匯入,76
2026-04-05,U206,資訊部,報表匯出,620
2026-04-22,U681,資訊部,儀表板,957
2026-05-01,U181,業務部,報表匯出,1280
2026-03-08,U667,業務部,儀表板,127
2026-03-09,U596,業務部,報表匯出,602
2026-04-29,U317,人資部,儀表板,260
2026-02-05,U487,資訊部,報表匯出,1116
2026-02-14,U388,業務部,儀表板,25
2026-03-23,U754,行銷部,報表匯出,1607
2026-02-17,U722,業務部,儀表板,988
2026-04-09,U570,業務部,報表匯出,390
2026-02-21,U380,資訊部,報表匯出,465
2026-04-23,U928,人資部,儀表板,266
2026-04-02,U437,行銷部,使用者管理,300
2026-02-03,U565,資訊部,儀表板,160
2026-04-30,U609,人資部,儀表板,1646
2026-03-15,U880,行銷部,資料匯入,1776
2026-03-14,U836,行銷部,報表匯出,18
2026-04-30,U257,人資部,資料匯入,999
2026-03-07,U633,行銷部,系統設定,639
2026-02-13,U763,人資部,報表匯出,564
2026-02-02,U833,資訊部,報表匯出,1304
2026-03-31,U994,人資部,資料匯入,309
2026-03-02,U132,行銷部,報表匯出,1530
2026-02-03,U172,資訊部,儀表板,294
2026-04-17,U214,資訊部,使用者管理,77
2026-04-11,U381,資訊部,報表匯出,712
2026-03-22,U827,資訊部,報表匯出,797
2026-03-03,U430,人資部,儀表板,792
2026-02-23,U441,業務部,儀表板,669
2026-03-30,U762,資訊部,儀表板,392
2026-03-24,U120,業務部,報表匯出,946
2026-02-13,U630,行銷部,儀表板,1500
2026-03-26,U642,人資部,儀表板,1621
2026-02-01,U841,人資部,報表匯出,1409
2026-02-02,U363,業務部,儀表板,747
2026-03-31,U686,資訊部,儀表板,474
2026-02-12,U829,人資部,報表匯出,262
2026-03-10,U663,行銷部,報表匯出,755
2026-03-18,U504,人資部,報表匯出,227
2026-03-04,U793,行銷部,報表匯出,1290
2026-03-12,U513,人資部,系統設定,104
2026-04-05,U775,行銷部,儀表板,1438
2026-03-03,U620,業務部,資料匯入,531
2026-02-24,U267,人資部,儀表板,886
2026-02-22,U889,業務部,報表匯出,184
2026-03-07,U475,業務部,儀表板,1026
2026-04-08,U943,人資部,儀表板,1247
2026-03-27,U557,資訊部,儀表板,1706
2026-04-02,U730,資訊部,儀表板,1189
2026-04-28,U173,行銷部,儀表板,1311
2026-03-06,U370,行銷部,報表匯出,735
2026-03-10,U752,行銷部,報表匯出,58
2026-02-05,U253,人資部,報表匯出,1038
2026-04-09,U582,行銷部,資料匯入,1092
2026-04-20,U979,人資部,資料匯入,790
2026-03-18,U910,資訊部,報表匯出,654
2026-02-12,U256,人資部,儀表板,851
2026-04-02,U604,業務部,資料匯入,357
2026-03-02,U303,行銷部,報表匯出,1629
2026-04-17,U283,人資部,報表匯出,1368
2026-02-01,U617,業務部,報表匯出,1605
2026-03-10,U836,行銷部,儀表板,197
2026-02-14,U379,業務部,儀表板,963
2026-03-15,U521,行銷部,儀表板,1755
2026-03-25,U682,資訊部,資料匯入,1028
2026-03-11,U212,行銷部,報表匯出,1478
2026-02-25,U495,資訊部,系統設定,1093
2026-03-08,U100,資訊部,報表匯出,1694
2026-02-24,U142,資訊部,儀表板,301
2026-03-06,U338,人資部,儀表板,1701
2026-02-17,U774,行銷部,資料匯入,1030
2026-02-10,U617,資訊部,報表匯出,600
2026-04-09,U638,資訊部,報表匯出,1430
2026-04-27,U187,行銷部,報表匯出,1223
2026-03-06,U766,人資部,儀表板,1033
2026-04-10,U802,行銷部,資料匯入,522
2026-04-14,U616,業務部,報表匯出,932
2026-03-25,U966,業務部,報表匯出,1010
2026-03-06,U202,業務部,報表匯出,937
2026-02-03,U898,行銷部,儀表板,506
2026-04-28,U932,人資部,報表匯出,1017
2026-04-07,U545,人資部,儀表板,1428
2026-03-15,U359,行銷部,報表匯出,1153
2026-03-10,U707,行銷部,報表匯出,784
2026-03-06,U288,行銷部,儀表板,725
2026-04-20,U645,行銷部,儀表板,906
2026-04-23,U236,業務部,儀表板,1003
2026-02-19,U892,行銷部,使用者管理,1244
2026-03-09,U953,資訊部,儀表板,811
2026-04-22,U159,人資部,資料匯入,879
2026-04-29,U878,行銷部,報表匯出,130
2026-03-03,U405,行銷部,儀表板,317
2026-03-11,U343,資訊部,報表匯出,374
2026-04-16,U621,人資部,儀表板,470
2026-02-24,U692,行銷部,報表匯出,1373
2026-04-06,U844,業務部,報表匯出,589
2026-02-07,U407,業務部,報表匯出,707
2026-03-14,U281,人資部,儀表板,303
2026-03-23,U734,資訊部,資料匯入,579
2026-02-05,U619,行銷部,使用者管理,287
2026-04-01,U113,業務部,報表匯出,1003
2026-03-05,U582,人資部,儀表板,1506
2026-02-14,U651,資訊部,報表匯出,1636
2026-03-06,U907,資訊部,儀表板,722
2026-02-28,U637,業務部,儀表板,549
2026-04-19,U600,業務部,使用者管理,833
2026-03-28,U855,人資部,儀表板,1511
2026-02-12,U513,人資部,儀表板,869
2026-02-25,U313,行銷部,報表匯出,1215
2026-03-26,U506,人資部,報表匯出,1555
2026-03-19,U991,業務部,儀表板,75
2026-03-20,U213,行銷部,報表匯出,1274
2026-03-30,U788,資訊部,報表匯出,1316
2026-03-05,U430,業務部,儀表板,1085
2026-04-01,U693,人資部,儀表板,1664
2026-03-04,U147,人資部,儀表板,1777
2026-02-04,U137,資訊部,報表匯出,549
2026-04-07,U875,人資部,儀表板,80
2026-04-07,U952,行銷部,資料匯入,1286
2026-02-07,U984,業務部,儀表板,1764
2026-03-06,U913,行銷部,資料匯入,1591
2026-02-03,U446,資訊部,儀表板,1585
2026-03-16,U864,行銷部,儀表板,97
2026-02-11,U333,業務部,資料匯入,26
2026-03-24,U219,人資部,儀表板,1738
2026-04-13,U678,資訊部,儀表板,246
2026-04-04,U386,人資部,儀表板,737
2026-03-15,U671,業務部,儀表板,1641
2026-04-06,U684,業務部,儀表板,539
2026-04-03,U669,業務部,儀表板,591
2026-04-18,U247,行銷部,使用者管理,1339
2026-03-19,U489,資訊部,報表匯出,250
2026-02-21,U633,行銷部,報表匯出,1288
2026-03-05,U761,業務部,報表匯出,1123
2026-05-01,U790,資訊部,儀表板,527
2026-03-21,U596,人資部,儀表板,1301
2026-02-13,U307,業務部,儀表板,1745
2026-03-07,U470,行銷部,資料匯入,481
2026-03-29,U284,業務部,儀表板,467
2026-05-01,U933,資訊部,儀表板,1431
2026-03-25,U415,行銷部,報表匯出,236
2026-02-10,U630,業務部,儀表板,1596
2026-04-01,U410,業務部,報表匯出,196
2026-02-01,U840,行銷部,資料匯入,929
2026-04-15,U188,行銷部,報表匯出,1025
2026-03-08,U419,資訊部,報表匯出,1305
2026-03-21,U901,人資部,儀表板,572
2026-03-04,U491,行銷部,報表匯出,1622
2026-04-05,U868,業務部,系統設定,455
2026-02-24,U820,人資部,儀表板,660
2026-02-24,U487,業務部,儀表板,481
2026-04-06,U306,人資部,報表匯出,979
2026-03-22,U131,人資部,儀表板,104
2026-03-21,U480,行銷部,資料匯入,1010
2026-04-07,U423,資訊部,使用者管理,471
2026-03-21,U105,業務部,儀表板,1173
2026-02-23,U284,資訊部,使用者管理,132
2026-02-01,U414,業務部,儀表板,1634
2026-02-03,U648,資訊部,報表匯出,719
2026-02-20,U978,人資部,報表匯出,1400
2026-02-05,U781,資訊部,儀表板,644
2026-02-27,U668,資訊部,儀表板,1121
2026-04-22,U484,行銷部,報表匯出,83
2026-02-25,U154,人資部,儀表板,1133
2026-04-02,U705,行銷部,資料匯入,94
2026-04-25,U725,資訊部,儀表板,1609
2026-03-23,U528,人資部,報表匯出,758
2026-04-16,U913,資訊部,資料匯入,498
2026-04-25,U152,業務部,儀表板,355
2026-04-20,U260,行銷部,資料匯入,1250
2026-02-16,U833,人資部,報表匯出,1631
2026-02-22,U781,業務部,報表匯出,619
2026-02-06,U744,資訊部,儀表板,69
2026-02-06,U349,人資部,資料匯入,141
2026-02-22,U278,人資部,資料匯入,956
2026-04-29,U238,資訊部,儀表板,1389
2026-04-18,U263,行銷部,報表匯出,697
2026-02-08,U739,業務部,儀表板,1024
2026-03-19,U183,業務部,儀表板,369
2026-05-01,U198,人資部,儀表板,233
2026-05-01,U671,行銷部,報表匯出,1027
2026-04-05,U962,業務部,報表匯出,339
2026-04-07,U800,業務部,使用者管理,338
2026-04-20,U125,人資部,資料匯入,584
2026-02-07,U353,資訊部,儀表板,525
2026-02-24,U838,人資部,儀表板,159
2026-04-06,U867,業務部,報表匯出,237
2026-03-28,U993,行銷部,報表匯出,1039
2026-03-10,U825,資訊部,報表匯出,269
2026-02-25,U586,行銷部,儀表板,1579
2026-03-21,U736,人資部,報表匯出,1789
2026-02-08,U453,資訊部,儀表板,1683
2026-02-08,U277,行銷部,報表匯出,885
2026-02-06,U682,行銷部,儀表板,991
2026-03-02,U916,人資部,報表匯出,1543
2026-04-07,U900,資訊部,儀表板,17
2026-03-09,U625,行銷部,報表匯出,137
2026-04-26,U107,業務部,報表匯出,1409
2026-03-22,U256,業務部,儀表板,579
2026-04-20,U602,資訊部,報表匯出,643
2026-04-06,U932,人資部,儀表板,1082
2026-02-22,U531,資訊部,報表匯出,935
2026-02-28,U696,業務部,儀表板,1133
2026-04-03,U778,人資部,報表匯出,477
2026-04-01,U788,業務部,儀表板,108
2026-03-16,U429,資訊部,報表匯出,177
2026-04-30,U959,行銷部,報表匯出,46
2026-04-13,U330,行銷部,報表匯出,945
2026-02-11,U932,業務部,儀表板,1259
2026-05-01,U877,資訊部,資料匯入,764
2026-04-19,U338,業務部,報表匯出,439
2026-02-19,U605,行銷部,資料匯入,1750
2026-03-30,U820,業務部,儀表板,813
2026-04-01,U829,資訊部,資料匯入,846
2026-04-25,U217,業務部,報表匯出,46
2026-04-23,U566,人資部,儀表板,186
2026-03-26,U958,資訊部,資料匯入,645
2026-02-13,U499,人資部,儀表板,653
2026-02-28,U352,業務部,資料匯入,622
2026-03-23,U385,業務部,資料匯入,191
2026-04-09,U592,業務部,資料匯入,358
2026-05-01,U310,行銷部,報表匯出,944
2026-02-13,U364,人資部,儀表板,1242
2026-02-04,U467,行銷部,儀表板,398
2026-02-17,U544,資訊部,系統設定,1001
2026-04-27,U976,人資部,儀表板,474
2026-04-23,U321,人資部,儀表板,682
2026-03-04,U388,行銷部,儀表板,1251
2026-02-02,U418,行銷部,報表匯出,1267
2026-03-31,U222,人資部,儀表板,1349
2026-02-09,U874,人資部,報表匯出,570
2026-02-12,U361,行銷部,儀表板,50
2026-04-16,U881,人資部,資料匯入,939
2026-02-13,U928,資訊部,儀表板,132
2026-04-06,U248,行銷部,儀表板,1704
2026-03-08,U570,人資部,資料匯入,393
2026-02-12,U249,行銷部,報表匯出,1419
2026-02-22,U708,人資部,儀表板,411
2026-04-20,U313,資訊部,報表匯出,953
2026-02-01,U290,資訊部,儀表板,1432
2026-03-16,U624,資訊部,儀表板,1652
2026-02-12,U363,資訊部,報表匯出,1203
2026-02-11,U427,業務部,資料匯入,744
2026-02-09,U303,行銷部,報表匯出,585
2026-04-03,U282,業務部,儀表板,1431
2026-02-21,U908,業務部,儀表板,415
2026-02-03,U907,資訊部,系統設定,1413
2026-04-29,U507,人資部,儀表板,1165
2026-02-25,U425,人資部,儀表板,499
2026-04-23,U664,行銷部,儀表板,512
2026-04-18,U822,業務部,儀表板,573
2026-03-20,U405,業務部,報表匯出,1098
2026-02-28,U283,業務部,報表匯出,1378
2026-02-04,U667,資訊部,系統設定,1744
2026-03-05,U857,人資部,系統設定,1282
2026-02-05,U814,人資部,資料匯入,1560
2026-04-05,U206,業務部,資料匯入,708
2026-03-24,U135,行銷部,資料匯入,923
2026-02-03,U979,資訊部,資料匯入,1244
2026-04-28,U999,行銷部,系統設定,1611
2026-04-13,U226,資訊部,系統設定,319
2026-02-11,U867,業務部,系統設定,901
2026-04-12,U808,業務部,報表匯出,1029
2026-02-10,U614,業務部,報表匯出,1647
2026-03-21,U940,資訊部,資料匯入,652
2026-04-12,U983,業務部,報表匯出,1238
2026-02-22,U656,業務部,系統設定,1098
2026-04-17,U635,業務部,儀表板,1207
2026-04-09,U603,資訊部,報表匯出,701
2026-04-18,U313,人資部,報表匯出,263
2026-04-22,U668,人資部,報表匯出,42
2026-04-17,U857,人資部,資料匯入,691
2026-03-16,U412,行銷部,儀表板,1466
2026-03-18,U661,業務部,資料匯入,1434
2026-03-25,U890,資訊部,儀表板,457
2026-03-31,U384,業務部,儀表板,109
2026-04-11,U638,人資部,使用者管理,720
2026-03-30,U426,業務部,資料匯入,1561
2026-03-04,U373,業務部,報表匯出,506
2026-02-20,U193,人資部,儀表板,430
2026-05-01,U486,業務部,儀表板,28
2026-04-21,U942,業務部,報表匯出,493
2026-04-07,U823,資訊部,報表匯出,1548
2026-04-10,U150,資訊部,儀表板,1358
2026-02-04,U609,行銷部,報表匯出,920
2026-02-16,U498,資訊部,資料匯入,547
2026-03-07,U911,人資部,資料匯入,665
2026-04-03,U324,資訊部,報表匯出,1205
2026-04-13,U466,業務部,資料匯入,902
2026-03-07,U167,資訊部,報表匯出,1038
2026-03-31,U522,業務部,資料匯入,560
2026-02-06,U789,行銷部,資料匯入,84
2026-04-03,U730,人資部,報表匯出,1277
2026-03-26,U780,業務部,儀表板,1252
2026-02-13,U272,業務部,儀表板,957
2026-03-16,U289,人資部,儀表板,220
2026-03-07,U887,資訊部,報表匯出,636
2026-02-25,U321,行銷部,使用者管理,23
2026-03-02,U408,業務部,報表匯出,1756
2026-04-28,U509,行銷部,報表匯出,376
2026-04-15,U610,行銷部,使用者管理,1056
2026-03-31,U335,人資部,報表匯出,1119
2026-04-13,U318,業務部,儀表板,1290
2026-04-16,U646,資訊部,儀表板,421
2026-02-22,U492,人資部,報表匯出,576
2026-02-17,U735,業務部,系統設定,694
2026-04-26,U692,人資部,使用者管理,1711
2026-02-23,U549,人資部,儀表板,116
2026-02-17,U256,業務部,資料匯入,442
2026-04-17,U273,人資部,資料匯入,372
2026-04-13,U772,行銷部,資料匯入,1403
2026-04-17,U610,資訊部,儀表板,649
2026-03-11,U399,業務部,報表匯出,1409
2026-05-01,U141,行銷部,資料匯入,1382
2026-04-04,U646,人資部,報表匯出,1164
2026-04-02,U870,資訊部,儀表板,1158
2026-03-24,U627,人資部,報表匯出,1134
2026-02-04,U299,人資部,報表匯出,1539
2026-02-16,U654,業務部,報表匯出,108
2026-04-06,U933,行銷部,報表匯出,223
2026-02-03,U970,人資部,報表匯出,1480
2026-03-12,U378,人資部,報表匯出,1311
2026-02-27,U459,資訊部,系統設定,1154
2026-03-25,U199,業務部,報表匯出,97
2026-03-07,U797,人資部,資料匯入,1685
2026-03-29,U970,業務部,報表匯出,1605
2026-03-20,U466,資訊部,儀表板,964
2026-03-26,U814,行銷部,系統設定,1238
2026-03-08,U163,業務部,報表匯出,41
2026-03-28,U708,資訊部,資料匯入,1219
2026-04-26,U176,業務部,儀表板,357
2026-03-28,U951,行銷部,報表匯出,391
2026-04-16,U584,人資部,儀表板,584
2026-04-10,U346,資訊部,儀表板,1719
2026-03-06,U761,資訊部,資料匯入,164
2026-04-13,U642,行銷部,報表匯出,1030
2026-03-13,U238,資訊部,儀表板,1615
2026-02-21,U381,資訊部,系統設定,124
2026-02-17,U203,行銷部,報表匯出,1541
2026-04-14,U102,行銷部,資料匯入,1592
2026-02-02,U368,人資部,使用者管理,1530
2026-02-21,U236,人資部,報表匯出,786
2026-02-23,U414,業務部,資料匯入,49
2026-03-16,U494,資訊部,系統設定,1743
2026-04-23,U554,人資部,資料匯入,668
2026-03-04,U355,行銷部,儀表板,957
2026-02-08,U227,行銷部,資料匯入,1115
2026-03-28,U999,資訊部,儀表板,1491
2026-03-20,U383,行銷部,資料匯入,146
2026-02-25,U205,業務部,使用者管理,1359
2026-04-14,U865,行銷部,使用者管理,1460
2026-02-04,U665,行銷部,報表匯出,240
2026-02-19,U544,業務部,儀表板,301
2026-03-06,U985,業務部,儀表板,735
2026-03-19,U492,業務部,資料匯入,646
2026-04-03,U172,行銷部,資料匯入,739
2026-04-21,U893,業務部,報表匯出,952
2026-02-26,U299,業務部,儀表板,1699
2026-04-07,U496,業務部,儀表板,849
2026-04-18,U333,業務部,資料匯入,1683
2026-04-18,U647,行銷部,報表匯出,942
2026-02-06,U928,業務部,儀表板,660
2026-03-27,U416,業務部,報表匯出,1414
2026-03-01,U593,業務部,儀表板,1419
2026-04-15,U352,人資部,報表匯出,31
2026-04-28,U684,資訊部,儀表板,120
2026-04-22,U746,業務部,資料匯入,197
2026-04-19,U100,業務部,資料匯入,1758
2026-03-29,U578,業務部,報表匯出,1480
2026-02-03,U108,資訊部,儀表板,1569
2026-04-29,U323,業務部,儀表板,304
2026-02-24,U931,人資部,系統設定,1197
2026-03-18,U256,業務部,儀表板,1264
2026-02-25,U106,業務部,儀表板,241
2026-04-20,U985,業務部,資料匯入,1559
2026-03-21,U977,人資部,儀表板,455
2026-02-13,U899,人資部,儀表板,806
2026-03-11,U601,業務部,報表匯出,463
2026-03-21,U907,資訊部,儀表板,655
2026-02-27,U310,資訊部,系統設定,1612
2026-04-03,U956,人資部,使用者管理,175
2026-03-08,U170,行銷部,報表匯出,1129
2026-04-17,U553,行銷部,報表匯出,1585
2026-02-05,U718,資訊部,儀表板,871
2026-03-19,U268,行銷部,儀表板,1143
2026-04-13,U231,資訊部,報表匯出,965
2026-03-06,U534,人資部,報表匯出,1507
2026-04-13,U411,行銷部,報表匯出,18
2026-02-24,U414,人資部,儀表板,1640
2026-04-13,U625,人資部,資料匯入,652
2026-03-31,U909,人資部,儀表板,1538
2026-02-04,U728,資訊部,儀表板,1377
2026-03-17,U846,業務部,儀表板,612
2026-02-05,U808,資訊部,儀表板,319
2026-03-23,U463,人資部,儀表板,1683
2026-02-25,U809,人資部,報表匯出,808
2026-03-11,U105,業務部,儀表板,817
2026-04-26,U981,業務部,報表匯出,935
2026-02-04,U640,人資部,儀表板,1656
2026-02-15,U994,資訊部,報表匯出,709
2026-02-05,U984,資訊部,儀表板,112
2026-04-11,U868,行銷部,報表匯出,702
2026-04-21,U319,業務部,儀表板,1522
2026-04-04,U388,業務部,報表匯出,500
2026-04-26,U918,業務部,資料匯入,585
2026-03-29,U388,資訊部,報表匯出,1555
2026-03-31,U472,業務部,報表匯出,293
2026-02-25,U116,行銷部,報表匯出,894
2026-03-29,U905,業務部,儀表板,1586
2026-02-14,U773,資訊部,儀表板,1783
2026-04-01,U812,行銷部,系統設定,1392
2026-04-22,U587,行銷部,儀表板,867
2026-03-28,U320,業務部,儀表板,859
2026-02-04,U519,業務部,報表匯出,498
2026-04-13,U633,業務部,儀表板,1630
2026-04-16,U791,行銷部,使用者管理,655
2026-02-24,U611,行銷部,儀表板,958
2026-04-26,U670,人資部,資料匯入,559
2026-03-13,U920,人資部,報表匯出,901
2026-03-04,U253,資訊部,資料匯入,1072
2026-02-11,U861,行銷部,資料匯入,540
2026-04-09,U854,行銷部,資料匯入,273
2026-04-24,U513,行銷部,資料匯入,484
2026-04-27,U894,行銷部,資料匯入,989
2026-02-14,U300,行銷部,儀表板,904
2026-04-17,U967,業務部,儀表板,70
2026-03-07,U624,人資部,儀表板,966
2026-04-10,U216,業務部,資料匯入,571
2026-02-10,U865,行銷部,報表匯出,880
2026-04-28,U167,行銷部,儀表板,157
2026-03-29,U280,業務部,報表匯出,1285
2026-05-01,U980,行銷部,報表匯出,1386
2026-02-19,U987,人資部,儀表板,190
2026-02-07,U629,人資部,報表匯出,1175
2026-02-06,U470,行銷部,報表匯出,36
2026-03-13,U118,行銷部,報表匯出,294
2026-04-02,U633,行銷部,儀表板,793
2026-03-16,U732,行銷部,報表匯出,1678
2026-02-17,U556,行銷部,資料匯入,820
2026-04-10,U543,業務部,儀表板,1553
2026-04-16,U850,人資部,報表匯出,389
2026-03-09,U950,業務部,報表匯出,140
2026-04-25,U407,行銷部,資料匯入,1660
2026-04-08,U385,資訊部,系統設定,153
2026-03-29,U412,業務部,儀表板,782
2026-03-11,U762,行銷部,儀表板,531
2026-03-19,U710,資訊部,資料匯入,1741
2026-04-11,U989,資訊部,報表匯出,1272
2026-04-18,U265,業務部,報表匯出,1384
2026-02-01,U642,行銷部,儀表板,1270
2026-03-28,U691,人資部,報表匯出,850
2026-02-11,U544,行銷部,資料匯入,529
2026-04-24,U181,資訊部,系統設定,1110
2026-02-08,U756,資訊部,儀表板,471
2026-03-21,U657,人資部,儀表板,701
2026-02-13,U206,行銷部,系統設定,229
2026-03-18,U822,人資部,系統設定,1369
2026-04-01,U725,人資部,報表匯出,732
2026-02-27,U563,人資部,報表匯出,88
2026-04-30,U171,人資部,系統設定,125
2026-03-01,U457,人資部,報表匯出,1717
2026-03-20,U159,行銷部,資料匯入,1355
2026-03-17,U227,人資部,報表匯出,318
2026-03-31,U291,行銷部,報表匯出,965
2026-02-04,U939,人資部,使用者管理,16
2026-03-28,U963,行銷部,儀表板,454
2026-03-31,U640,業務部,儀表板,1357
2026-02-22,U247,人資部,儀表板,527
2026-02-17,U365,人資部,報表匯出,1131
2026-02-20,U833,行銷部,報表匯出,1060
2026-03-08,U351,行銷部,儀表板,1156
2026-04-05,U301,資訊部,儀表板,1148
2026-04-23,U654,資訊部,報表匯出,18
2026-02-17,U281,資訊部,報表匯出,725
2026-04-29,U840,業務部,報表匯出,1646
2026-03-01,U205,人資部,儀表板,29
2026-02-19,U422,資訊部,報表匯出,69
2026-03-18,U463,行銷部,儀表板,1235
2026-02-01,U781,行銷部,資料匯入,1292
2026-04-30,U126,業務部,使用者管理,1429
2026-04-24,U589,行銷部,儀表板,481
2026-03-30,U320,人資部,使用者管理,1550
2026-02-27,U900,人資部,使用者管理,205
2026-03-13,U850,資訊部,儀表板,1238
2026-02-08,U539,業務部,報表匯出,841
2026-03-14,U546,業務部,報表匯出,200
2026-02-13,U682,業務部,報表匯出,414
2026-03-29,U440,資訊部,資料匯入,1013
2026-03-01,U461,行銷部,報表匯出,1561
2026-02-20,U254,業務部,儀表板,1255
2026-02-03,U887,資訊部,報表匯出,998
2026-04-28,U776,業務部,儀表板,863
2026-02-25,U125,資訊部,報表匯出,788
2026-03-15,U282,行銷部,儀表板,200
2026-03-15,U840,業務部,報表匯出,1382
2026-03-29,U858,人資部,儀表板,492
2026-04-09,U820,人資部,資料匯入,210
2026-03-15,U223,人資部,儀表板,227
2026-02-22,U774,行銷部,報表匯出,968
2026-04-19,U897,資訊部,資料匯入,1250
2026-03-11,U715,人資部,儀表板,1653
2026-03-26,U109,人資部,資料匯入,183
2026-04-27,U257,行銷部,儀表板,1372
2026-04-04,U164,業務部,資料匯入,219
2026-04-23,U394,人資部,報表匯出,1393
2026-03-16,U901,業務部,報表匯出,317
2026-02-26,U705,行銷部,使用者管理,649
2026-02-03,U940,業務部,報表匯出,915
2026-04-02,U386,行銷部,報表匯出,736
2026-04-28,U143,資訊部,儀表板,489
2026-02-04,U330,資訊部,資料匯入,1004
2026-04-09,U350,資訊部,儀表板,1084
2026-02-26,U245,業務部,系統設定,643
2026-04-29,U142,業務部,資料匯入,1394
2026-02-16,U267,業務部,儀表板,843
2026-03-09,U601,業務部,系統設定,136
2026-04-04,U162,行銷部,系統設定,1374
2026-02-23,U170,資訊部,資料匯入,623
2026-04-16,U596,業務部,儀表板,1041
2026-02-14,U735,資訊部,報表匯出,1606
2026-04-13,U600,人資部,儀表板,1109
2026-04-27,U748,資訊部,資料匯入,324
2026-03-29,U425,資訊部,儀表板,1129
2026-02-15,U377,人資部,資料匯入,1789
2026-04-07,U511,人資部,使用者管理,318
2026-03-25,U672,業務部,儀表板,378
2026-03-24,U803,行銷部,資料匯入,572
2026-03-21,U290,行銷部,資料匯入,1094
2026-04-28,U520,資訊部,儀表板,1255
2026-02-26,U511,業務部,儀表板,1567
2026-02-17,U813,人資部,使用者管理,666
2026-03-15,U336,業務部,報表匯出,853
2026-04-19,U919,人資部,資料匯入,595
2026-02-13,U763,人資部,資料匯入,30
2026-04-29,U802,人資部,報表匯出,899
2026-04-11,U717,人資部,報表匯出,202
2026-04-06,U708,資訊部,報表匯出,1387
2026-04-22,U104,資訊部,系統設定,1177
2026-04-21,U125,行銷部,報表匯出,143
2026-03-14,U935,行銷部,儀表板,1019
2026-04-08,U332,資訊部,使用者管理,1081
2026-03-29,U630,業務部,儀表板,1709
2026-03-14,U135,行銷部,儀表板,1357
2026-02-28,U656,資訊部,儀表板,596
2026-03-01,U842,行銷部,資料匯入,1341
2026-04-27,U460,人資部,儀表板,200
2026-03-21,U465,業務部,儀表板,332
2026-03-30,U768,資訊部,儀表板,1463
2026-03-01,U707,人資部,使用者管理,487
2026-03-01,U464,人資部,資料匯入,1664
2026-05-01,U252,資訊部,報表匯出,627
2026-04-15,U131,行銷部,儀表板,1408
2026-04-06,U809,業務部,資料匯入,205
2026-02-12,U356,人資部,資料匯入,38
2026-02-13,U756,人資部,報表匯出,394
2026-03-20,U832,資訊部,儀表板,506
2026-04-26,U456,資訊部,報表匯出,311
2026-02-03,U461,人資部,使用者管理,512
2026-02-27,U211,業務部,報表匯出,180
2026-03-02,U661,資訊部,系統設定,347
2026-04-30,U573,人資部,資料匯入,1026
2026-02-03,U409,資訊部,資料匯入,1613
2026-04-02,U891,人資部,儀表板,83
2026-04-09,U742,業務部,儀表板,696
2026-02-28,U743,資訊部,資料匯入,843
2026-02-26,U447,行銷部,報表匯出,1682
2026-03-22,U582,人資部,儀表板,430
2026-04-29,U390,行銷部,儀表板,468
2026-02-04,U269,資訊部,儀表板,1727
2026-03-11,U292,業務部,報表匯出,1575
2026-03-30,U181,行銷部,儀表板,407
2026-04-14,U948,行銷部,報表匯出,857
2026-03-15,U215,人資部,資料匯入,1715
2026-02-25,U275,資訊部,資料匯入,996
2026-02-14,U886,行銷部,儀表板,1138
2026-03-19,U490,人資部,資料匯入,736
2026-04-30,U819,業務部,儀表板,117
2026-04-02,U406,業務部,報表匯出,162
2026-02-19,U479,資訊部,資料匯入,1424
2026-03-29,U149,行銷部,系統設定,1516
2026-02-27,U995,業務部,儀表板,762
2026-02-01,U686,資訊部,儀表板,1120
2026-04-08,U173,業務部,儀表板,1025
2026-02-16,U401,人資部,報表匯出,1694
2026-03-09,U555,行銷部,儀表板,906
2026-04-21,U652,行銷部,資料匯入,152
2026-04-20,U457,資訊部,儀表板,170
2026-03-24,U449,業務部,儀表板,692
2026-02-27,U469,業務部,報表匯出,826
2026-02-11,U863,行銷部,系統設定,1029
2026-03-22,U827,資訊部,報表匯出,466
2026-04-22,U883,人資部,儀表板,956
2026-02-15,U816,行銷部,報表匯出,1023
2026-03-01,U935,業務部,儀表板,758
2026-02-19,U752,業務部,儀表板,1610
2026-04-14,U313,行銷部,報表匯出,1390
2026-04-03,U527,資訊部,系統設定,1723
2026-02-05,U832,資訊部,資料匯入,508
2026-04-23,U629,資訊部,資料匯入,849
2026-03-31,U640,行銷部,儀表板,843
2026-02-10,U920,行銷部,儀表板,1723
2026-03-29,U587,業務部,資料匯入,636
2026-02-13,U829,行銷部,報表匯出,332
2026-04-21,U874,人資部,報表匯出,523
2026-03-17,U516,行銷部,資料匯入,145
2026-04-12,U282,業務部,資料匯入,575
2026-02-04,U728,業務部,儀表板,1145
2026-02-24,U256,業務部,儀表板,911
2026-04-01,U392,行銷部,儀表板,234
2026-04-19,U909,行銷部,儀表板,734
2026-02-22,U210,業務部,報表匯出,1504
2026-02-10,U426,人資部,儀表板,1114
2026-04-02,U141,行銷部,資料匯入,1006
2026-02-28,U127,人資部,儀表板,1647
2026-02-13,U857,人資部,報表匯出,988
2026-04-22,U713,資訊部,儀表板,1641
2026-02-24,U271,行銷部,儀表板,1727
2026-04-06,U967,資訊部,資料匯入,30
2026-03-11,U963,業務部,使用者管理,539
2026-04-12,U250,人資部,資料匯入,1608
2026-02-06,U382,人資部,報表匯出,1466
2026-04-29,U867,行銷部,報表匯出,1305
2026-03-26,U542,行銷部,使用者管理,893
2026-02-15,U135,行銷部,報表匯出,1046
2026-02-05,U486,人資部,儀表板,1642
2026-02-22,U373,行銷部,資料匯入,34
2026-02-04,U118,資訊部,報表匯出,732
2026-04-11,U115,業務部,資料匯入,1248
2026-03-21,U898,行銷部,儀表板,1694
2026-04-09,U205,人資部,儀表板,22
2026-02-20,U484,業務部,儀表板,298
2026-02-12,U364,業務部,儀表板,1205
2026-02-03,U108,人資部,儀表板,375
2026-04-07,U210,行銷部,資料匯入,855
2026-02-23,U459,人資部,儀表板,207
2026-04-25,U587,人資部,儀表板,557
2026-03-20,U832,資訊部,報表匯出,1276
2026-02-17,U785,資訊部,儀表板,373
2026-04-15,U170,人資部,報表匯出,587
2026-03-22,U144,資訊部,儀表板,727
2026-04-06,U887,資訊部,儀表板,889
2026-03-29,U360,人資部,報表匯出,16
2026-03-21,U530,資訊部,報表匯出,1216
2026-03-06,U993,行銷部,儀表板,196
2026-03-29,U408,業務部,資料匯入,1313
2026-03-07,U832,業務部,儀表板,190
2026-03-13,U206,業務部,報表匯出,519
2026-02-02,U605,業務部,儀表板,1227
2026-04-13,U160,行銷部,報表匯出,1595
2026-04-04,U851,業務部,儀表板,1777
2026-04-01,U553,業務部,資料匯入,1318
2026-04-04,U775,業務部,儀表板,1462
2026-02-23,U164,人資部,儀表板,177
2026-04-30,U997,行銷部,報表匯出,1500
2026-02-02,U956,資訊部,系統設定,37
2026-04-30,U833,行銷部,報表匯出,1082
2026-03-10,U420,資訊部,資料匯入,939
2026-03-27,U478,資訊部,儀表板,966
2026-03-23,U828,資訊部,資料匯入,1440
2026-02-22,U956,業務部,資料匯入,331
2026-03-29,U100,業務部,資料匯入,1213
2026-02-08,U882,人資部,儀表板,1775
2026-02-19,U799,業務部,報表匯出,782
2026-02-22,U460,人資部,使用者管理,638
2026-03-07,U222,行銷部,資料匯入,299
2026-04-13,U784,業務部,資料匯入,651
2026-02-26,U942,業務部,報表匯出,288
2026-04-27,U677,資訊部,儀表板,723
2026-03-03,U390,業務部,資料匯入,1745
2026-04-10,U104,資訊部,資料匯入,559
2026-03-16,U618,資訊部,報表匯出,152
2026-02-22,U198,行銷部,報表匯出,1418
2026-04-06,U695,業務部,報表匯出,449
2026-04-09,U622,業務部,資料匯入,1726
2026-02-15,U213,人資部,報表匯出,395
2026-04-28,U832,業務部,儀表板,1456
2026-03-08,U479,資訊部,資料匯入,482
2026-04-12,U573,人資部,報表匯出,578
2026-03-13,U637,資訊部,儀表板,335
2026-02-12,U849,行銷部,報表匯出,63
2026-03-01,U646,業務部,儀表板,1455
2026-03-06,U175,業務部,報表匯出,29
2026-03-27,U308,人資部,報表匯出,877
2026-04-03,U796,人資部,報表匯出,143
2026-03-17,U253,資訊部,使用者管理,1468
2026-05-01,U202,資訊部,報表匯出,1327
2026-04-13,U823,業務部,儀表板,1365
2026-03-26,U125,行銷部,報表匯出,794
2026-02-09,U612,資訊部,報表匯出,185
2026-03-14,U840,資訊部,儀表板,1354
2026-03-24,U973,人資部,儀表板,1416
2026-04-21,U858,資訊部,儀表板,1052
2026-02-03,U483,行銷部,報表匯出,409
2026-03-23,U721,人資部,資料匯入,303
2026-04-17,U622,人資部,資料匯入,700
2026-02-19,U498,業務部,儀表板,1797
2026-03-07,U466,資訊部,報表匯出,891
2026-03-30,U255,人資部,資料匯入,804
2026-03-03,U707,行銷部,系統設定,534
2026-03-12,U964,業務部,儀表板,324
2026-02-03,U913,業務部,儀表板,1775
2026-04-06,U125,資訊部,儀表板,984
2026-03-10,U423,資訊部,系統設定,469
2026-04-24,U588,人資部,報表匯出,1445
2026-04-05,U618,資訊部,資料匯入,1565
2026-04-03,U726,人資部,報表匯出,145
2026-02-05,U314,人資部,資料匯入,1434
2026-02-03,U897,業務部,儀表板,903
2026-03-24,U227,行銷部,報表匯出,890
2026-03-06,U364,行銷部,儀表板,462
2026-03-08,U674,業務部,資料匯入,585
2026-03-02,U609,行銷部,儀表板,1652
2026-04-28,U655,人資部,儀表板,431
2026-02-23,U533,行銷部,報表匯出,125
2026-04-02,U738,行銷部,系統設定,1195
2026-04-03,U777,人資部,報表匯出,1487
2026-04-08,U945,業務部,報表匯出,98
2026-04-18,U663,人資部,儀表板,1716
2026-02-05,U393,人資部,報表匯出,1228
2026-04-12,U718,人資部,報表匯出,873
2026-03-24,U210,行銷部,報表匯出,181
2026-02-16,U896,行銷部,儀表板,476
2026-04-20,U149,人資部,報表匯出,1740
2026-03-18,U601,行銷部,報表匯出,944
2026-02-25,U130,業務部,儀表板,1522
2026-02-03,U442,行銷部,儀表板,311
2026-04-26,U724,業務部,使用者管理,1530
2026-02-14,U741,行銷部,儀表板,1594
2026-02-10,U189,人資部,報表匯出,772
2026-03-31,U543,業務部,系統設定,1666
2026-02-07,U835,行銷部,儀表板,485
2026-04-09,U196,行銷部,儀表板,166
2026-03-18,U635,資訊部,儀表板,128
2026-02-15,U517,資訊部,儀表板,1428
2026-03-20,U914,業務部,資料匯入,545
2026-03-03,U862,業務部,儀表板,742
2026-04-20,U221,行銷部,資料匯入,120
2026-03-08,U933,行銷部,儀表板,815
2026-03-30,U803,行銷部,報表匯出,23
2026-04-02,U691,資訊部,報表匯出,1024
2026-03-17,U256,資訊部,儀表板,192
2026-03-22,U263,行銷部,報表匯出,656
2026-04-03,U983,業務部,報表匯出,955
2026-03-13,U775,人資部,儀表板,753
2026-03-05,U472,行銷部,儀表板,18
2026-04-19,U878,資訊部,資料匯入,139
2026-02-05,U352,人資部,系統設定,1586
2026-04-03,U986,人資部,報表匯出,1017
2026-05-01,U432,行銷部,儀表板,923
2026-04-09,U913,業務部,儀表板,797
2026-03-15,U843,資訊部,資料匯入,1215
2026-04-21,U227,行銷部,儀表板,656
2026-03-03,U455,人資部,儀表板,1231
2026-02-28,U882,資訊部,資料匯入,1037
2026-02-11,U576,資訊部,報表匯出,1546
2026-03-21,U686,資訊部,報表匯出,816
2026-02-18,U177,行銷部,儀表板,706
2026-03-18,U833,業務部,報表匯出,825
2026-02-19,U696,業務部,報表匯出,708
2026-04-29,U853,業務部,使用者管理,774
2026-03-08,U927,業務部,報表匯出,1653
2026-02-03,U651,人資部,儀表板,233
2026-04-21,U710,業務部,儀表板,1201
2026-03-30,U689,業務部,儀表板,359
2026-04-07,U439,人資部,儀表板,452
2026-04-08,U498,資訊部,資料匯入,1150
2026-04-03,U750,人資部,儀表板,1706
2026-03-26,U711,行銷部,報表匯出,1539
2026-04-19,U538,業務部,儀表板,1705
2026-03-06,U979,行銷部,儀表板,1015
2026-04-01,U141,業務部,報表匯出,661
2026-03-31,U487,業務部,使用者管理,1672
2026-03-23,U424,行銷部,報表匯出,1662
2026-02-06,U852,業務部,儀表板,1512
2026-02-04,U436,業務部,資料匯入,91
2026-04-20,U817,行銷部,系統設定,45
2026-02-25,U928,行銷部,資料匯入,1670
2026-02-17,U433,業務部,儀表板,1220
2026-02-11,U462,行銷部,儀表板,351
2026-04-11,U628,資訊部,儀表板,762
2026-02-23,U649,人資部,使用者管理,935
2026-02-19,U139,人資部,儀表板,1381
2026-02-01,U826,人資部,使用者管理,700
2026-04-24,U309,人資部,資料匯入,799
2026-03-29,U794,行銷部,儀表板,888
2026-03-24,U488,業務部,報表匯出,855
2026-04-26,U353,業務部,儀表板,1619
2026-04-30,U100,行銷部,使用者管理,750
2026-04-14,U561,行銷部,報表匯出,1757
2026-02-17,U350,資訊部,儀表板,973
2026-04-20,U866,業務部,報表匯出,722
2026-04-18,U788,人資部,資料匯入,311
2026-03-19,U757,業務部,報表匯出,782
2026-04-26,U397,人資部,儀表板,1174
2026-02-20,U601,資訊部,資料匯入,441
2026-04-27,U692,行銷部,儀表板,1612
2026-04-11,U214,資訊部,報表匯出,1543
2026-02-18,U535,行銷部,報表匯出,991
2026-03-09,U237,行銷部,資料匯入,1204
2026-03-22,U534,行銷部,儀表板,723
2026-03-10,U314,業務部,儀表板,961
2026-04-17,U909,行銷部,儀表板,1239
2026-04-08,U686,業務部,儀表板,653
2026-04-12,U122,資訊部,資料匯入,470
2026-02-06,U820,人資部,儀表板,798
2026-03-29,U271,資訊部,報表匯出,1659
2026-04-24,U597,人資部,儀表板,920
2026-03-05,U566,業務部,儀表板,1301
2026-04-11,U332,行銷部,儀表板,1571
2026-02-24,U831,業務部,儀表板,318
2026-04-27,U582,資訊部,系統設定,201
2026-04-11,U472,業務部,使用者管理,1403
2026-02-04,U625,行銷部,使用者管理,270
2026-04-21,U689,資訊部,儀表板,1671
2026-04-07,U115,人資部,報表匯出,700
2026-04-23,U247,業務部,資料匯入,1408
2026-03-16,U604,資訊部,報表匯出,1412
2026-04-08,U603,行銷部,儀表板,1098
2026-04-25,U548,人資部,儀表板,896
2026-04-17,U100,業務部,報表匯出,547
2026-03-05,U152,行銷部,儀表板,1577
2026-04-11,U493,業務部,儀表板,51
2026-03-04,U154,行銷部,儀表板,1461
2026-02-12,U403,人資部,系統設定,1131
2026-02-13,U297,行銷部,儀表板,1108
2026-03-15,U402,人資部,報表匯出,1770
2026-02-22,U316,業務部,資料匯入,961
2026-02-26,U993,資訊部,儀表板,1336
2026-03-17,U376,人資部,資料匯入,1147
2026-02-27,U108,人資部,使用者管理,360
2026-05-01,U844,業務部,報表匯出,701
2026-04-23,U233,人資部,儀表板,1692
2026-04-28,U858,行銷部,系統設定,339
2026-04-02,U721,行銷部,儀表板,352
2026-02-03,U843,人資部,報表匯出,657
2026-02-02,U931,行銷部,使用者管理,786
2026-04-22,U649,業務部,系統設定,1356
2026-02-12,U930,資訊部,使用者管理,109
2026-02-08,U630,人資部,資料匯入,1129
2026-02-05,U460,行銷部,報表匯出,1546
2026-03-30,U463,資訊部,報表匯出,1023
2026-04-06,U659,資訊部,報表匯出,464
2026-04-27,U312,行銷部,儀表板,1008
2026-03-20,U694,業務部,報表匯出,767
2026-02-16,U274,人資部,報表匯出,1529
2026-03-24,U843,資訊部,報表匯出,337
2026-02-14,U567,業務部,儀表板,1326
2026-04-08,U225,資訊部,報表匯出,1108
2026-03-01,U203,業務部,報表匯出,1285
2026-02-24,U944,行銷部,資料匯入,726
2026-02-07,U279,行銷部,報表匯出,104
2026-03-16,U235,業務部,報表匯出,1746
2026-03-06,U596,資訊部,系統設定,1229
2026-04-11,U142,人資部,資料匯入,1726
2026-02-27,U793,人資部,儀表板,701
2026-02-12,U978,資訊部,使用者管理,302
2026-04-10,U672,人資部,資料匯入,944
2026-03-13,U527,資訊部,儀表板,285
2026-04-07,U581,人資部,報表匯出,1443
2026-03-02,U868,業務部,報表匯出,652
2026-02-19,U206,人資部,儀表板,1718
2026-03-23,U671,行銷部,使用者管理,562
2026-03-01,U561,人資部,資料匯入,1665
2026-03-19,U885,業務部,報表匯出,306
2026-02-19,U163,行銷部,資料匯入,1244
2026-03-09,U162,資訊部,儀表板,78
2026-05-01,U294,業務部,儀表板,611
2026-03-23,U773,行銷部,報表匯出,238
2026-03-08,U871,資訊部,報表匯出,940
2026-04-23,U629,行銷部,資料匯入,1218
2026-04-03,U359,資訊部,報表匯出,765
2026-02-16,U226,行銷部,儀表板,177
2026-02-16,U149,資訊部,報表匯出,1564
2026-04-03,U273,行銷部,報表匯出,302
2026-03-14,U975,資訊部,報表匯出,1388
2026-03-23,U795,資訊部,系統設定,698
2026-02-08,U619,業務部,報表匯出,1292
2026-04-30,U106,資訊部,報表匯出,1055
2026-02-22,U769,人資部,資料匯入,1600
2026-02-14,U629,行銷部,儀表板,1000
2026-04-18,U153,行銷部,報表匯出,1471
2026-04-28,U556,業務部,儀表板,1040
2026-02-06,U604,業務部,報表匯出,422
2026-02-25,U176,業務部,資料匯入,870
2026-02-05,U469,人資部,報表匯出,330
2026-03-01,U927,人資部,資料匯入,980
2026-03-11,U722,人資部,資料匯入,429
2026-04-21,U543,行銷部,資料匯入,1533
2026-04-27,U181,行銷部,系統設定,1598
2026-02-03,U112,資訊部,儀表板,793
2026-02-23,U999,資訊部,儀表板,594
2026-03-17,U941,人資部,儀表板,270
2026-03-25,U908,人資部,報表匯出,40
2026-02-20,U320,人資部,儀表板,897
2026-04-02,U347,行銷部,系統設定,1295
2026-02-21,U911,行銷部,儀表板,946
2026-04-22,U704,業務部,報表匯出,308
2026-03-18,U609,人資部,報表匯出,529
2026-05-01,U270,行銷部,儀表板,1476
2026-03-26,U664,人資部,儀表板,569
2026-02-11,U334,人資部,系統設定,352
2026-02-05,U356,行銷部,儀表板,1473
2026-03-31,U948,人資部,儀表板,371
2026-02-27,U645,行銷部,儀表板,990
2026-02-15,U630,資訊部,資料匯入,996
2026-03-31,U122,資訊部,報表匯出,1759
2026-04-05,U812,行銷部,系統設定,152
2026-02-16,U991,行銷部,資料匯入,1554
2026-03-17,U902,行銷部,資料匯入,350
2026-03-31,U376,行銷部,儀表板,770
2026-02-13,U317,行銷部,報表匯出,608
2026-04-22,U576,人資部,儀表板,1312
2026-03-18,U601,資訊部,使用者管理,153
2026-03-18,U886,行銷部,報表匯出,801
2026-03-21,U462,行銷部,報表匯出,250
2026-04-02,U859,人資部,報表匯出,1062
2026-03-05,U446,行銷部,資料匯入,105
2026-04-03,U563,人資部,報表匯出,271
2026-03-15,U536,資訊部,報表匯出,1065
2026-02-18,U344,業務部,報表匯出,309
2026-04-26,U260,人資部,資料匯入,151
2026-04-10,U895,業務部,儀表板,992
2026-04-19,U867,資訊部,報表匯出,587
2026-04-24,U585,行銷部,資料匯入,561
2026-03-28,U104,人資部,儀表板,892
2026-02-04,U354,業務部,報表匯出,1631
2026-02-19,U104,行銷部,資料匯入,134
2026-03-19,U777,行銷部,使用者管理,1686
2026-04-10,U618,人資部,資料匯入,758
2026-04-17,U373,行銷部,報表匯出,59
2026-03-15,U946,業務部,儀表板,1743
2026-04-08,U654,資訊部,使用者管理,1164
2026-04-11,U663,業務部,報表匯出,140
2026-03-28,U606,行銷部,資料匯入,1208
2026-02-10,U114,業務部,報表匯出,711
2026-03-28,U606,行銷部,報表匯出,167
2026-04-26,U495,人資部,報表匯出,67
2026-04-08,U545,資訊部,報表匯出,1521
2026-03-12,U280,資訊部,報表匯出,1705
2026-03-19,U672,資訊部,報表匯出,1041
2026-03-11,U305,人資部,儀表板,861
2026-03-01,U724,資訊部,儀表板,759
2026-03-18,U492,行銷部,儀表板,475
2026-04-24,U339,業務部,報表匯出,982
2026-04-26,U758,行銷部,使用者管理,800
2026-02-08,U595,人資部,儀表板,838
2026-03-08,U572,人資部,報表匯出,787
2026-04-02,U909,行銷部,儀表板,179
2026-03-03,U315,人資部,報表匯出,1437
2026-02-15,U782,資訊部,儀表板,294
2026-03-25,U661,資訊部,報表匯出,65
2026-04-22,U885,行銷部,報表匯出,528
2026-03-17,U344,資訊部,資料匯入,574
2026-02-03,U656,資訊部,系統設定,1144
2026-02-11,U331,人資部,資料匯入,1441
2026-03-28,U361,資訊部,儀表板,42
2026-03-01,U457,業務部,資料匯入,1518
2026-04-05,U240,資訊部,報表匯出,1517
2026-04-16,U408,資訊部,儀表板,356
2026-02-08,U838,業務部,儀表板,463
2026-02-28,U574,行銷部,資料匯入,1494
2026-02-16,U361,資訊部,報表匯出,1719
2026-04-25,U219,業務部,報表匯出,1702
2026-03-20,U247,行銷部,資料匯入,610
2026-04-25,U842,人資部,報表匯出,52
2026-03-01,U299,人資部,儀表板,1695
2026-02-10,U236,資訊部,資料匯入,1259
2026-02-13,U918,人資部,資料匯入,924
2026-03-01,U762,行銷部,儀表板,53
2026-02-10,U682,資訊部,資料匯入,814
2026-03-19,U141,資訊部,報表匯出,1764
2026-02-05,U176,行銷部,報表匯出,1724
2026-03-24,U627,行銷部,儀表板,758
2026-03-06,U417,行銷部,報表匯出,489
2026-03-24,U465,業務部,資料匯入,28
2026-04-16,U453,業務部,儀表板,1301
2026-03-07,U656,人資部,資料匯入,742
2026-03-30,U844,業務部,報表匯出,1041
2026-02-11,U901,業務部,報表匯出,67
2026-04-28,U362,行銷部,儀表板,912
2026-04-14,U985,行銷部,資料匯入,970
2026-03-11,U161,人資部,報表匯出,159
2026-03-14,U608,人資部,儀表板,519
2026-04-19,U455,業務部,系統設定,1134
2026-03-30,U674,資訊部,報表匯出,1228
2026-03-06,U128,資訊部,儀表板,199
2026-03-02,U209,人資部,報表匯出,1094
2026-03-26,U979,行銷部,使用者管理,526
2026-03-21,U848,業務部,報表匯出,685
2026-04-16,U494,行銷部,報表匯出,302
2026-04-27,U684,業務部,資料匯入,1360
2026-03-25,U410,資訊部,報表匯出,22
2026-04-13,U431,資訊部,儀表板,478
2026-03-07,U731,人資部,報表匯出,1065
2026-04-29,U872,業務部,儀表板,1558
2026-02-20,U299,資訊部,儀表板,265
2026-02-17,U373,資訊部,資料匯入,203
2026-04-23,U827,人資部,報表匯出,1317
2026-03-17,U185,資訊部,儀表板,411
2026-02-18,U113,人資部,報表匯出,30
2026-02-28,U567,行銷部,儀表板,1312
2026-02-21,U736,人資部,儀表板,1208
2026-02-16,U388,人資部,報表匯出,873
2026-03-09,U314,資訊部,系統設定,1405
2026-03-02,U580,人資部,儀表板,971
2026-02-12,U807,業務部,儀表板,630
2026-04-02,U238,業務部,儀表板,1003
2026-02-25,U600,資訊部,報表匯出,1308
2026-04-06,U665,行銷部,儀表板,1218
2026-03-15,U303,人資部,報表匯出,757
2026-03-13,U926,資訊部,資料匯入,362
2026-04-04,U324,資訊部,報表匯出,113
2026-04-29,U104,行銷部,儀表板,1662
2026-03-25,U932,資訊部,儀表板,1438
2026-03-03,U976,行銷部,報表匯出,377
2026-04-16,U422,資訊部,報表匯出,1017
2026-02-13,U546,人資部,資料匯入,49
2026-04-02,U330,人資部,報表匯出,1050
2026-03-20,U984,人資部,使用者管理,1749
2026-02-17,U788,行銷部,儀表板,465
2026-02-22,U774,業務部,資料匯入,1024
2026-04-24,U366,業務部,儀表板,188
2026-02-02,U440,人資部,使用者管理,649
2026-04-17,U264,人資部,報表匯出,1628
2026-04-09,U612,人資部,儀表板,514
2026-03-20,U814,業務部,報表匯出,941
2026-03-27,U861,行銷部,使用者管理,219
2026-03-09,U974,人資部,儀表板,108
2026-03-08,U735,資訊部,報表匯出,621
2026-03-19,U363,業務部,儀表板,871
2026-03-03,U249,人資部,儀表板,170
2026-02-22,U910,業務部,資料匯入,44
2026-04-26,U697,資訊部,儀表板,827
2026-03-31,U153,資訊部,報表匯出,1154
2026-04-12,U978,人資部,資料匯入,454
2026-04-26,U801,行銷部,報表匯出,413
2026-04-10,U247,業務部,儀表板,167
2026-03-09,U402,資訊部,儀表板,510
2026-04-01,U197,人資部,報表匯出,1273
2026-05-01,U632,人資部,儀表板,487
2026-02-15,U222,資訊部,資料匯入,222
2026-04-22,U435,業務部,報表匯出,672
2026-03-15,U792,行銷部,儀表板,188
2026-02-17,U526,人資部,報表匯出,1180
2026-04-14,U782,資訊部,儀表板,1146
2026-03-20,U371,資訊部,資料匯入,366
2026-03-10,U142,資訊部,報表匯出,1149
2026-03-04,U639,人資部,報表匯出,1398
2026-04-12,U164,人資部,報表匯出,30
2026-02-17,U559,業務部,儀表板,1762
2026-03-06,U615,業務部,報表匯出,1757
2026-02-23,U104,資訊部,報表匯出,808
2026-05-01,U881,業務部,系統設定,1069
2026-04-29,U340,業務部,系統設定,499
2026-03-15,U270,人資部,資料匯入,308
2026-02-11,U175,業務部,儀表板,1112
2026-03-21,U621,行銷部,報表匯出,1280
2026-04-29,U936,行銷部,儀表板,977
2026-04-20,U302,人資部,使用者管理,289
2026-03-06,U248,資訊部,儀表板,1469
2026-04-09,U316,行銷部,儀表板,1422
2026-02-15,U790,業務部,報表匯出,1731
2026-03-22,U682,資訊部,資料匯入,1668
2026-02-28,U546,行銷部,儀表板,1353
2026-03-07,U969,行銷部,資料匯入,1443
2026-03-31,U153,資訊部,儀表板,457
2026-02-05,U543,行銷部,報表匯出,1527
2026-03-10,U492,人資部,儀表板,803
2026-03-24,U317,行銷部,報表匯出,1510
2026-03-27,U819,行銷部,系統設定,612
2026-03-25,U670,資訊部,儀表板,78
2026-03-05,U377,行銷部,使用者管理,129
2026-02-15,U867,行銷部,儀表板,968
2026-03-05,U838,資訊部,資料匯入,1477
2026-03-19,U824,人資部,報表匯出,167
2026-04-10,U965,業務部,使用者管理,1785
2026-04-07,U986,業務部,使用者管理,1159
2026-02-19,U847,行銷部,資料匯入,1032
2026-04-20,U846,資訊部,使用者管理,1151
2026-02-25,U153,資訊部,儀表板,1615
2026-03-26,U312,人資部,報表匯出,692
2026-03-27,U677,資訊部,報表匯出,1000
2026-02-12,U427,業務部,報表匯出,382
2026-03-01,U722,人資部,系統設定,727
2026-02-21,U611,人資部,報表匯出,948
2026-02-03,U662,資訊部,資料匯入,1392
2026-02-01,U522,人資部,資料匯入,158
2026-02-05,U315,行銷部,報表匯出,1237
2026-02-15,U472,資訊部,資料匯入,1023
2026-02-28,U845,行銷部,資料匯入,276
2026-03-04,U777,資訊部,報表匯出,1576
2026-02-08,U405,業務部,報表匯出,1313
2026-03-29,U723,資訊部,報表匯出,1218
2026-02-16,U827,人資部,報表匯出,153
2026-02-04,U300,行銷部,儀表板,1501
2026-03-26,U642,業務部,報表匯出,954
2026-02-20,U301,資訊部,系統設定,1158
2026-02-15,U319,人資部,報表匯出,1035
2026-03-24,U955,資訊部,儀表板,1170
2026-04-02,U646,行銷部,儀表板,1002
2026-02-28,U779,資訊部,報表匯出,605
2026-04-06,U552,行銷部,儀表板,104
2026-04-30,U221,人資部,報表匯出,1419
2026-04-16,U268,資訊部,資料匯入,39
2026-02-02,U572,業務部,資料匯入,634
2026-03-24,U737,業務部,儀表板,1175
2026-02-20,U938,行銷部,儀表板,185
2026-02-14,U554,業務部,儀表板,1595
2026-03-09,U783,業務部,儀表板,1650
2026-02-22,U140,人資部,使用者管理,79
2026-03-23,U981,業務部,報表匯出,1467
2026-02-01,U614,資訊部,報表匯出,140
2026-04-16,U431,資訊部,資料匯入,10
2026-03-15,U559,人資部,儀表板,1680
2026-02-14,U881,業務部,資料匯入,1287
2026-03-09,U876,業務部,使用者管理,720
2026-03-22,U770,業務部,資料匯入,1632
2026-02-01,U133,業務部,儀表板,40
2026-03-12,U130,人資部,資料匯入,1298
2026-02-17,U660,資訊部,系統設定,1337
2026-02-01,U440,行銷部,儀表板,873
2026-03-29,U746,業務部,資料匯入,224
2026-02-27,U518,人資部,資料匯入,1105
2026-02-20,U486,行銷部,報表匯出,1195
2026-02-14,U740,人資部,儀表板,1687
2026-04-21,U279,人資部,儀表板,784
2026-04-24,U171,行銷部,儀表板,122
2026-02-03,U353,人資部,報表匯出,1694
2026-02-10,U311,人資部,報表匯出,1181
2026-03-01,U431,資訊部,資料匯入,553
2026-03-13,U129,人資部,儀表板,487
2026-03-14,U864,資訊部,儀表板,357
2026-03-23,U651,業務部,報表匯出,257
2026-04-18,U986,資訊部,報表匯出,1574
2026-03-25,U354,人資部,使用者管理,237
2026-04-21,U480,資訊部,報表匯出,1402
2026-03-19,U282,資訊部,報表匯出,45
2026-02-28,U110,業務部,報表匯出,1596
2026-03-15,U171,行銷部,儀表板,1758
2026-04-22,U515,人資部,資料匯入,35
2026-04-03,U116,業務部,報表匯出,709
2026-02-22,U301,業務部,系統設定,1567
2026-02-15,U450,業務部,儀表板,670
2026-02-19,U110,資訊部,儀表板,756
2026-03-06,U954,資訊部,儀表板,1136
2026-02-27,U610,資訊部,報表匯出,1449
2026-03-03,U443,行銷部,資料匯入,1237
2026-03-07,U790,業務部,報表匯出,1611
2026-02-12,U163,資訊部,報表匯出,1029
2026-04-16,U848,業務部,報表匯出,1026
2026-02-07,U755,行銷部,報表匯出,898
2026-02-09,U537,資訊部,儀表板,640
2026-02-24,U795,人資部,報表匯出,1022
2026-03-12,U696,業務部,儀表板,156
2026-04-19,U145,業務部,儀表板,1401
2026-04-21,U898,資訊部,資料匯入,1704
2026-04-24,U564,行銷部,報表匯出,1149
2026-02-15,U540,業務部,報表匯出,377
2026-02-03,U379,資訊部,儀表板,1408
2026-04-20,U176,人資部,儀表板,388
2026-03-18,U216,業務部,儀表板,114
2026-03-14,U942,業務部,報表匯出,1057
2026-04-27,U828,行銷部,使用者管理,1750
2026-04-08,U439,業務部,儀表板,486
2026-04-04,U988,業務部,儀表板,294
2026-03-17,U656,資訊部,報表匯出,265
2026-03-14,U784,行銷部,報表匯出,644
2026-02-27,U347,行銷部,報表匯出,209
2026-03-20,U313,業務部,儀表板,911
2026-02-25,U953,行銷部,儀表板,426
2026-04-23,U899,資訊部,報表匯出,805
2026-04-06,U422,業務部,儀表板,1202
2026-03-28,U910,人資部,儀表板,1629
2026-04-29,U746,人資部,報表匯出,1713
2026-03-29,U367,人資部,報表匯出,451
2026-04-14,U741,人資部,資料匯入,1135
2026-04-06,U957,行銷部,報表匯出,1672
2026-02-24,U901,行銷部,儀表板,473
2026-04-22,U938,資訊部,資料匯入,1187
2026-04-03,U768,業務部,報表匯出,492
2026-03-25,U734,資訊部,資料匯入,1347
2026-02-15,U157,資訊部,報表匯出,368
2026-04-22,U252,資訊部,儀表板,109
2026-03-25,U207,行銷部,儀表板,1436
2026-04-06,U718,行銷部,儀表板,1635
2026-04-14,U701,行銷部,儀表板,873
2026-03-17,U644,資訊部,資料匯入,420
2026-02-16,U667,資訊部,報表匯出,1764
2026-02-08,U562,行銷部,儀表板,13
2026-02-19,U172,行銷部,儀表板,467
2026-03-09,U576,業務部,資料匯入,632
2026-02-27,U979,資訊部,儀表板,1728
2026-03-28,U391,資訊部,儀表板,731
2026-02-05,U207,行銷部,報表匯出,597
2026-02-27,U718,行銷部,資料匯入,1165
2026-03-19,U395,人資部,資料匯入,1160
2026-04-29,U172,資訊部,使用者管理,97
2026-02-11,U297,人資部,資料匯入,869
2026-03-31,U798,資訊部,資料匯入,490
2026-04-18,U380,人資部,儀表板,361
2026-03-19,U471,人資部,報表匯出,1507
2026-02-13,U235,資訊部,儀表板,139
2026-03-19,U337,人資部,儀表板,434
2026-02-16,U422,人資部,儀表板,1497
2026-03-31,U271,人資部,資料匯入,1466
2026-04-23,U553,資訊部,報表匯出,1326
2026-03-19,U284,人資部,使用者管理,1586
2026-02-27,U279,業務部,報表匯出,1148
2026-02-08,U588,人資部,報表匯出,1421
2026-04-29,U689,行銷部,資料匯入,374
2026-04-14,U792,業務部,報表匯出,756
2026-04-02,U810,業務部,儀表板,611
2026-04-10,U402,業務部,報表匯出,199
2026-03-06,U367,行銷部,儀表板,1507
2026-04-09,U552,業務部,資料匯入,1236
2026-02-21,U603,資訊部,儀表板,251
2026-02-04,U326,業務部,報表匯出,432
2026-04-03,U487,資訊部,報表匯出,1430
2026-02-27,U758,資訊部,儀表板,896
2026-03-08,U231,資訊部,儀表板,1683
2026-03-18,U822,資訊部,儀表板,391
2026-02-21,U444,人資部,報表匯出,918
2026-03-10,U138,行銷部,儀表板,1095
2026-04-30,U490,人資部,資料匯入,1701
2026-03-09,U925,資訊部,報表匯出,223
2026-03-21,U137,業務部,報表匯出,1089
2026-03-31,U449,資訊部,報表匯出,1084
2026-04-07,U775,業務部,資料匯入,1572
2026-02-12,U604,人資部,報表匯出,243
2026-04-27,U263,人資部,資料匯入,37
2026-04-23,U554,業務部,儀表板,1114
2026-03-01,U671,人資部,資料匯入,1632
2026-02-17,U835,業務部,儀表板,391
2026-03-08,U133,行銷部,報表匯出,1111
2026-02-18,U327,業務部,儀表板,816
2026-02-28,U779,行銷部,儀表板,1426
2026-03-28,U563,業務部,報表匯出,1419
2026-04-18,U277,行銷部,儀表板,1306
2026-03-30,U433,人資部,報表匯出,482
2026-02-05,U792,業務部,資料匯入,1736
2026-04-18,U392,資訊部,儀表板,1465
2026-03-13,U929,業務部,資料匯入,797
2026-02-20,U871,行銷部,系統設定,1157
2026-04-26,U625,業務部,儀表板,667
2026-03-13,U504,行銷部,資料匯入,1080
2026-02-02,U408,業務部,儀表板,1267
2026-02-18,U746,業務部,報表匯出,498
2026-03-26,U169,行銷部,儀表板,397
2026-03-06,U812,資訊部,資料匯入,1248
2026-03-29,U322,行銷部,報表匯出,1015
2026-02-25,U466,業務部,報表匯出,1407
2026-03-10,U188,行銷部,報表匯出,1210
2026-04-30,U311,人資部,儀表板,1267
2026-02-08,U447,人資部,儀表板,481
2026-03-05,U885,人資部,資料匯入,829
2026-03-16,U112,資訊部,資料匯入,827
2026-02-10,U252,人資部,資料匯入,122
2026-02-04,U154,行銷部,使用者管理,66
2026-03-03,U157,資訊部,報表匯出,507
2026-04-10,U537,業務部,報表匯出,1764
2026-03-19,U442,資訊部,儀表板,613
2026-02-05,U924,人資部,儀表板,589
2026-02-10,U518,人資部,報表匯出,576
2026-03-21,U647,人資部,資料匯入,522
2026-03-21,U823,資訊部,報表匯出,1636
2026-02-20,U874,業務部,報表匯出,15
2026-02-11,U748,行銷部,資料匯入,1110
2026-03-16,U939,資訊部,儀表板,888
2026-03-15,U923,人資部,儀表板,257
2026-03-12,U102,行銷部,使用者管理,1128
2026-03-18,U738,資訊部,儀表板,553
2026-02-05,U276,人資部,報表匯出,1203
2026-04-25,U457,資訊部,報表匯出,393
2026-02-24,U886,業務部,報表匯出,1323
2026-03-01,U109,資訊部,報表匯出,1489
2026-03-20,U923,業務部,報表匯出,350
2026-03-02,U941,行銷部,儀表板,644
2026-04-06,U589,業務部,資料匯入,1122
2026-04-04,U327,行銷部,報表匯出,498
2026-02-25,U192,業務部,資料匯入,462
2026-03-24,U670,資訊部,報表匯出,757
2026-03-26,U952,業務部,儀表板,43
2026-02-15,U925,業務部,報表匯出,202
2026-03-28,U943,行銷部,儀表板,453
2026-03-08,U786,人資部,使用者管理,937
2026-04-12,U446,資訊部,報表匯出,1270
2026-03-13,U597,人資部,資料匯入,826
2026-03-16,U607,人資部,資料匯入,806
2026-03-03,U671,行銷部,報表匯出,45
2026-03-24,U806,行銷部,報表匯出,1040
2026-04-08,U785,行銷部,儀表板,1344
2026-04-26,U877,行銷部,儀表板,1266
2026-05-01,U137,資訊部,資料匯入,110
2026-03-25,U726,人資部,儀表板,38
2026-03-04,U490,資訊部,使用者管理,811
2026-04-22,U280,業務部,報表匯出,764
2026-04-14,U370,業務部,報表匯出,1770
2026-04-14,U473,行銷部,儀表板,1437
2026-02-06,U273,業務部,資料匯入,14
2026-03-03,U825,業務部,資料匯入,242
2026-03-18,U746,行銷部,資料匯入,1585
2026-04-23,U839,資訊部,報表匯出,933
2026-02-24,U778,行銷部,資料匯入,1249
2026-02-18,U685,業務部,報表匯出,1084
2026-03-18,U808,資訊部,儀表板,834
2026-03-04,U778,行銷部,系統設定,789
2026-03-11,U922,行銷部,儀表板,1296
2026-03-09,U941,業務部,報表匯出,307
2026-03-06,U676,行銷部,儀表板,541
2026-02-27,U116,人資部,儀表板,806
2026-04-13,U279,人資部,報表匯出,76
2026-02-27,U141,業務部,儀表板,822
2026-03-23,U718,人資部,儀表板,906
2026-04-16,U985,人資部,儀表板,197
2026-02-28,U767,業務部,儀表板,808
2026-04-07,U219,業務部,儀表板,185
2026-02-08,U608,行銷部,資料匯入,345
2026-04-13,U332,行銷部,報表匯出,613
2026-03-26,U981,行銷部,儀表板,1277
2026-02-03,U164,人資部,資料匯入,807
2026-02-19,U320,人資部,資料匯入,1471
2026-02-11,U202,資訊部,報表匯出,1087
2026-02-12,U440,行銷部,報表匯出,552
2026-02-02,U452,人資部,報表匯出,1246
2026-02-20,U611,業務部,儀表板,1768
2026-04-20,U706,行銷部,儀表板,1486
2026-02-02,U886,行銷部,報表匯出,838
2026-02-07,U323,人資部,報表匯出,919
2026-02-06,U155,人資部,資料匯入,1440
2026-03-26,U585,業務部,報表匯出,1770
2026-02-03,U974,人資部,報表匯出,1780
2026-03-26,U748,行銷部,儀表板,1136
2026-02-01,U647,業務部,報表匯出,1574
2026-03-19,U527,人資部,儀表板,14
2026-04-16,U491,業務部,儀表板,803
2026-03-13,U458,業務部,報表匯出,1704
2026-03-03,U100,行銷部,系統設定,1358
2026-04-18,U480,行銷部,儀表板,263
2026-03-29,U409,人資部,報表匯出,497
2026-02-19,U116,人資部,儀表板,646
2026-02-12,U709,業務部,報表匯出,1380
2026-04-06,U376,業務部,系統設定,1118
2026-03-03,U377,資訊部,儀表板,1641
2026-04-27,U168,行銷部,報表匯出,837
2026-02-05,U250,業務部,報表匯出,1258
2026-04-02,U967,資訊部,系統設定,1081
2026-04-17,U499,業務部,報表匯出,1724
2026-03-01,U830,業務部,報表匯出,1436
2026-02-05,U557,行銷部,儀表板,579
2026-04-18,U188,業務部,資料匯入,1026
2026-04-25,U166,資訊部,系統設定,915
2026-02-09,U252,人資部,系統設定,311
2026-03-14,U244,人資部,儀表板,871
2026-02-15,U575,業務部,資料匯入,223
2026-04-19,U612,人資部,儀表板,1394
2026-03-01,U556,人資部,儀表板,1047
2026-02-16,U943,業務部,使用者管理,398
2026-04-27,U360,行銷部,報表匯出,1457
2026-02-19,U890,行銷部,報表匯出,1615
2026-04-15,U706,人資部,使用者管理,486
2026-04-14,U582,資訊部,報表匯出,1248
2026-04-10,U933,資訊部,資料匯入,318
2026-04-08,U642,資訊部,儀表板,999
2026-04-11,U873,業務部,儀表板,439
2026-03-17,U207,資訊部,報表匯出,1672
2026-02-14,U844,人資部,儀表板,1556
2026-03-13,U505,人資部,使用者管理,1360
2026-02-18,U496,行銷部,儀表板,1702
2026-03-08,U468,人資部,資料匯入,524
2026-04-07,U496,行銷部,報表匯出,762
2026-03-21,U743,資訊部,使用者管理,896
2026-04-05,U564,人資部,報表匯出,832
2026-02-25,U235,行銷部,儀表板,66
2026-02-09,U677,業務部,儀表板,820
2026-03-10,U696,行銷部,資料匯入,356
2026-02-28,U557,資訊部,資料匯入,1092
2026-04-27,U372,行銷部,儀表板,1762
2026-03-02,U134,行銷部,儀表板,1474
2026-02-17,U154,人資部,報表匯出,1049
2026-02-20,U227,資訊部,資料匯入,1532
2026-03-09,U822,業務部,儀表板,133
2026-03-31,U762,人資部,報表匯出,1039
2026-02-03,U746,業務部,報表匯出,551
2026-03-17,U242,資訊部,儀表板,1064
2026-02-22,U804,業務部,報表匯出,773
2026-03-14,U996,資訊部,系統設定,936
2026-03-29,U287,人資部,系統設定,654
2026-04-19,U930,人資部,報表匯出,423
2026-03-29,U762,行銷部,報表匯出,63
2026-04-13,U565,人資部,資料匯入,1107
2026-03-02,U209,人資部,資料匯入,393
2026-04-07,U816,行銷部,報表匯出,273
2026-04-15,U968,資訊部,資料匯入,180
2026-03-09,U994,業務部,儀表板,1771
2026-04-28,U200,資訊部,儀表板,529
2026-04-08,U587,資訊部,資料匯入,1598
2026-03-10,U373,人資部,報表匯出,50
2026-03-19,U745,資訊部,儀表板,1363
2026-03-24,U805,行銷部,儀表板,1646
2026-02-17,U126,人資部,報表匯出,1584
2026-03-06,U912,業務部,儀表板,811
2026-04-06,U156,人資部,報表匯出,342
2026-03-02,U169,業務部,儀表板,1573
2026-04-04,U291,業務部,儀表板,1204
2026-04-12,U267,資訊部,儀表板,651
2026-03-28,U617,行銷部,儀表板,300
2026-04-07,U525,資訊部,儀表板,143
2026-03-24,U411,人資部,資料匯入,97
2026-02-20,U661,人資部,儀表板,694
2026-04-06,U541,資訊部,報表匯出,1595
2026-04-13,U333,資訊部,資料匯入,166
2026-04-16,U494,資訊部,報表匯出,503
2026-04-27,U178,業務部,儀表板,561
2026-03-25,U433,行銷部,報表匯出,1498
2026-04-24,U620,資訊部,報表匯出,1642
2026-04-20,U716,行銷部,儀表板,1343
2026-02-16,U178,業務部,資料匯入,1013
2026-03-26,U121,行銷部,資料匯入,572
2026-03-05,U410,行銷部,資料匯入,462
2026-03-29,U755,行銷部,儀表板,490
2026-04-03,U823,資訊部,資料匯入,189
2026-02-12,U225,資訊部,使用者管理,467
2026-04-20,U108,人資部,報表匯出,1667
2026-03-22,U453,人資部,儀表板,680
2026-04-29,U922,人資部,儀表板,603
2026-04-19,U637,資訊部,儀表板,828
2026-02-26,U704,人資部,資料匯入,971
2026-04-02,U551,人資部,報表匯出,1621
2026-03-28,U545,業務部,儀表板,1535
2026-03-17,U642,人資部,儀表板,505
2026-04-23,U807,業務部,系統設定,1685
2026-02-08,U223,行銷部,系統設定,896
2026-03-12,U251,資訊部,儀表板,1270
2026-02-10,U680,資訊部,儀表板,181
2026-02-17,U605,人資部,儀表板,1099
2026-02-04,U383,資訊部,儀表板,1149
2026-04-15,U739,資訊部,資料匯入,1474
2026-03-04,U969,業務部,報表匯出,950
2026-04-05,U209,業務部,儀表板,520
2026-03-04,U581,資訊部,儀表板,438
2026-03-17,U777,行銷部,儀表板,1477
2026-04-25,U180,業務部,報表匯出,1481
2026-04-23,U848,人資部,儀表板,1004
2026-03-03,U163,行銷部,報表匯出,1196
2026-04-27,U421,行銷部,儀表板,928
2026-04-21,U722,行銷部,報表匯出,841
2026-05-01,U269,業務部,儀表板,117
2026-03-02,U731,行銷部,報表匯出,456
2026-04-23,U473,業務部,儀表板,1549
2026-04-18,U489,人資部,報表匯出,1734
2026-04-28,U331,行銷部,儀表板,376
2026-04-14,U252,行銷部,報表匯出,638
2026-03-26,U550,資訊部,系統設定,698
2026-02-07,U870,業務部,系統設定,1624
2026-02-27,U991,人資部,儀表板,865
2026-03-23,U562,資訊部,儀表板,1572
2026-04-19,U960,資訊部,儀表板,1756
2026-02-17,U723,業務部,儀表板,491
2026-03-29,U331,業務部,資料匯入,1661
2026-03-21,U796,業務部,儀表板,1149
2026-04-27,U368,行銷部,儀表板,11
2026-03-12,U256,人資部,儀表板,78
2026-03-20,U446,行銷部,報表匯出,1483
2026-03-01,U644,業務部,儀表板,987
2026-03-05,U895,業務部,儀表板,65
2026-04-03,U127,業務部,儀表板,460
2026-05-01,U540,人資部,儀表板,801
2026-04-09,U508,業務部,儀表板,931
2026-04-29,U456,業務部,使用者管理,860
2026-04-26,U688,資訊部,報表匯出,733
2026-04-06,U415,資訊部,資料匯入,1274
2026-02-17,U798,行銷部,儀表板,171
2026-02-14,U376,行銷部,儀表板,894
2026-03-01,U861,行銷部,儀表板,1145
2026-04-13,U220,資訊部,使用者管理,1798
2026-03-19,U508,行銷部,報表匯出,1010
2026-03-31,U865,資訊部,報表匯出,1292
2026-04-16,U893,行銷部,報表匯出,737
2026-03-22,U672,業務部,報表匯出,1087
2026-04-26,U878,業務部,資料匯入,280
2026-03-04,U494,資訊部,報表匯出,1532
2026-02-20,U768,資訊部,報表匯出,704
2026-04-03,U471,資訊部,報表匯出,823
2026-02-10,U287,業務部,儀表板,1295
2026-04-17,U932,人資部,儀表板,1535
2026-03-03,U648,業務部,報表匯出,1517
2026-04-21,U879,行銷部,報表匯出,850
2026-03-18,U631,資訊部,資料匯入,421
2026-04-19,U602,業務部,資料匯入,138
2026-03-18,U681,業務部,系統設定,1092
2026-02-14,U382,人資部,儀表板,1760
2026-02-15,U549,業務部,儀表板,857
2026-03-07,U504,業務部,報表匯出,445
2026-03-16,U428,資訊部,報表匯出,134
2026-03-28,U551,人資部,儀表板,1402
2026-02-09,U638,業務部,資料匯入,1259
2026-03-01,U991,業務部,儀表板,1148
2026-02-24,U829,行銷部,儀表板,1282
2026-03-24,U326,人資部,儀表板,956
2026-03-23,U393,資訊部,儀表板,1235
2026-03-05,U511,行銷部,報表匯出,281
2026-02-06,U783,業務部,儀表板,675
2026-04-05,U631,人資部,儀表板,167
2026-03-13,U857,業務部,儀表板,1354
2026-03-01,U633,資訊部,儀表板,775
2026-02-24,U177,人資部,報表匯出,482
2026-03-02,U152,業務部,儀表板,195
2026-02-20,U288,人資部,資料匯入,1553
2026-04-08,U500,行銷部,儀表板,1204
2026-03-13,U926,人資部,儀表板,1284
2026-04-14,U866,資訊部,資料匯入,788
2026-04-20,U834,資訊部,報表匯出,89
2026-04-24,U601,行銷部,儀表板,1707
2026-04-13,U817,人資部,儀表板,820
2026-04-21,U602,業務部,儀表板,783
2026-02-27,U351,資訊部,資料匯入,1415
2026-02-02,U732,業務部,報表匯出,1628
2026-03-11,U269,行銷部,儀表板,655
2026-03-16,U678,資訊部,報表匯出,443
2026-03-07,U880,資訊部,報表匯出,1733
2026-02-01,U912,資訊部,儀表板,1751
2026-03-13,U781,人資部,儀表板,1709
2026-04-13,U423,人資部,系統設定,503
2026-03-31,U804,人資部,報表匯出,687
2026-02-10,U941,資訊部,報表匯出,1240
2026-03-04,U244,業務部,報表匯出,377
2026-02-25,U316,人資部,資料匯入,579
2026-04-13,U806,資訊部,報表匯出,1387
2026-04-16,U148,業務部,使用者管理,314
2026-04-23,U939,業務部,儀表板,1046
2026-02-03,U577,業務部,儀表板,563
2026-04-06,U537,行銷部,儀表板,281
2026-03-07,U470,業務部,報表匯出,1004
2026-04-25,U839,人資部,儀表板,1745
2026-04-27,U315,資訊部,報表匯出,233
2026-03-09,U908,人資部,報表匯出,191
2026-04-15,U647,資訊部,資料匯入,84
2026-02-14,U514,行銷部,儀表板,1740
2026-03-07,U440,業務部,使用者管理,746
2026-04-23,U934,行銷部,報表匯出,306
2026-04-13,U424,業務部,儀表板,167
2026-04-02,U427,資訊部,儀表板,382
2026-03-02,U863,資訊部,報表匯出,1667
2026-03-14,U374,業務部,儀表板,1332
2026-03-05,U117,資訊部,報表匯出,1022
2026-03-17,U107,業務部,儀表板,1668
2026-02-19,U944,行銷部,系統設定,945
2026-03-21,U956,業務部,報表匯出,1514
2026-02-09,U774,行銷部,資料匯入,1195
2026-02-19,U510,業務部,報表匯出,1575
2026-04-17,U901,業務部,儀表板,1733
2026-04-12,U799,資訊部,儀表板,329
2026-04-21,U670,資訊部,資料匯入,563
2026-04-04,U704,業務部,使用者管理,19
2026-03-21,U834,業務部,系統設定,1510
2026-04-10,U529,業務部,儀表板,1681
2026-02-05,U602,業務部,報表匯出,321
2026-02-25,U387,業務部,報表匯出,318
2026-03-11,U589,資訊部,報表匯出,520
2026-04-04,U690,業務部,儀表板,1775
2026-04-09,U220,業務部,儀表板,304
2026-03-04,U549,資訊部,資料匯入,948
2026-03-27,U436,行銷部,資料匯入,616
2026-03-26,U255,業務部,儀表板,544
2026-03-22,U745,人資部,報表匯出,1628
2026-03-30,U124,人資部,報表匯出,1353
2026-04-12,U178,人資部,報表匯出,73
2026-03-22,U491,人資部,報表匯出,438
2026-04-20,U988,業務部,報表匯出,181
2026-03-18,U794,行銷部,系統設定,1620
2026-04-08,U152,資訊部,儀表板,943
2026-02-12,U969,資訊部,儀表板,970
2026-04-01,U828,行銷部,報表匯出,1395
2026-02-20,U509,資訊部,儀表板,1308
2026-04-05,U180,行銷部,報表匯出,610
2026-03-16,U394,人資部,儀表板,1224
2026-03-03,U819,資訊部,儀表板,1618
2026-03-15,U825,人資部,資料匯入,707
2026-02-19,U390,資訊部,報表匯出,384
2026-03-28,U692,資訊部,儀表板,232
2026-04-19,U410,人資部,報表匯出,1294
2026-03-17,U657,行銷部,報表匯出,604
2026-02-19,U440,人資部,報表匯出,1575
2026-03-19,U628,行銷部,儀表板,1331
2026-04-16,U143,業務部,系統設定,441
2026-03-22,U366,人資部,儀表板,1326
2026-02-19,U943,人資部,系統設定,1284
2026-02-04,U396,行銷部,儀表板,1352
2026-02-18,U196,人資部,儀表板,897
2026-02-03,U755,資訊部,資料匯入,1790
2026-02-03,U731,資訊部,資料匯入,808
2026-04-28,U214,資訊部,資料匯入,198
2026-04-26,U351,人資部,儀表板,631
2026-04-20,U844,行銷部,報表匯出,1579
2026-03-18,U211,人資部,使用者管理,884
2026-02-10,U392,業務部,系統設定,1027
2026-02-01,U840,人資部,報表匯出,921
2026-03-29,U882,業務部,資料匯入,1299
2026-02-11,U635,資訊部,報表匯出,1021
2026-02-25,U927,人資部,資料匯入,178
2026-03-30,U598,人資部,資料匯入,1720
2026-04-10,U235,人資部,報表匯出,1735
2026-02-03,U515,人資部,儀表板,1707
2026-03-08,U966,業務部,資料匯入,460
2026-04-06,U102,資訊部,資料匯入,599
2026-02-08,U443,行銷部,儀表板,807
2026-03-19,U378,行銷部,資料匯入,1684
2026-03-28,U870,業務部,儀表板,427
2026-04-23,U929,資訊部,儀表板,1148
2026-03-02,U573,人資部,儀表板,1375
2026-04-06,U629,行銷部,報表匯出,975
2026-02-26,U806,業務部,資料匯入,1483
2026-04-03,U767,資訊部,儀表板,1527
2026-03-27,U244,業務部,儀表板,355
2026-02-03,U433,業務部,資料匯入,447
2026-02-22,U983,行銷部,資料匯入,1100
2026-03-05,U451,人資部,報表匯出,729
2026-02-03,U373,人資部,報表匯出,196
2026-03-30,U480,業務部,資料匯入,304
2026-04-30,U950,人資部,儀表板,555
2026-02-02,U740,人資部,儀表板,406
2026-03-09,U603,業務部,資料匯入,513
2026-02-02,U108,行銷部,儀表板,917
2026-04-23,U730,資訊部,儀表板,886
2026-03-14,U459,業務部,資料匯入,728
2026-02-05,U600,資訊部,儀表板,223
2026-02-12,U550,業務部,儀表板,1062
2026-02-08,U332,人資部,報表匯出,626
2026-03-19,U692,業務部,儀表板,462
2026-04-07,U403,業務部,資料匯入,414
2026-04-19,U370,業務部,報表匯出,545
2026-04-15,U835,行銷部,報表匯出,1379
2026-02-19,U518,資訊部,報表匯出,1059
2026-04-20,U580,業務部,儀表板,460
2026-03-21,U957,業務部,儀表板,389
2026-04-30,U834,行銷部,儀表板,46
2026-04-14,U467,行銷部,報表匯出,1497
2026-02-16,U640,業務部,資料匯入,831
2026-03-05,U305,人資部,儀表板,269
2026-03-12,U848,業務部,儀表板,129
2026-03-09,U254,人資部,儀表板,1091
2026-02-26,U220,業務部,報表匯出,47
2026-02-16,U605,行銷部,報表匯出,1113
2026-02-20,U369,資訊部,儀表板,354
2026-04-23,U136,人資部,儀表板,829
2026-03-31,U808,業務部,報表匯出,1145
2026-04-23,U391,資訊部,報表匯出,890
2026-02-16,U939,行銷部,儀表板,678
2026-04-24,U601,行銷部,資料匯入,166
2026-03-02,U708,資訊部,資料匯入,25
2026-02-13,U647,資訊部,儀表板,1690
2026-03-22,U332,資訊部,儀表板,70
2026-05-01,U802,行銷部,報表匯出,1074
2026-03-19,U287,資訊部,報表匯出,1221
2026-03-01,U599,行銷部,儀表板,1009
2026-03-09,U989,行銷部,儀表板,87
2026-02-09,U503,業務部,使用者管理,709
2026-02-23,U217,業務部,報表匯出,1615
2026-02-26,U877,行銷部,報表匯出,667
2026-02-06,U162,業務部,儀表板,1232
2026-02-06,U664,業務部,儀表板,468
2026-03-04,U900,行銷部,儀表板,1060
2026-02-14,U424,業務部,報表匯出,558
2026-04-05,U890,人資部,資料匯入,941
2026-04-08,U418,資訊部,儀表板,297
2026-04-03,U825,資訊部,儀表板,1442
2026-02-22,U171,業務部,儀表板,366
2026-03-27,U782,資訊部,資料匯入,95
2026-03-30,U604,人資部,報表匯出,119
2026-04-07,U814,業務部,報表匯出,845
2026-04-07,U525,業務部,報表匯出,1025
2026-04-02,U882,人資部,儀表板,1188
2026-04-08,U180,行銷部,資料匯入,109
2026-04-19,U569,行銷部,儀表板,1066
2026-04-06,U980,行銷部,使用者管理,1797
2026-04-19,U908,行銷部,報表匯出,85
2026-02-25,U878,業務部,報表匯出,1309
2026-03-12,U698,資訊部,儀表板,460
2026-02-17,U536,人資部,報表匯出,451
2026-03-17,U176,資訊部,報表匯出,215
2026-04-09,U990,資訊部,儀表板,849
2026-04-03,U325,業務部,報表匯出,589
2026-04-02,U560,行銷部,資料匯入,656
2026-04-03,U748,資訊部,報表匯出,856
2026-04-10,U585,業務部,儀表板,1569
2026-05-01,U314,行銷部,使用者管理,1740
2026-02-25,U826,資訊部,儀表板,1130
2026-03-07,U924,業務部,儀表板,817
2026-03-16,U212,資訊部,資料匯入,1117
2026-02-06,U368,資訊部,資料匯入,315
2026-02-22,U845,業務部,儀表板,1750
2026-03-04,U462,行銷部,使用者管理,1468
2026-04-01,U566,業務部,儀表板,717
2026-04-07,U592,人資部,儀表板,586
2026-03-15,U175,行銷部,報表匯出,1590
2026-03-12,U145,人資部,儀表板,294
2026-03-22,U384,資訊部,儀表板,1393
2026-02-24,U414,人資部,儀表板,1634
2026-03-30,U394,資訊部,儀表板,558
2026-05-01,U366,資訊部,報表匯出,1034
2026-03-27,U638,資訊部,資料匯入,1520
2026-02-25,U190,人資部,報表匯出,1100
2026-02-20,U778,業務部,儀表板,1110
2026-02-18,U892,業務部,資料匯入,22
2026-03-31,U309,行銷部,資料匯入,583
2026-03-25,U207,人資部,資料匯入,419
2026-03-02,U153,資訊部,儀表板,1193
2026-03-21,U797,業務部,報表匯出,1581
2026-04-11,U818,業務部,報表匯出,1590
2026-02-08,U285,人資部,儀表板,552
2026-04-14,U292,人資部,報表匯出,858
2026-02-16,U795,人資部,儀表板,1381
2026-03-22,U768,人資部,儀表板,1339
2026-04-23,U829,行銷部,資料匯入,1640
2026-02-21,U349,人資部,儀表板,1638
2026-04-20,U432,業務部,儀表板,312
2026-04-16,U850,資訊部,報表匯出,959
2026-03-12,U591,業務部,資料匯入,429
2026-02-26,U297,業務部,報表匯出,1195
2026-04-03,U557,人資部,報表匯出,737
2026-03-28,U958,業務部,報表匯出,547
2026-04-10,U400,資訊部,報表匯出,450
2026-02-20,U566,資訊部,報表匯出,1609
2026-03-18,U835,資訊部,報表匯出,378
2026-02-17,U802,資訊部,儀表板,258
2026-02-18,U520,業務部,儀表板,596
2026-03-26,U595,行銷部,使用者管理,799
2026-04-17,U709,人資部,報表匯出,1325
2026-02-17,U420,業務部,報表匯出,713
2026-02-25,U321,資訊部,報表匯出,315
2026-02-15,U245,人資部,儀表板,1017
2026-04-18,U366,資訊部,資料匯入,997
2026-03-30,U825,資訊部,儀表板,46
2026-03-01,U865,業務部,儀表板,666
2026-04-13,U883,資訊部,報表匯出,884
2026-02-16,U703,人資部,報表匯出,969
2026-02-19,U277,行銷部,系統設定,204
2026-02-18,U773,業務部,報表匯出,809
2026-04-23,U604,資訊部,儀表板,75
2026-02-05,U962,資訊部,儀表板,981
2026-04-03,U611,人資部,報表匯出,173
2026-03-29,U754,人資部,儀表板,778
2026-02-18,U381,行銷部,儀表板,836
2026-03-06,U244,業務部,報表匯出,123
2026-04-04,U861,業務部,使用者管理,301
2026-03-25,U796,人資部,儀表板,732
2026-04-15,U462,人資部,系統設定,1674
2026-03-27,U223,行銷部,報表匯出,946
2026-03-14,U963,資訊部,系統設定,1018
2026-02-05,U640,資訊部,資料匯入,314
2026-04-08,U110,業務部,報表匯出,1638
2026-03-06,U661,人資部,儀表板,1085
2026-03-15,U304,資訊部,儀表板,194
2026-04-09,U205,業務部,資料匯入,743
2026-03-09,U243,業務部,資料匯入,1750
2026-02-11,U471,人資部,儀表板,1386
2026-03-12,U567,資訊部,儀表板,449
2026-02-07,U996,行銷部,資料匯入,978
2026-03-26,U202,資訊部,報表匯出,741
2026-04-24,U313,行銷部,資料匯入,189
2026-02-25,U250,行銷部,資料匯入,1758
2026-02-17,U830,資訊部,資料匯入,1099
2026-02-06,U652,業務部,資料匯入,351
2026-03-10,U896,行銷部,儀表板,1627
2026-03-08,U511,人資部,儀表板,1108
2026-03-02,U308,業務部,儀表板,157
2026-04-07,U562,業務部,儀表板,89
2026-02-19,U701,業務部,儀表板,497
2026-02-07,U824,業務部,儀表板,236
2026-04-29,U972,業務部,系統設定,1514
2026-04-02,U811,資訊部,資料匯入,1074
2026-02-25,U926,業務部,儀表板,105
2026-04-20,U615,資訊部,資料匯入,194
2026-03-23,U343,行銷部,儀表板,1444
2026-02-24,U586,業務部,報表匯出,1006
2026-02-09,U124,資訊部,儀表板,545
2026-02-10,U427,業務部,報表匯出,638
2026-04-25,U194,資訊部,報表匯出,1685
2026-02-17,U398,人資部,儀表板,676
2026-04-11,U310,行銷部,儀表板,286
2026-05-01,U587,人資部,儀表板,794
2026-03-02,U104,資訊部,儀表板,235
2026-02-15,U537,行銷部,儀表板,492
2026-02-09,U641,資訊部,報表匯出,395
2026-02-03,U574,資訊部,儀表板,959
2026-03-06,U727,資訊部,報表匯出,1374
2026-02-20,U848,業務部,系統設定,910
2026-04-07,U175,人資部,報表匯出,726
2026-03-12,U676,業務部,資料匯入,617
2026-02-26,U342,資訊部,儀表板,1646
2026-03-08,U253,資訊部,報表匯出,1318
2026-02-06,U124,行銷部,報表匯出,426
2026-03-12,U390,業務部,報表匯出,1155
2026-04-12,U306,人資部,報表匯出,732
2026-03-18,U725,資訊部,儀表板,607
2026-03-07,U408,人資部,資料匯入,1365
2026-02-02,U600,業務部,報表匯出,205
2026-03-26,U664,資訊部,儀表板,1273
2026-02-12,U556,業務部,儀表板,619
2026-03-23,U474,資訊部,儀表板,417
2026-02-12,U953,業務部,儀表板,792
2026-04-24,U353,行銷部,報表匯出,510
2026-03-07,U680,人資部,報表匯出,119
2026-03-26,U879,人資部,儀表板,1173
2026-03-08,U527,業務部,報表匯出,1587
2026-02-27,U273,人資部,報表匯出,1161
2026-03-30,U623,人資部,報表匯出,560
2026-04-09,U994,行銷部,報表匯出,679
2026-04-16,U289,行銷部,儀表板,1069
2026-04-02,U765,資訊部,使用者管理,1586
2026-04-27,U345,行銷部,資料匯入,1778
2026-03-05,U675,業務部,儀表板,1077
2026-02-27,U387,行銷部,資料匯入,962
2026-03-01,U530,業務部,儀表板,1248
2026-03-02,U731,資訊部,報表匯出,1576
2026-02-23,U956,業務部,報表匯出,212
2026-02-16,U891,業務部,系統設定,284
2026-02-05,U926,資訊部,報表匯出,1434
2026-04-06,U818,人資部,儀表板,794
2026-03-05,U350,行銷部,系統設定,1417
2026-04-22,U633,人資部,系統設定,1424
2026-04-06,U526,人資部,系統設定,116
2026-04-06,U271,行銷部,報表匯出,1467
2026-04-09,U687,資訊部,儀表板,239
2026-04-10,U721,人資部,儀表板,274
2026-03-19,U749,業務部,儀表板,1634
2026-03-19,U928,人資部,儀表板,174
2026-02-21,U947,行銷部,報表匯出,356
2026-04-27,U976,行銷部,儀表板,552
2026-04-27,U114,資訊部,儀表板,657
2026-04-06,U590,行銷部,儀表板,1467
2026-04-20,U365,業務部,報表匯出,644
2026-04-02,U653,資訊部,儀表板,25
2026-02-09,U431,資訊部,資料匯入,1081
2026-04-05,U916,行銷部,系統設定,1776
2026-04-20,U206,資訊部,資料匯入,340
2026-03-23,U591,人資部,儀表板,555
2026-04-04,U477,資訊部,資料匯入,90
2026-02-28,U296,資訊部,報表匯出,708
2026-04-07,U721,業務部,儀表板,1175
2026-03-17,U575,人資部,報表匯出,254
2026-02-15,U494,業務部,使用者管理,1413
2026-04-18,U662,人資部,系統設定,907
2026-04-27,U534,資訊部,報表匯出,1381
2026-03-01,U301,資訊部,資料匯入,1452
2026-04-09,U777,資訊部,報表匯出,1495
2026-03-22,U635,人資部,儀表板,232
2026-02-18,U102,行銷部,資料匯入,1618
2026-02-24,U785,人資部,儀表板,1103
2026-04-19,U539,行銷部,儀表板,1730
2026-03-14,U469,行銷部,儀表板,143
2026-04-12,U427,行銷部,報表匯出,1449
2026-02-09,U895,人資部,報表匯出,37
2026-03-29,U843,業務部,資料匯入,67
2026-02-25,U730,人資部,儀表板,662
2026-03-06,U201,業務部,儀表板,1535
2026-03-15,U216,人資部,資料匯入,1466
2026-04-01,U630,業務部,儀表板,346
2026-02-14,U346,資訊部,儀表板,630
2026-02-09,U822,業務部,報表匯出,649
2026-02-12,U546,資訊部,報表匯出,645
2026-03-08,U890,業務部,報表匯出,92
2026-02-17,U930,業務部,報表匯出,520
2026-03-23,U181,業務部,儀表板,1205
2026-02-21,U778,人資部,資料匯入,1453
2026-02-12,U434,行銷部,儀表板,1486
2026-02-16,U606,資訊部,系統設定,1784
2026-03-24,U636,業務部,報表匯出,1631
2026-04-13,U574,業務部,報表匯出,876
2026-03-27,U271,行銷部,使用者管理,1027
2026-03-05,U190,行銷部,儀表板,597
2026-03-04,U917,資訊部,資料匯入,1289
2026-04-27,U600,資訊部,儀表板,1725
2026-02-11,U821,行銷部,儀表板,1269
2026-02-10,U984,人資部,儀表板,999
2026-03-15,U553,行銷部,資料匯入,1099
2026-02-01,U502,人資部,報表匯出,1723
2026-04-20,U840,資訊部,儀表板,212
2026-03-28,U960,資訊部,報表匯出,239
2026-03-01,U525,人資部,報表匯出,346
2026-03-25,U280,人資部,系統設定,843
2026-03-18,U522,人資部,資料匯入,61
2026-02-27,U234,業務部,報表匯出,975
2026-03-20,U162,行銷部,報表匯出,874
2026-03-27,U647,業務部,儀表板,360
2026-03-10,U476,行銷部,儀表板,755
2026-02-23,U635,資訊部,儀表板,549
2026-02-07,U195,人資部,資料匯入,1042
2026-05-01,U769,行銷部,報表匯出,671
2026-03-26,U911,行銷部,資料匯入,1088
2026-02-04,U875,資訊部,儀表板,601
2026-04-27,U291,人資部,報表匯出,1193
2026-04-12,U358,人資部,儀表板,450
2026-03-08,U234,行銷部,報表匯出,1713
2026-03-11,U892,行銷部,資料匯入,934
2026-02-26,U919,業務部,報表匯出,731
2026-03-29,U250,行銷部,使用者管理,1509
2026-02-04,U974,資訊部,儀表板,1381
2026-04-18,U222,行銷部,資料匯入,1471
2026-03-30,U580,業務部,使用者管理,757
2026-03-14,U248,業務部,使用者管理,74
2026-03-16,U474,行銷部,報表匯出,1027
2026-03-03,U578,業務部,資料匯入,1484
2026-03-29,U754,人資部,報表匯出,226
2026-04-19,U759,資訊部,資料匯入,144
2026-04-05,U979,資訊部,儀表板,741
2026-03-06,U767,業務部,資料匯入,749
2026-04-14,U128,行銷部,儀表板,377
2026-02-25,U357,行銷部,資料匯入,1304
2026-03-24,U438,人資部,儀表板,1777
2026-04-28,U367,業務部,系統設定,328
2026-04-09,U517,資訊部,儀表板,891
2026-02-19,U592,人資部,儀表板,45
2026-04-13,U436,資訊部,系統設定,1390
2026-03-07,U751,資訊部,資料匯入,416
2026-03-26,U103,資訊部,報表匯出,1187
2026-02-02,U307,資訊部,儀表板,1660
2026-03-09,U798,行銷部,資料匯入,1671
2026-03-19,U953,資訊部,資料匯入,1238
2026-02-05,U894,業務部,報表匯出,179
2026-02-13,U984,人資部,報表匯出,803
2026-03-23,U147,業務部,使用者管理,746
2026-04-07,U232,資訊部,儀表板,869
2026-03-27,U376,人資部,儀表板,1183
2026-02-23,U257,業務部,資料匯入,1355
2026-03-07,U792,業務部,報表匯出,1118
2026-02-26,U261,業務部,儀表板,224
2026-04-23,U892,業務部,資料匯入,611
2026-03-09,U107,人資部,報表匯出,791
2026-03-14,U122,資訊部,報表匯出,807
2026-03-25,U789,行銷部,報表匯出,212
2026-04-04,U850,資訊部,報表匯出,1475
2026-02-22,U284,人資部,報表匯出,75
2026-03-27,U491,資訊部,資料匯入,857
2026-04-01,U792,人資部,報表匯出,971
2026-02-09,U660,行銷部,使用者管理,1227
2026-02-04,U153,行銷部,資料匯入,1167
2026-04-06,U213,資訊部,儀表板,330
2026-02-23,U641,行銷部,報表匯出,1773
2026-02-17,U664,行銷部,儀表板,1022
2026-03-20,U449,資訊部,儀表板,135
2026-02-18,U772,人資部,儀表板,291
2026-03-01,U317,人資部,報表匯出,461
2026-02-09,U720,業務部,資料匯入,556
2026-03-04,U139,行銷部,報表匯出,962
2026-04-06,U638,業務部,儀表板,1608
2026-04-27,U827,人資部,報表匯出,1314
2026-04-15,U810,資訊部,報表匯出,521
2026-02-27,U971,行銷部,儀表板,1171
2026-03-01,U457,資訊部,報表匯出,1698
2026-02-25,U598,資訊部,儀表板,1065
2026-03-15,U813,業務部,資料匯入,146
2026-02-16,U110,人資部,資料匯入,1150
2026-03-09,U822,業務部,報表匯出,252
2026-03-26,U762,人資部,報表匯出,1506
2026-02-27,U814,業務部,儀表板,395
2026-04-26,U721,行銷部,報表匯出,740
2026-02-28,U953,業務部,使用者管理,765
2026-03-18,U487,人資部,報表匯出,504
2026-04-20,U879,人資部,報表匯出,1513
2026-04-08,U195,人資部,儀表板,842
2026-02-16,U480,資訊部,儀表板,781
2026-03-22,U805,資訊部,報表匯出,149
2026-02-12,U417,業務部,系統設定,185
2026-02-27,U553,資訊部,資料匯入,1135
2026-02-15,U745,行銷部,儀表板,872
2026-04-25,U291,資訊部,儀表板,787
2026-03-13,U343,資訊部,系統設定,914
2026-02-13,U488,行銷部,報表匯出,647
2026-04-08,U323,人資部,儀表板,1325
2026-03-09,U907,資訊部,儀表板,802
2026-04-09,U581,人資部,系統設定,490
2026-03-17,U211,人資部,資料匯入,447
2026-03-03,U838,資訊部,儀表板,1624
2026-02-22,U844,資訊部,儀表板,254
2026-03-08,U227,人資部,儀表板,1598
2026-02-15,U887,行銷部,資料匯入,448
2026-04-25,U910,行銷部,儀表板,429
2026-04-14,U599,人資部,儀表板,476
2026-03-29,U491,業務部,儀表板,1415
2026-02-10,U654,資訊部,報表匯出,433
2026-02-12,U207,業務部,報表匯出,812
2026-02-27,U648,資訊部,儀表板,48
2026-04-12,U214,行銷部,儀表板,917
2026-03-11,U872,資訊部,使用者管理,1235
2026-03-18,U137,人資部,報表匯出,48
2026-04-27,U382,行銷部,報表匯出,1582
2026-03-11,U950,資訊部,報表匯出,931
2026-04-20,U985,人資部,報表匯出,456
2026-02-04,U407,業務部,儀表板,23
2026-04-07,U675,業務部,儀表板,568
2026-02-11,U383,人資部,報表匯出,1776
2026-02-11,U523,人資部,儀表板,1656
2026-03-22,U774,業務部,儀表板,1039
2026-02-23,U710,資訊部,儀表板,1078
2026-03-31,U774,業務部,資料匯入,178
2026-04-26,U709,資訊部,儀表板,501
2026-04-28,U532,業務部,儀表板,1119
2026-02-23,U778,資訊部,報表匯出,739
2026-04-17,U829,人資部,報表匯出,1782
2026-02-27,U482,行銷部,資料匯入,1571
2026-02-11,U526,業務部,報表匯出,1783
2026-03-25,U130,資訊部,使用者管理,440
2026-03-07,U538,業務部,儀表板,735
2026-03-23,U532,人資部,報表匯出,107
2026-03-09,U707,資訊部,報表匯出,1089
2026-02-13,U802,業務部,資料匯入,895
2026-04-06,U429,行銷部,報表匯出,749
2026-02-12,U654,業務部,報表匯出,970
2026-04-27,U695,業務部,報表匯出,1154
2026-02-16,U634,資訊部,資料匯入,329
2026-03-13,U659,資訊部,儀表板,1692
2026-02-07,U809,行銷部,系統設定,1256
2026-04-17,U264,行銷部,系統設定,814
2026-03-17,U316,資訊部,資料匯入,1318
2026-02-07,U414,人資部,使用者管理,850
2026-04-25,U356,行銷部,系統設定,268
2026-04-27,U293,人資部,儀表板,85
2026-03-05,U876,資訊部,儀表板,1596
2026-03-28,U200,業務部,儀表板,1370
2026-03-31,U849,人資部,儀表板,762
2026-02-24,U698,行銷部,儀表板,262
2026-04-18,U850,人資部,資料匯入,766
2026-02-14,U751,人資部,報表匯出,123
2026-04-20,U410,人資部,報表匯出,1793
2026-03-04,U775,行銷部,報表匯出,440
2026-04-10,U682,資訊部,報表匯出,735
2026-03-20,U302,人資部,報表匯出,1026
2026-02-25,U830,資訊部,儀表板,733
2026-03-19,U873,行銷部,資料匯入,1108
2026-04-19,U504,行銷部,使用者管理,246
2026-03-30,U391,人資部,儀表板,1756
2026-03-12,U654,人資部,報表匯出,187
2026-02-25,U751,業務部,報表匯出,1561
2026-03-17,U163,行銷部,資料匯入,1228
2026-02-15,U278,資訊部,資料匯入,986
2026-02-01,U917,行銷部,系統設定,1235
2026-02-24,U130,人資部,儀表板,36
2026-04-15,U315,人資部,報表匯出,1136
2026-03-09,U459,行銷部,資料匯入,1592
2026-04-08,U810,資訊部,資料匯入,1164
2026-03-20,U798,人資部,資料匯入,1713
2026-04-21,U629,業務部,使用者管理,1050
2026-02-22,U218,資訊部,報表匯出,990
2026-02-24,U463,業務部,儀表板,1595
2026-05-01,U307,人資部,儀表板,404
2026-03-21,U873,資訊部,儀表板,328
2026-03-31,U492,業務部,系統設定,1144
2026-03-14,U120,人資部,資料匯入,93
2026-03-19,U928,行銷部,儀表板,1015
2026-04-08,U280,人資部,報表匯出,1143
2026-04-25,U983,行銷部,報表匯出,394
2026-02-10,U650,行銷部,儀表板,714
2026-03-31,U287,行銷部,儀表板,1517
2026-02-08,U339,行銷部,資料匯入,636
2026-05-01,U838,資訊部,報表匯出,290
2026-02-12,U259,資訊部,資料匯入,1591
2026-03-06,U266,業務部,系統設定,921
2026-04-10,U100,業務部,儀表板,1626
2026-04-23,U496,業務部,使用者管理,1331
2026-02-08,U774,人資部,資料匯入,1478
2026-04-15,U550,資訊部,資料匯入,652
2026-04-23,U859,業務部,報表匯出,905
2026-03-26,U942,人資部,儀表板,146
2026-02-21,U594,人資部,儀表板,1709
2026-02-13,U888,業務部,儀表板,1296
2026-04-20,U812,資訊部,報表匯出,1347
2026-02-07,U368,業務部,儀表板,1132
2026-02-24,U550,行銷部,儀表板,618
2026-04-07,U328,行銷部,資料匯入,1442
2026-04-23,U573,行銷部,儀表板,1612
2026-04-07,U227,人資部,報表匯出,1464
2026-03-08,U919,人資部,報表匯出,354
2026-02-13,U131,人資部,報表匯出,1008
2026-02-01,U206,人資部,使用者管理,543
2026-04-17,U448,人資部,資料匯入,122
2026-02-03,U985,資訊部,報表匯出,1340
2026-03-27,U969,人資部,儀表板,759
2026-03-02,U894,人資部,儀表板,176
2026-03-24,U115,業務部,報表匯出,930
2026-04-22,U121,人資部,報表匯出,1580
2026-02-18,U687,業務部,儀表板,110
2026-04-02,U918,業務部,報表匯出,343
2026-02-23,U533,資訊部,報表匯出,1495
2026-02-16,U471,資訊部,資料匯入,578
2026-04-08,U986,行銷部,報表匯出,1371
2026-02-15,U645,行銷部,資料匯入,290
2026-04-06,U959,人資部,儀表板,225
2026-04-01,U798,業務部,儀表板,500
2026-03-04,U902,行銷部,儀表板,722
2026-03-22,U312,行銷部,報表匯出,1202
2026-03-12,U282,資訊部,資料匯入,453
2026-03-17,U785,資訊部,報表匯出,1639
2026-04-11,U172,業務部,資料匯入,539
2026-03-30,U186,行銷部,報表匯出,915
2026-04-12,U424,人資部,儀表板,443
2026-04-26,U552,資訊部,資料匯入,1619
2026-02-03,U343,資訊部,儀表板,233
2026-04-29,U890,業務部,報表匯出,162
2026-03-07,U261,人資部,儀表板,953
2026-02-26,U443,人資部,儀表板,138
2026-02-03,U364,業務部,報表匯出,799
2026-04-13,U584,資訊部,儀表板,1399
2026-03-09,U326,人資部,資料匯入,1570
2026-04-19,U784,行銷部,儀表板,1219
2026-03-15,U273,資訊部,儀表板,622
2026-03-02,U546,資訊部,資料匯入,51
2026-03-01,U653,行銷部,儀表板,1362
2026-03-29,U976,資訊部,儀表板,142
2026-04-17,U509,業務部,儀表板,248
2026-02-12,U934,人資部,儀表板,715
2026-03-05,U555,行銷部,儀表板,734
2026-03-26,U325,人資部,報表匯出,685
2026-04-17,U672,資訊部,報表匯出,966
2026-03-23,U334,人資部,儀表板,1168
2026-02-24,U102,業務部,資料匯入,163
2026-02-18,U982,資訊部,使用者管理,599
2026-02-20,U175,人資部,報表匯出,192
2026-04-08,U882,業務部,使用者管理,929
2026-03-16,U482,行銷部,儀表板,1582
2026-04-10,U116,人資部,報表匯出,867
2026-03-09,U971,人資部,報表匯出,713
2026-03-06,U712,業務部,儀表板,104
2026-02-22,U369,行銷部,儀表板,954
2026-03-21,U827,人資部,儀表板,1496
2026-04-09,U797,人資部,報表匯出,1651
2026-04-18,U354,人資部,資料匯入,1338
2026-03-06,U133,行銷部,報表匯出,1683
2026-04-29,U172,行銷部,儀表板,1107
2026-02-12,U162,業務部,儀表板,1708
2026-02-17,U202,業務部,報表匯出,676
2026-03-02,U981,人資部,儀表板,989
2026-03-18,U250,資訊部,資料匯入,495
2026-04-19,U498,業務部,儀表板,887
2026-04-26,U204,人資部,報表匯出,734
2026-04-05,U547,人資部,報表匯出,1663
2026-04-25,U464,資訊部,儀表板,1525
2026-02-10,U161,行銷部,系統設定,275
2026-03-16,U686,業務部,資料匯入,481
2026-02-18,U359,業務部,儀表板,167
2026-02-13,U657,資訊部,儀表板,1125
2026-02-12,U488,行銷部,儀表板,857
2026-02-26,U907,行銷部,報表匯出,74
2026-03-09,U279,人資部,儀表板,1535
2026-04-09,U674,人資部,報表匯出,1619
2026-03-17,U433,業務部,使用者管理,1562
2026-04-21,U201,行銷部,儀表板,212
2026-02-09,U130,行銷部,儀表板,691
2026-03-24,U723,人資部,儀表板,1024
2026-02-14,U835,行銷部,報表匯出,1106
2026-03-05,U179,資訊部,資料匯入,1024
2026-03-25,U911,資訊部,資料匯入,1224
2026-04-21,U843,人資部,資料匯入,1082
2026-04-25,U764,人資部,儀表板,517
2026-03-11,U537,資訊部,儀表板,824
2026-04-08,U205,資訊部,報表匯出,122
2026-03-05,U272,人資部,資料匯入,1030
2026-02-08,U730,人資部,儀表板,1567
2026-04-03,U920,業務部,報表匯出,556
2026-03-29,U851,業務部,報表匯出,1327
2026-04-15,U855,業務部,儀表板,535
2026-04-26,U554,業務部,資料匯入,71
2026-03-27,U398,人資部,報表匯出,608
2026-02-22,U333,業務部,報表匯出,1273
2026-03-23,U356,資訊部,報表匯出,1435
2026-04-06,U140,人資部,使用者管理,504
2026-03-07,U753,行銷部,儀表板,487
2026-03-21,U454,資訊部,資料匯入,1321
2026-04-20,U354,資訊部,儀表板,912
2026-03-05,U445,人資部,資料匯入,1370
2026-02-20,U998,資訊部,系統設定,1343
2026-03-06,U375,人資部,儀表板,143
2026-03-12,U947,資訊部,使用者管理,296
2026-03-16,U901,資訊部,資料匯入,1609
2026-02-22,U721,資訊部,儀表板,176
2026-02-12,U227,資訊部,報表匯出,260
2026-04-13,U735,人資部,儀表板,706
2026-03-26,U455,人資部,報表匯出,622
2026-02-01,U134,資訊部,儀表板,195
2026-04-03,U447,行銷部,儀表板,1385
2026-03-03,U381,資訊部,系統設定,1179
2026-04-24,U156,資訊部,報表匯出,1370
2026-03-15,U756,行銷部,使用者管理,1410
2026-03-08,U114,業務部,報表匯出,743
2026-03-22,U788,業務部,儀表板,1169
2026-03-11,U331,人資部,儀表板,1729
2026-03-01,U761,資訊部,報表匯出,1736
2026-04-18,U779,資訊部,報表匯出,173
2026-02-14,U880,人資部,儀表板,1472
2026-03-29,U732,業務部,儀表板,1349
2026-04-30,U126,業務部,系統設定,302
2026-04-19,U103,人資部,儀表板,466
2026-03-02,U239,人資部,儀表板,442
2026-02-28,U709,人資部,資料匯入,1367
2026-03-28,U689,行銷部,報表匯出,1343
2026-04-15,U303,業務部,報表匯出,1508
2026-04-17,U630,行銷部,系統設定,116
2026-02-17,U707,人資部,儀表板,1706
2026-02-21,U998,人資部,報表匯出,72
2026-04-29,U733,資訊部,儀表板,190
2026-02-12,U674,業務部,報表匯出,719
2026-04-23,U822,業務部,儀表板,278
2026-04-18,U358,資訊部,儀表板,507
2026-04-05,U325,業務部,儀表板,1613
2026-04-26,U383,資訊部,儀表板,555
2026-03-10,U547,業務部,報表匯出,871
2026-02-09,U689,人資部,資料匯入,1599
2026-04-05,U365,業務部,報表匯出,795
2026-02-03,U832,行銷部,儀表板,769
2026-04-02,U777,資訊部,報表匯出,1024
2026-04-08,U890,行銷部,報表匯出,1791
2026-03-26,U299,資訊部,資料匯入,510
2026-02-16,U663,資訊部,儀表板,966
2026-03-07,U639,業務部,資料匯入,1474
2026-03-27,U556,業務部,報表匯出,645
2026-03-23,U829,人資部,儀表板,1068
2026-02-20,U599,人資部,報表匯出,286
2026-03-19,U170,業務部,報表匯出,1480
2026-04-21,U775,業務部,資料匯入,556
2026-04-21,U550,資訊部,資料匯入,765
2026-04-20,U910,資訊部,儀表板,816
2026-02-13,U574,人資部,儀表板,853
2026-04-09,U130,行銷部,資料匯入,1175
2026-03-14,U402,業務部,使用者管理,1117
2026-04-10,U382,業務部,儀表板,73
2026-03-25,U945,業務部,儀表板,457
2026-02-05,U528,資訊部,儀表板,565
2026-02-13,U103,行銷部,系統設定,691
2026-02-17,U593,人資部,資料匯入,1566
2026-02-08,U101,業務部,報表匯出,1007
2026-04-21,U898,人資部,資料匯入,1800
2026-02-13,U181,行銷部,報表匯出,215
2026-02-24,U607,行銷部,儀表板,1322
2026-02-26,U106,業務部,儀表板,1052
2026-04-23,U566,行銷部,報表匯出,1570
2026-04-08,U303,資訊部,資料匯入,141
2026-02-07,U502,行銷部,報表匯出,490
2026-04-25,U268,行銷部,報表匯出,282
2026-02-13,U409,業務部,儀表板,1378
2026-02-02,U514,業務部,使用者管理,944
2026-02-19,U746,人資部,報表匯出,45
2026-04-21,U428,業務部,報表匯出,1114
2026-04-11,U203,人資部,儀表板,111
2026-03-29,U935,資訊部,儀表板,1369
2026-04-28,U688,人資部,報表匯出,1354
2026-03-10,U519,業務部,儀表板,11
2026-04-02,U692,資訊部,儀表板,682
2026-03-16,U202,資訊部,報表匯出,1025
2026-02-03,U270,行銷部,報表匯出,1296
2026-02-14,U917,行銷部,報表匯出,89
2026-02-02,U416,資訊部,報表匯出,368
2026-02-25,U553,業務部,資料匯入,716
2026-03-04,U774,行銷部,報表匯出,531
2026-02-20,U494,業務部,資料匯入,482
2026-02-02,U956,行銷部,儀表板,204
2026-04-05,U552,人資部,儀表板,262
2026-03-30,U430,資訊部,系統設定,1347
2026-03-31,U598,人資部,使用者管理,1056
2026-04-03,U113,業務部,資料匯入,937
2026-04-07,U270,資訊部,資料匯入,1110
2026-04-17,U444,業務部,儀表板,966
2026-02-25,U968,人資部,報表匯出,224
2026-02-25,U764,業務部,報表匯出,469
2026-04-18,U908,行銷部,資料匯入,996
2026-02-07,U866,行銷部,儀表板,1759
2026-03-23,U149,業務部,資料匯入,775
2026-04-20,U688,業務部,報表匯出,1270
2026-04-21,U868,業務部,報表匯出,1595
2026-03-27,U914,人資部,儀表板,972
2026-04-27,U173,業務部,資料匯入,670
2026-03-16,U974,行銷部,資料匯入,1692
2026-03-03,U461,人資部,使用者管理,1800
2026-04-11,U777,人資部,報表匯出,1410
2026-04-11,U798,人資部,報表匯出,1044
2026-02-21,U236,資訊部,儀表板,1054
2026-02-02,U220,人資部,報表匯出,395
2026-03-31,U857,人資部,報表匯出,41
2026-04-25,U457,行銷部,使用者管理,467
2026-04-21,U257,人資部,資料匯入,1450
2026-03-03,U427,資訊部,使用者管理,526
2026-02-06,U474,業務部,儀表板,677
2026-04-06,U359,行銷部,儀表板,634
2026-03-29,U149,資訊部,儀表板,374
2026-04-18,U944,業務部,報表匯出,1200
2026-02-12,U569,行銷部,儀表板,435
2026-03-26,U165,業務部,儀表板,928
2026-04-13,U214,業務部,資料匯入,1209
2026-03-16,U867,資訊部,報表匯出,411
2026-04-02,U239,行銷部,資料匯入,1530
2026-03-27,U509,業務部,資料匯入,1029
2026-03-16,U666,行銷部,儀表板,437
2026-02-01,U202,行銷部,報表匯出,1581
2026-02-23,U519,行銷部,資料匯入,1760
2026-02-18,U374,人資部,資料匯入,1710
2026-02-22,U606,人資部,報表匯出,813
2026-02-06,U316,人資部,報表匯出,352
2026-04-24,U555,行銷部,報表匯出,1215
2026-04-09,U181,人資部,儀表板,517
2026-03-08,U518,行銷部,儀表板,653
2026-04-22,U527,資訊部,報表匯出,93
2026-02-08,U597,業務部,儀表板,1447
2026-04-13,U371,人資部,資料匯入,1565
2026-04-23,U823,業務部,資料匯入,1582
2026-04-16,U635,資訊部,報表匯出,558
2026-04-22,U496,業務部,儀表板,639
2026-03-04,U602,業務部,資料匯入,1429
2026-02-21,U599,資訊部,儀表板,464
2026-03-04,U861,資訊部,系統設定,187
2026-04-21,U518,資訊部,儀表板,730
2026-03-05,U243,人資部,報表匯出,1001
2026-04-01,U455,業務部,使用者管理,288
2026-02-05,U480,業務部,資料匯入,1756
2026-03-01,U590,資訊部,儀表板,171
2026-02-26,U393,業務部,儀表板,991
2026-04-02,U855,人資部,報表匯出,817
2026-04-12,U452,資訊部,報表匯出,393
2026-04-28,U970,資訊部,報表匯出,282
2026-02-19,U428,人資部,使用者管理,885
2026-04-07,U180,資訊部,儀表板,927
2026-03-30,U893,資訊部,報表匯出,238
2026-02-21,U643,業務部,報表匯出,607
2026-02-18,U997,資訊部,報表匯出,728
2026-02-10,U402,資訊部,儀表板,214
2026-02-18,U234,行銷部,儀表板,467
2026-04-03,U754,業務部,報表匯出,1644
2026-04-08,U477,人資部,儀表板,1028
2026-03-11,U797,人資部,儀表板,447
2026-02-10,U335,資訊部,儀表板,1067
2026-02-01,U633,人資部,報表匯出,1206
2026-02-26,U147,人資部,儀表板,823
2026-03-23,U629,行銷部,資料匯入,1684
2026-03-20,U352,業務部,報表匯出,1242
2026-02-24,U371,行銷部,報表匯出,1400
2026-02-12,U768,行銷部,儀表板,38
2026-02-18,U739,業務部,儀表板,445
2026-04-08,U596,人資部,系統設定,425
2026-04-16,U818,行銷部,報表匯出,622
2026-03-22,U224,人資部,使用者管理,1286
2026-03-21,U741,資訊部,儀表板,829
2026-02-27,U440,人資部,資料匯入,744
2026-02-11,U318,資訊部,報表匯出,67
2026-02-11,U973,行銷部,報表匯出,43
2026-03-07,U225,行銷部,儀表板,315
2026-04-20,U323,資訊部,報表匯出,399
2026-02-09,U791,資訊部,資料匯入,1528
2026-04-19,U397,資訊部,儀表板,920
2026-02-16,U991,資訊部,資料匯入,1303
2026-03-09,U863,資訊部,報表匯出,281
2026-03-02,U285,人資部,資料匯入,217
2026-02-05,U634,行銷部,儀表板,645
2026-04-28,U952,人資部,儀表板,1163
2026-02-19,U288,人資部,報表匯出,1482
2026-03-14,U967,人資部,使用者管理,472
2026-03-30,U477,人資部,儀表板,620
2026-04-02,U395,行銷部,報表匯出,874
2026-03-02,U310,人資部,儀表板,1022
2026-04-15,U391,資訊部,使用者管理,510
2026-02-18,U865,資訊部,儀表板,1782
2026-04-20,U264,行銷部,儀表板,764
2026-03-13,U709,行銷部,儀表板,427
2026-04-10,U388,業務部,儀表板,1658
2026-03-26,U737,行銷部,儀表板,191
2026-03-11,U632,資訊部,儀表板,1470
2026-02-22,U443,行銷部,儀表板,705
2026-03-04,U719,業務部,報表匯出,1717
2026-04-13,U121,人資部,資料匯入,467
2026-02-21,U442,人資部,儀表板,527
2026-04-09,U351,人資部,儀表板,1466
2026-02-11,U479,行銷部,資料匯入,1679
2026-04-12,U567,資訊部,儀表板,1644
2026-03-20,U836,資訊部,儀表板,989
2026-02-27,U892,業務部,儀表板,1009
2026-02-08,U447,人資部,資料匯入,302
2026-02-13,U674,業務部,儀表板,1105
2026-04-29,U625,業務部,資料匯入,221
2026-04-11,U958,業務部,儀表板,1088
2026-02-02,U484,業務部,儀表板,946
2026-02-15,U895,人資部,報表匯出,500
2026-03-02,U751,人資部,儀表板,497
2026-03-20,U678,人資部,儀表板,272
2026-03-07,U457,人資部,資料匯入,1020
2026-02-24,U616,資訊部,使用者管理,1700
2026-04-27,U955,人資部,報表匯出,1215
2026-03-03,U531,資訊部,使用者管理,409
2026-04-21,U985,人資部,儀表板,207
2026-04-01,U161,人資部,資料匯入,1281
2026-02-11,U801,人資部,使用者管理,266
2026-02-20,U426,行銷部,儀表板,1072
2026-04-25,U258,業務部,儀表板,1251
2026-02-16,U826,資訊部,儀表板,1632
2026-02-27,U879,業務部,資料匯入,874
2026-02-06,U373,資訊部,儀表板,763
2026-02-28,U809,行銷部,儀表板,1653
2026-04-23,U721,行銷部,資料匯入,1199
2026-04-14,U884,行銷部,報表匯出,1489
2026-04-02,U884,人資部,報表匯出,1689
2026-03-24,U105,人資部,使用者管理,1136
2026-02-18,U547,行銷部,儀表板,1059
2026-04-30,U457,行銷部,報表匯出,197
2026-02-18,U117,人資部,報表匯出,172
2026-02-23,U513,行銷部,儀表板,578
2026-04-16,U128,業務部,系統設定,1522
2026-02-10,U384,人資部,報表匯出,978
2026-03-29,U892,人資部,儀表板,907
2026-04-04,U379,資訊部,儀表板,1040
2026-02-14,U159,人資部,系統設定,152
2026-03-11,U203,人資部,儀表板,742
2026-03-14,U332,業務部,報表匯出,1179
2026-04-24,U796,人資部,系統設定,364
2026-02-13,U929,人資部,儀表板,1734
2026-04-10,U244,資訊部,儀表板,327
2026-04-08,U163,業務部,儀表板,1769
2026-03-18,U193,業務部,報表匯出,749
2026-03-26,U359,資訊部,儀表板,45
2026-04-14,U514,人資部,報表匯出,333
2026-03-08,U694,行銷部,儀表板,801
2026-03-03,U551,人資部,使用者管理,1787
2026-03-13,U706,業務部,資料匯入,565
2026-02-16,U868,人資部,使用者管理,1042
2026-03-26,U279,行銷部,儀表板,365
2026-03-24,U955,人資部,資料匯入,1518
2026-02-18,U905,資訊部,報表匯出,101
2026-02-08,U990,業務部,報表匯出,849
2026-04-14,U509,資訊部,資料匯入,61
2026-03-19,U115,資訊部,使用者管理,1444
2026-03-04,U382,行銷部,報表匯出,619
2026-03-30,U894,行銷部,儀表板,1026
2026-02-05,U624,人資部,報表匯出,1388
2026-03-21,U808,資訊部,報表匯出,1213
2026-02-24,U522,行銷部,儀表板,1798
2026-03-31,U515,資訊部,儀表板,1268
2026-04-21,U517,人資部,儀表板,936
2026-04-04,U491,資訊部,儀表板,1633
2026-02-04,U706,行銷部,儀表板,560
2026-03-29,U783,資訊部,儀表板,826
2026-04-16,U800,資訊部,使用者管理,1088
2026-04-11,U207,業務部,儀表板,158
2026-02-04,U125,行銷部,儀表板,792
2026-05-01,U503,業務部,儀表板,701
2026-04-25,U621,行銷部,報表匯出,923
2026-04-18,U827,行銷部,資料匯入,305
2026-02-07,U799,資訊部,報表匯出,701
2026-04-11,U881,行銷部,資料匯入,411
2026-02-10,U682,資訊部,報表匯出,654
2026-03-14,U171,資訊部,報表匯出,315
2026-02-21,U364,人資部,報表匯出,630
2026-02-14,U158,行銷部,報表匯出,1778
2026-03-23,U854,資訊部,儀表板,404
2026-04-10,U751,資訊部,儀表板,1549
2026-03-12,U962,資訊部,資料匯入,913
2026-02-26,U227,人資部,儀表板,1777
2026-02-26,U424,業務部,報表匯出,644
2026-02-25,U916,資訊部,資料匯入,436
2026-02-26,U325,業務部,報表匯出,858
2026-03-11,U751,資訊部,資料匯入,270
2026-04-21,U715,資訊部,使用者管理,610
2026-04-24,U264,行銷部,儀表板,934
2026-03-02,U440,行銷部,儀表板,265
2026-03-09,U500,業務部,報表匯出,689
2026-03-24,U392,人資部,資料匯入,978
2026-02-11,U677,業務部,系統設定,331
2026-02-08,U214,行銷部,使用者管理,621
2026-02-01,U807,行銷部,儀表板,962
2026-02-15,U728,行銷部,儀表板,1340
2026-04-13,U983,資訊部,使用者管理,261
2026-04-12,U763,人資部,報表匯出,1335
2026-02-10,U548,業務部,資料匯入,280
2026-04-27,U308,人資部,資料匯入,1399
2026-03-27,U443,人資部,資料匯入,1011
2026-04-21,U813,資訊部,報表匯出,1231
2026-02-12,U610,行銷部,儀表板,1579
2026-04-16,U904,業務部,儀表板,783
2026-03-04,U917,資訊部,使用者管理,1032
2026-03-06,U763,業務部,報表匯出,725
2026-04-24,U689,業務部,使用者管理,174
2026-02-09,U449,人資部,儀表板,1305
2026-04-05,U309,行銷部,報表匯出,1094
2026-04-19,U170,資訊部,使用者管理,1090
2026-02-03,U825,業務部,儀表板,1656
2026-04-16,U657,行銷部,儀表板,257
2026-04-16,U860,業務部,資料匯入,40
2026-04-25,U890,資訊部,儀表板,906
2026-04-23,U730,資訊部,報表匯出,1413
2026-03-20,U199,業務部,儀表板,1389
2026-02-21,U713,人資部,儀表板,457
2026-04-25,U954,行銷部,資料匯入,1546
2026-04-13,U811,資訊部,儀表板,1458
2026-03-12,U424,資訊部,報表匯出,1258
2026-04-13,U926,業務部,資料匯入,976
2026-03-01,U201,行銷部,儀表板,617
2026-03-09,U772,人資部,報表匯出,322
2026-03-23,U839,資訊部,報表匯出,167
2026-04-24,U951,人資部,儀表板,1616
2026-02-17,U413,人資部,儀表板,1321
2026-02-07,U359,業務部,儀表板,366
2026-02-25,U763,人資部,報表匯出,1720
2026-03-30,U724,人資部,儀表板,1199
2026-03-22,U921,業務部,儀表板,1518
2026-03-25,U403,行銷部,報表匯出,1455
2026-04-28,U513,業務部,系統設定,1082
2026-02-15,U508,行銷部,報表匯出,1561
2026-04-14,U423,資訊部,儀表板,1365
2026-03-20,U280,資訊部,儀表板,1075
2026-03-12,U127,人資部,報表匯出,159
2026-03-23,U792,資訊部,儀表板,808
2026-03-16,U434,業務部,儀表板,301
2026-03-17,U983,人資部,儀表板,1189
2026-02-01,U459,行銷部,資料匯入,72
2026-03-06,U199,人資部,報表匯出,1677
2026-02-01,U918,業務部,報表匯出,210
2026-03-25,U417,資訊部,儀表板,1254
2026-02-19,U304,業務部,系統設定,802
2026-03-31,U177,人資部,儀表板,490
2026-03-12,U894,資訊部,報表匯出,868
2026-02-17,U588,行銷部,資料匯入,1445
2026-04-30,U361,行銷部,報表匯出,961
2026-02-13,U759,人資部,報表匯出,1240
2026-03-12,U927,人資部,報表匯出,1682
2026-02-06,U987,人資部,資料匯入,1226
2026-04-23,U189,行銷部,儀表板,605
2026-04-08,U438,行銷部,資料匯入,537
2026-04-11,U204,資訊部,報表匯出,484
